
Using random_state=1 for training
/home/ggx/software/anaconda3/lib/python3.10/site-packages/sklearn/model_selection/_validation.py:540: FitFailedWarning: 
20 fits failed out of a total of 100.
The score on these train-test partitions for these parameters will be set to nan.
If these failures are not expected, you can try to debug them by setting error_score='raise'.

Below are more details about the failures:
--------------------------------------------------------------------------------
20 fits failed with the following error:
Traceback (most recent call last):
  File "/home/ggx/software/anaconda3/lib/python3.10/site-packages/sklearn/model_selection/_validation.py", line 888, in _fit_and_score
    estimator.fit(X_train, y_train, **fit_params)
  File "/home/ggx/software/anaconda3/lib/python3.10/site-packages/sklearn/base.py", line 1466, in wrapper
    estimator._validate_params()
  File "/home/ggx/software/anaconda3/lib/python3.10/site-packages/sklearn/base.py", line 666, in _validate_params
    validate_parameter_constraints(
  File "/home/ggx/software/anaconda3/lib/python3.10/site-packages/sklearn/utils/_param_validation.py", line 95, in validate_parameter_constraints
    raise InvalidParameterError(
sklearn.utils._param_validation.InvalidParameterError: The 'min_samples_split' parameter of GradientBoostingRegressor must be an int in the range [2, inf) or a float in the range (0.0, 1.0]. Got 1 instead.

  warnings.warn(some_fits_failed_message, FitFailedWarning)
/home/ggx/software/anaconda3/lib/python3.10/site-packages/sklearn/model_selection/_search.py:1102: UserWarning: One or more of the test scores are non-finite: [        nan -0.18803372 -0.70785563 -0.42317366 -1.08194021 -0.51907422
 -0.30117185 -0.25215557 -0.22159117         nan -0.54426526 -0.27691538
 -0.42694749 -0.39180703 -0.73604344 -0.56037904         nan         nan
 -0.43327738 -0.91704833]
  warnings.warn(
/home/ggx/software/anaconda3/lib/python3.10/site-packages/sklearn/model_selection/_validation.py:540: FitFailedWarning: 
20 fits failed out of a total of 100.
The score on these train-test partitions for these parameters will be set to nan.
If these failures are not expected, you can try to debug them by setting error_score='raise'.

Below are more details about the failures:
--------------------------------------------------------------------------------
20 fits failed with the following error:
Traceback (most recent call last):
  File "/home/ggx/software/anaconda3/lib/python3.10/site-packages/sklearn/model_selection/_validation.py", line 888, in _fit_and_score
    estimator.fit(X_train, y_train, **fit_params)
  File "/home/ggx/software/anaconda3/lib/python3.10/site-packages/sklearn/base.py", line 1466, in wrapper
    estimator._validate_params()
  File "/home/ggx/software/anaconda3/lib/python3.10/site-packages/sklearn/base.py", line 666, in _validate_params
    validate_parameter_constraints(
  File "/home/ggx/software/anaconda3/lib/python3.10/site-packages/sklearn/utils/_param_validation.py", line 95, in validate_parameter_constraints
    raise InvalidParameterError(
sklearn.utils._param_validation.InvalidParameterError: The 'min_samples_split' parameter of GradientBoostingRegressor must be an int in the range [2, inf) or a float in the range (0.0, 1.0]. Got 1 instead.

  warnings.warn(some_fits_failed_message, FitFailedWarning)
/home/ggx/software/anaconda3/lib/python3.10/site-packages/sklearn/model_selection/_search.py:1102: UserWarning: One or more of the test scores are non-finite: [-0.00339116         nan -0.45877259         nan -0.69792487 -0.46297928
 -1.00827043 -1.37105328 -1.88943904 -2.61997416         nan -0.94604483
 -0.7964852  -1.20399264 -2.75701043 -0.82750804 -0.36164138         nan
 -1.38826784 -0.17797258]
  warnings.warn(
/home/ggx/software/anaconda3/lib/python3.10/site-packages/sklearn/model_selection/_validation.py:540: FitFailedWarning: 
20 fits failed out of a total of 100.
The score on these train-test partitions for these parameters will be set to nan.
If these failures are not expected, you can try to debug them by setting error_score='raise'.

Below are more details about the failures:
--------------------------------------------------------------------------------
20 fits failed with the following error:
Traceback (most recent call last):
  File "/home/ggx/software/anaconda3/lib/python3.10/site-packages/sklearn/model_selection/_validation.py", line 888, in _fit_and_score
    estimator.fit(X_train, y_train, **fit_params)
  File "/home/ggx/software/anaconda3/lib/python3.10/site-packages/sklearn/base.py", line 1466, in wrapper
    estimator._validate_params()
  File "/home/ggx/software/anaconda3/lib/python3.10/site-packages/sklearn/base.py", line 666, in _validate_params
    validate_parameter_constraints(
  File "/home/ggx/software/anaconda3/lib/python3.10/site-packages/sklearn/utils/_param_validation.py", line 95, in validate_parameter_constraints
    raise InvalidParameterError(
sklearn.utils._param_validation.InvalidParameterError: The 'min_samples_split' parameter of GradientBoostingRegressor must be an int in the range [2, inf) or a float in the range (0.0, 1.0]. Got 1 instead.

  warnings.warn(some_fits_failed_message, FitFailedWarning)
/home/ggx/software/anaconda3/lib/python3.10/site-packages/sklearn/model_selection/_search.py:1102: UserWarning: One or more of the test scores are non-finite: [-2.44572122 -2.7417729  -3.39915782 -1.50437842         nan -2.71374963
 -2.48896334         nan -0.98954476 -2.03574769 -1.70952567 -2.71875211
 -1.84840809 -1.09003486 -3.11561486         nan         nan -0.83452371
 -2.26094668 -2.37597702]
  warnings.warn(
/home/ggx/software/anaconda3/lib/python3.10/site-packages/sklearn/model_selection/_validation.py:540: FitFailedWarning: 
10 fits failed out of a total of 100.
The score on these train-test partitions for these parameters will be set to nan.
If these failures are not expected, you can try to debug them by setting error_score='raise'.

Below are more details about the failures:
--------------------------------------------------------------------------------
10 fits failed with the following error:
Traceback (most recent call last):
  File "/home/ggx/software/anaconda3/lib/python3.10/site-packages/sklearn/model_selection/_validation.py", line 888, in _fit_and_score
    estimator.fit(X_train, y_train, **fit_params)
  File "/home/ggx/software/anaconda3/lib/python3.10/site-packages/sklearn/base.py", line 1466, in wrapper
    estimator._validate_params()
  File "/home/ggx/software/anaconda3/lib/python3.10/site-packages/sklearn/base.py", line 666, in _validate_params
    validate_parameter_constraints(
  File "/home/ggx/software/anaconda3/lib/python3.10/site-packages/sklearn/utils/_param_validation.py", line 95, in validate_parameter_constraints
    raise InvalidParameterError(
sklearn.utils._param_validation.InvalidParameterError: The 'min_samples_split' parameter of GradientBoostingRegressor must be an int in the range [2, inf) or a float in the range (0.0, 1.0]. Got 1 instead.

  warnings.warn(some_fits_failed_message, FitFailedWarning)
/home/ggx/software/anaconda3/lib/python3.10/site-packages/sklearn/model_selection/_search.py:1102: UserWarning: One or more of the test scores are non-finite: [        nan  0.18449369  0.05353106 -0.41239465 -0.1969862          nan
  0.19574536  0.08301215  0.02469151  0.36842337 -0.12211174  0.21392887
 -0.00815284  0.25746861  0.41169099  0.17569028 -0.25478724 -0.02398728
 -0.20623574 -0.12252606]
  warnings.warn(
/home/ggx/software/anaconda3/lib/python3.10/site-packages/sklearn/model_selection/_validation.py:540: FitFailedWarning: 
5 fits failed out of a total of 100.
The score on these train-test partitions for these parameters will be set to nan.
If these failures are not expected, you can try to debug them by setting error_score='raise'.

Below are more details about the failures:
--------------------------------------------------------------------------------
5 fits failed with the following error:
Traceback (most recent call last):
  File "/home/ggx/software/anaconda3/lib/python3.10/site-packages/sklearn/model_selection/_validation.py", line 888, in _fit_and_score
    estimator.fit(X_train, y_train, **fit_params)
  File "/home/ggx/software/anaconda3/lib/python3.10/site-packages/sklearn/base.py", line 1466, in wrapper
    estimator._validate_params()
  File "/home/ggx/software/anaconda3/lib/python3.10/site-packages/sklearn/base.py", line 666, in _validate_params
    validate_parameter_constraints(
  File "/home/ggx/software/anaconda3/lib/python3.10/site-packages/sklearn/utils/_param_validation.py", line 95, in validate_parameter_constraints
    raise InvalidParameterError(
sklearn.utils._param_validation.InvalidParameterError: The 'min_samples_split' parameter of GradientBoostingRegressor must be an int in the range [2, inf) or a float in the range (0.0, 1.0]. Got 1 instead.

  warnings.warn(some_fits_failed_message, FitFailedWarning)
/home/ggx/software/anaconda3/lib/python3.10/site-packages/sklearn/model_selection/_search.py:1102: UserWarning: One or more of the test scores are non-finite: [-0.2222597  -0.63895403 -0.5419329  -0.98316014 -0.47147783 -0.84664363
 -0.9540633  -0.90869317 -0.44766079 -0.43358495 -1.95687223 -0.48280163
 -1.14849316 -0.43530069         nan -0.86332196 -0.64052362 -0.9123382
 -0.99946604 -0.40592884]
  warnings.warn(
/home/ggx/software/anaconda3/lib/python3.10/site-packages/sklearn/model_selection/_validation.py:540: FitFailedWarning: 
5 fits failed out of a total of 100.
The score on these train-test partitions for these parameters will be set to nan.
If these failures are not expected, you can try to debug them by setting error_score='raise'.

Below are more details about the failures:
--------------------------------------------------------------------------------
5 fits failed with the following error:
Traceback (most recent call last):
  File "/home/ggx/software/anaconda3/lib/python3.10/site-packages/sklearn/model_selection/_validation.py", line 888, in _fit_and_score
    estimator.fit(X_train, y_train, **fit_params)
  File "/home/ggx/software/anaconda3/lib/python3.10/site-packages/sklearn/base.py", line 1466, in wrapper
    estimator._validate_params()
  File "/home/ggx/software/anaconda3/lib/python3.10/site-packages/sklearn/base.py", line 666, in _validate_params
    validate_parameter_constraints(
  File "/home/ggx/software/anaconda3/lib/python3.10/site-packages/sklearn/utils/_param_validation.py", line 95, in validate_parameter_constraints
    raise InvalidParameterError(
sklearn.utils._param_validation.InvalidParameterError: The 'min_samples_split' parameter of GradientBoostingRegressor must be an int in the range [2, inf) or a float in the range (0.0, 1.0]. Got 1 instead.

  warnings.warn(some_fits_failed_message, FitFailedWarning)
/home/ggx/software/anaconda3/lib/python3.10/site-packages/sklearn/model_selection/_search.py:1102: UserWarning: One or more of the test scores are non-finite: [-0.32635703 -0.12002628 -0.17931502         nan  0.19230764 -0.13189907
 -0.0534169  -0.12749269 -0.08935312 -1.02684125 -0.03994466 -0.09601288
 -0.44216593 -0.15546221 -0.20055229  0.01495585 -0.08394102 -0.57410524
  0.04309374 -0.31546537]
  warnings.warn(
/home/ggx/software/anaconda3/lib/python3.10/site-packages/sklearn/model_selection/_validation.py:540: FitFailedWarning: 
15 fits failed out of a total of 100.
The score on these train-test partitions for these parameters will be set to nan.
If these failures are not expected, you can try to debug them by setting error_score='raise'.

Below are more details about the failures:
--------------------------------------------------------------------------------
15 fits failed with the following error:
Traceback (most recent call last):
  File "/home/ggx/software/anaconda3/lib/python3.10/site-packages/sklearn/model_selection/_validation.py", line 888, in _fit_and_score
    estimator.fit(X_train, y_train, **fit_params)
  File "/home/ggx/software/anaconda3/lib/python3.10/site-packages/sklearn/base.py", line 1466, in wrapper
    estimator._validate_params()
  File "/home/ggx/software/anaconda3/lib/python3.10/site-packages/sklearn/base.py", line 666, in _validate_params
    validate_parameter_constraints(
  File "/home/ggx/software/anaconda3/lib/python3.10/site-packages/sklearn/utils/_param_validation.py", line 95, in validate_parameter_constraints
    raise InvalidParameterError(
sklearn.utils._param_validation.InvalidParameterError: The 'min_samples_split' parameter of GradientBoostingRegressor must be an int in the range [2, inf) or a float in the range (0.0, 1.0]. Got 1 instead.

  warnings.warn(some_fits_failed_message, FitFailedWarning)
/home/ggx/software/anaconda3/lib/python3.10/site-packages/sklearn/model_selection/_search.py:1102: UserWarning: One or more of the test scores are non-finite: [-2.60291060e-01             nan -1.86220667e-01 -1.49836216e-04
 -3.74703735e-01 -8.81470000e-02 -3.18512827e-01 -1.91130942e-02
             nan -2.90775231e-01 -2.78065581e-01 -3.32633582e-01
 -3.37833550e-01 -3.20691124e-01 -1.79392950e-01 -2.22635501e-01
 -3.96536608e-01             nan -1.37696955e-01 -3.49579371e-01]
  warnings.warn(
/home/ggx/software/anaconda3/lib/python3.10/site-packages/sklearn/model_selection/_validation.py:540: FitFailedWarning: 
5 fits failed out of a total of 100.
The score on these train-test partitions for these parameters will be set to nan.
If these failures are not expected, you can try to debug them by setting error_score='raise'.

Below are more details about the failures:
--------------------------------------------------------------------------------
5 fits failed with the following error:
Traceback (most recent call last):
  File "/home/ggx/software/anaconda3/lib/python3.10/site-packages/sklearn/model_selection/_validation.py", line 888, in _fit_and_score
    estimator.fit(X_train, y_train, **fit_params)
  File "/home/ggx/software/anaconda3/lib/python3.10/site-packages/sklearn/base.py", line 1466, in wrapper
    estimator._validate_params()
  File "/home/ggx/software/anaconda3/lib/python3.10/site-packages/sklearn/base.py", line 666, in _validate_params
    validate_parameter_constraints(
  File "/home/ggx/software/anaconda3/lib/python3.10/site-packages/sklearn/utils/_param_validation.py", line 95, in validate_parameter_constraints
    raise InvalidParameterError(
sklearn.utils._param_validation.InvalidParameterError: The 'min_samples_split' parameter of GradientBoostingRegressor must be an int in the range [2, inf) or a float in the range (0.0, 1.0]. Got 1 instead.

  warnings.warn(some_fits_failed_message, FitFailedWarning)
/home/ggx/software/anaconda3/lib/python3.10/site-packages/sklearn/model_selection/_search.py:1102: UserWarning: One or more of the test scores are non-finite: [-0.11458153  0.03182251  0.00459616  0.01629601 -0.02004972 -0.06225323
 -0.38919095 -0.32442429 -0.11742094 -0.31829027 -0.01477703 -0.21588223
  0.12302802 -0.05914126 -0.03300723 -0.12856592  0.13697924 -0.24436476
         nan -0.16695763]
  warnings.warn(
/home/ggx/software/anaconda3/lib/python3.10/site-packages/sklearn/model_selection/_validation.py:540: FitFailedWarning: 
20 fits failed out of a total of 100.
The score on these train-test partitions for these parameters will be set to nan.
If these failures are not expected, you can try to debug them by setting error_score='raise'.

Below are more details about the failures:
--------------------------------------------------------------------------------
20 fits failed with the following error:
Traceback (most recent call last):
  File "/home/ggx/software/anaconda3/lib/python3.10/site-packages/sklearn/model_selection/_validation.py", line 888, in _fit_and_score
    estimator.fit(X_train, y_train, **fit_params)
  File "/home/ggx/software/anaconda3/lib/python3.10/site-packages/sklearn/base.py", line 1466, in wrapper
    estimator._validate_params()
  File "/home/ggx/software/anaconda3/lib/python3.10/site-packages/sklearn/base.py", line 666, in _validate_params
    validate_parameter_constraints(
  File "/home/ggx/software/anaconda3/lib/python3.10/site-packages/sklearn/utils/_param_validation.py", line 95, in validate_parameter_constraints
    raise InvalidParameterError(
sklearn.utils._param_validation.InvalidParameterError: The 'min_samples_split' parameter of GradientBoostingRegressor must be an int in the range [2, inf) or a float in the range (0.0, 1.0]. Got 1 instead.

  warnings.warn(some_fits_failed_message, FitFailedWarning)
/home/ggx/software/anaconda3/lib/python3.10/site-packages/sklearn/model_selection/_search.py:1102: UserWarning: One or more of the test scores are non-finite: [ -2.79402019  -2.5140574           nan          nan  -1.64614495
  -3.25330051  -2.49994844  -1.7590279   -1.9033574   -2.68649619
  -2.82723632  -1.75649901  -1.89111744          nan  -3.07213422
 -23.82157099          nan  -2.2029258   -1.7910149   -8.87995859]
  warnings.warn(
/home/ggx/software/anaconda3/lib/python3.10/site-packages/sklearn/model_selection/_validation.py:540: FitFailedWarning: 
5 fits failed out of a total of 100.
The score on these train-test partitions for these parameters will be set to nan.
If these failures are not expected, you can try to debug them by setting error_score='raise'.

Below are more details about the failures:
--------------------------------------------------------------------------------
5 fits failed with the following error:
Traceback (most recent call last):
  File "/home/ggx/software/anaconda3/lib/python3.10/site-packages/sklearn/model_selection/_validation.py", line 888, in _fit_and_score
    estimator.fit(X_train, y_train, **fit_params)
  File "/home/ggx/software/anaconda3/lib/python3.10/site-packages/sklearn/base.py", line 1466, in wrapper
    estimator._validate_params()
  File "/home/ggx/software/anaconda3/lib/python3.10/site-packages/sklearn/base.py", line 666, in _validate_params
    validate_parameter_constraints(
  File "/home/ggx/software/anaconda3/lib/python3.10/site-packages/sklearn/utils/_param_validation.py", line 95, in validate_parameter_constraints
    raise InvalidParameterError(
sklearn.utils._param_validation.InvalidParameterError: The 'min_samples_split' parameter of GradientBoostingRegressor must be an int in the range [2, inf) or a float in the range (0.0, 1.0]. Got 1 instead.

  warnings.warn(some_fits_failed_message, FitFailedWarning)
/home/ggx/software/anaconda3/lib/python3.10/site-packages/sklearn/model_selection/_search.py:1102: UserWarning: One or more of the test scores are non-finite: [-0.25849633 -0.27228945 -0.11885335 -0.22355678 -0.00657435 -0.16279119
  0.03991417 -0.05476617 -0.26219301 -0.11079559 -0.17772723 -0.08902747
 -0.21470482 -0.08960488  0.04292332 -0.03308364         nan -0.12495436
 -0.05399551  0.02615908]
  warnings.warn(
/home/ggx/software/anaconda3/lib/python3.10/site-packages/sklearn/model_selection/_validation.py:540: FitFailedWarning: 
20 fits failed out of a total of 100.
The score on these train-test partitions for these parameters will be set to nan.
If these failures are not expected, you can try to debug them by setting error_score='raise'.

Below are more details about the failures:
--------------------------------------------------------------------------------
20 fits failed with the following error:
Traceback (most recent call last):
  File "/home/ggx/software/anaconda3/lib/python3.10/site-packages/sklearn/model_selection/_validation.py", line 888, in _fit_and_score
    estimator.fit(X_train, y_train, **fit_params)
  File "/home/ggx/software/anaconda3/lib/python3.10/site-packages/sklearn/base.py", line 1466, in wrapper
    estimator._validate_params()
  File "/home/ggx/software/anaconda3/lib/python3.10/site-packages/sklearn/base.py", line 666, in _validate_params
    validate_parameter_constraints(
  File "/home/ggx/software/anaconda3/lib/python3.10/site-packages/sklearn/utils/_param_validation.py", line 95, in validate_parameter_constraints
    raise InvalidParameterError(
sklearn.utils._param_validation.InvalidParameterError: The 'min_samples_split' parameter of GradientBoostingRegressor must be an int in the range [2, inf) or a float in the range (0.0, 1.0]. Got 1 instead.

  warnings.warn(some_fits_failed_message, FitFailedWarning)
/home/ggx/software/anaconda3/lib/python3.10/site-packages/sklearn/model_selection/_search.py:1102: UserWarning: One or more of the test scores are non-finite: [-0.61104183 -0.30572289 -0.48466796 -0.68332    -0.64712113         nan
 -0.37222522         nan -0.53278677         nan -0.63515517 -0.72002103
 -0.31113797 -0.5098401  -0.53869656 -0.29517404 -0.52000869 -0.50473212
         nan -1.11687898]
  warnings.warn(
/home/ggx/software/anaconda3/lib/python3.10/site-packages/sklearn/model_selection/_validation.py:540: FitFailedWarning: 
10 fits failed out of a total of 100.
The score on these train-test partitions for these parameters will be set to nan.
If these failures are not expected, you can try to debug them by setting error_score='raise'.

Below are more details about the failures:
--------------------------------------------------------------------------------
10 fits failed with the following error:
Traceback (most recent call last):
  File "/home/ggx/software/anaconda3/lib/python3.10/site-packages/sklearn/model_selection/_validation.py", line 888, in _fit_and_score
    estimator.fit(X_train, y_train, **fit_params)
  File "/home/ggx/software/anaconda3/lib/python3.10/site-packages/sklearn/base.py", line 1466, in wrapper
    estimator._validate_params()
  File "/home/ggx/software/anaconda3/lib/python3.10/site-packages/sklearn/base.py", line 666, in _validate_params
    validate_parameter_constraints(
  File "/home/ggx/software/anaconda3/lib/python3.10/site-packages/sklearn/utils/_param_validation.py", line 95, in validate_parameter_constraints
    raise InvalidParameterError(
sklearn.utils._param_validation.InvalidParameterError: The 'min_samples_split' parameter of GradientBoostingRegressor must be an int in the range [2, inf) or a float in the range (0.0, 1.0]. Got 1 instead.

  warnings.warn(some_fits_failed_message, FitFailedWarning)
/home/ggx/software/anaconda3/lib/python3.10/site-packages/sklearn/model_selection/_search.py:1102: UserWarning: One or more of the test scores are non-finite: [-2.27955855 -1.07079647 -1.23939517         nan -2.56422944 -1.68488353
 -1.66588394 -1.53155937 -3.73027618 -1.23604915         nan -1.64827772
 -2.054216   -1.24441166 -1.09858723 -1.46192744 -1.0506555  -0.99540796
 -2.79172992 -1.33459334]
  warnings.warn(
/home/ggx/software/anaconda3/lib/python3.10/site-packages/sklearn/model_selection/_validation.py:540: FitFailedWarning: 
20 fits failed out of a total of 100.
The score on these train-test partitions for these parameters will be set to nan.
If these failures are not expected, you can try to debug them by setting error_score='raise'.

Below are more details about the failures:
--------------------------------------------------------------------------------
20 fits failed with the following error:
Traceback (most recent call last):
  File "/home/ggx/software/anaconda3/lib/python3.10/site-packages/sklearn/model_selection/_validation.py", line 888, in _fit_and_score
    estimator.fit(X_train, y_train, **fit_params)
  File "/home/ggx/software/anaconda3/lib/python3.10/site-packages/sklearn/base.py", line 1466, in wrapper
    estimator._validate_params()
  File "/home/ggx/software/anaconda3/lib/python3.10/site-packages/sklearn/base.py", line 666, in _validate_params
    validate_parameter_constraints(
  File "/home/ggx/software/anaconda3/lib/python3.10/site-packages/sklearn/utils/_param_validation.py", line 95, in validate_parameter_constraints
    raise InvalidParameterError(
sklearn.utils._param_validation.InvalidParameterError: The 'min_samples_split' parameter of GradientBoostingRegressor must be an int in the range [2, inf) or a float in the range (0.0, 1.0]. Got 1 instead.

  warnings.warn(some_fits_failed_message, FitFailedWarning)
/home/ggx/software/anaconda3/lib/python3.10/site-packages/sklearn/model_selection/_search.py:1102: UserWarning: One or more of the test scores are non-finite: [-3.55150498 -1.59684404 -4.33165832 -1.84537353 -1.91376204 -3.69978834
         nan -2.71723886         nan -3.46849637 -2.44143425 -2.2553859
 -1.37310004         nan -3.48700813 -1.79401946 -1.19488245         nan
 -2.28387835 -3.14135915]
  warnings.warn(
/home/ggx/software/anaconda3/lib/python3.10/site-packages/sklearn/model_selection/_validation.py:540: FitFailedWarning: 
5 fits failed out of a total of 100.
The score on these train-test partitions for these parameters will be set to nan.
If these failures are not expected, you can try to debug them by setting error_score='raise'.

Below are more details about the failures:
--------------------------------------------------------------------------------
5 fits failed with the following error:
Traceback (most recent call last):
  File "/home/ggx/software/anaconda3/lib/python3.10/site-packages/sklearn/model_selection/_validation.py", line 888, in _fit_and_score
    estimator.fit(X_train, y_train, **fit_params)
  File "/home/ggx/software/anaconda3/lib/python3.10/site-packages/sklearn/base.py", line 1466, in wrapper
    estimator._validate_params()
  File "/home/ggx/software/anaconda3/lib/python3.10/site-packages/sklearn/base.py", line 666, in _validate_params
    validate_parameter_constraints(
  File "/home/ggx/software/anaconda3/lib/python3.10/site-packages/sklearn/utils/_param_validation.py", line 95, in validate_parameter_constraints
    raise InvalidParameterError(
sklearn.utils._param_validation.InvalidParameterError: The 'min_samples_split' parameter of GradientBoostingRegressor must be an int in the range [2, inf) or a float in the range (0.0, 1.0]. Got 1 instead.

  warnings.warn(some_fits_failed_message, FitFailedWarning)
/home/ggx/software/anaconda3/lib/python3.10/site-packages/sklearn/model_selection/_search.py:1102: UserWarning: One or more of the test scores are non-finite: [ 0.18646403  0.05869737  0.15153537  0.43693211  0.3026851   0.13371477
  0.16940381  0.10788073  0.23875235  0.42681046  0.29711413  0.03310581
  0.24189221  0.22164656         nan  0.34378512  0.2931159  -0.09592579
  0.13414005  0.2560266 ]
  warnings.warn(
/home/ggx/software/anaconda3/lib/python3.10/site-packages/sklearn/model_selection/_validation.py:540: FitFailedWarning: 
25 fits failed out of a total of 100.
The score on these train-test partitions for these parameters will be set to nan.
If these failures are not expected, you can try to debug them by setting error_score='raise'.

Below are more details about the failures:
--------------------------------------------------------------------------------
25 fits failed with the following error:
Traceback (most recent call last):
  File "/home/ggx/software/anaconda3/lib/python3.10/site-packages/sklearn/model_selection/_validation.py", line 888, in _fit_and_score
    estimator.fit(X_train, y_train, **fit_params)
  File "/home/ggx/software/anaconda3/lib/python3.10/site-packages/sklearn/base.py", line 1466, in wrapper
    estimator._validate_params()
  File "/home/ggx/software/anaconda3/lib/python3.10/site-packages/sklearn/base.py", line 666, in _validate_params
    validate_parameter_constraints(
  File "/home/ggx/software/anaconda3/lib/python3.10/site-packages/sklearn/utils/_param_validation.py", line 95, in validate_parameter_constraints
    raise InvalidParameterError(
sklearn.utils._param_validation.InvalidParameterError: The 'min_samples_split' parameter of GradientBoostingRegressor must be an int in the range [2, inf) or a float in the range (0.0, 1.0]. Got 1 instead.

  warnings.warn(some_fits_failed_message, FitFailedWarning)
/home/ggx/software/anaconda3/lib/python3.10/site-packages/sklearn/model_selection/_search.py:1102: UserWarning: One or more of the test scores are non-finite: [ 0.58571321 -0.03272827  0.1612394   0.5527577   0.34439407  0.1366548
  0.38415143  0.32540543         nan         nan         nan  0.3808926
         nan  0.28470853         nan  0.22559913  0.07890455  0.17516658
  0.12281355  0.31012775]
  warnings.warn(
/home/ggx/software/anaconda3/lib/python3.10/site-packages/sklearn/model_selection/_validation.py:540: FitFailedWarning: 
5 fits failed out of a total of 100.
The score on these train-test partitions for these parameters will be set to nan.
If these failures are not expected, you can try to debug them by setting error_score='raise'.

Below are more details about the failures:
--------------------------------------------------------------------------------
5 fits failed with the following error:
Traceback (most recent call last):
  File "/home/ggx/software/anaconda3/lib/python3.10/site-packages/sklearn/model_selection/_validation.py", line 888, in _fit_and_score
    estimator.fit(X_train, y_train, **fit_params)
  File "/home/ggx/software/anaconda3/lib/python3.10/site-packages/sklearn/base.py", line 1466, in wrapper
    estimator._validate_params()
  File "/home/ggx/software/anaconda3/lib/python3.10/site-packages/sklearn/base.py", line 666, in _validate_params
    validate_parameter_constraints(
  File "/home/ggx/software/anaconda3/lib/python3.10/site-packages/sklearn/utils/_param_validation.py", line 95, in validate_parameter_constraints
    raise InvalidParameterError(
sklearn.utils._param_validation.InvalidParameterError: The 'min_samples_split' parameter of GradientBoostingRegressor must be an int in the range [2, inf) or a float in the range (0.0, 1.0]. Got 1 instead.

  warnings.warn(some_fits_failed_message, FitFailedWarning)
/home/ggx/software/anaconda3/lib/python3.10/site-packages/sklearn/model_selection/_search.py:1102: UserWarning: One or more of the test scores are non-finite: [-1.62589302 -3.53897081 -1.72923496 -3.20528127 -1.45043678 -1.6647141
 -1.99873335 -2.36255369 -3.10138442 -1.69962728 -2.28436149 -3.3534817
         nan -1.8024896  -2.03042177 -1.98160691 -1.468612   -1.71032077
 -2.38864076 -1.74388127]
  warnings.warn(
/home/ggx/software/anaconda3/lib/python3.10/site-packages/sklearn/model_selection/_validation.py:540: FitFailedWarning: 
20 fits failed out of a total of 100.
The score on these train-test partitions for these parameters will be set to nan.
If these failures are not expected, you can try to debug them by setting error_score='raise'.

Below are more details about the failures:
--------------------------------------------------------------------------------
20 fits failed with the following error:
Traceback (most recent call last):
  File "/home/ggx/software/anaconda3/lib/python3.10/site-packages/sklearn/model_selection/_validation.py", line 888, in _fit_and_score
    estimator.fit(X_train, y_train, **fit_params)
  File "/home/ggx/software/anaconda3/lib/python3.10/site-packages/sklearn/base.py", line 1466, in wrapper
    estimator._validate_params()
  File "/home/ggx/software/anaconda3/lib/python3.10/site-packages/sklearn/base.py", line 666, in _validate_params
    validate_parameter_constraints(
  File "/home/ggx/software/anaconda3/lib/python3.10/site-packages/sklearn/utils/_param_validation.py", line 95, in validate_parameter_constraints
    raise InvalidParameterError(
sklearn.utils._param_validation.InvalidParameterError: The 'min_samples_split' parameter of GradientBoostingRegressor must be an int in the range [2, inf) or a float in the range (0.0, 1.0]. Got 1 instead.

  warnings.warn(some_fits_failed_message, FitFailedWarning)
/home/ggx/software/anaconda3/lib/python3.10/site-packages/sklearn/model_selection/_search.py:1102: UserWarning: One or more of the test scores are non-finite: [-0.90922122 -0.69901168 -0.76020952 -1.54846129 -1.48184393 -0.90896509
 -1.18572346 -0.8866932          nan -0.95181198 -1.01316804 -0.81749109
         nan         nan -0.98754986 -0.88525488 -1.08616365 -2.20733491
 -0.76719168         nan]
  warnings.warn(
/home/ggx/software/anaconda3/lib/python3.10/site-packages/sklearn/model_selection/_validation.py:540: FitFailedWarning: 
30 fits failed out of a total of 100.
The score on these train-test partitions for these parameters will be set to nan.
If these failures are not expected, you can try to debug them by setting error_score='raise'.

Below are more details about the failures:
--------------------------------------------------------------------------------
30 fits failed with the following error:
Traceback (most recent call last):
  File "/home/ggx/software/anaconda3/lib/python3.10/site-packages/sklearn/model_selection/_validation.py", line 888, in _fit_and_score
    estimator.fit(X_train, y_train, **fit_params)
  File "/home/ggx/software/anaconda3/lib/python3.10/site-packages/sklearn/base.py", line 1466, in wrapper
    estimator._validate_params()
  File "/home/ggx/software/anaconda3/lib/python3.10/site-packages/sklearn/base.py", line 666, in _validate_params
    validate_parameter_constraints(
  File "/home/ggx/software/anaconda3/lib/python3.10/site-packages/sklearn/utils/_param_validation.py", line 95, in validate_parameter_constraints
    raise InvalidParameterError(
sklearn.utils._param_validation.InvalidParameterError: The 'min_samples_split' parameter of GradientBoostingRegressor must be an int in the range [2, inf) or a float in the range (0.0, 1.0]. Got 1 instead.

  warnings.warn(some_fits_failed_message, FitFailedWarning)
/home/ggx/software/anaconda3/lib/python3.10/site-packages/sklearn/model_selection/_search.py:1102: UserWarning: One or more of the test scores are non-finite: [ 0.08655175         nan  0.20489791 -0.07628911 -0.32707349         nan
  0.15677363 -0.07161953         nan         nan         nan  0.05268077
 -0.16621407  0.04856955 -0.18957366  0.08263227 -0.05900273 -0.00885748
 -0.0392713          nan]
  warnings.warn(
/home/ggx/software/anaconda3/lib/python3.10/site-packages/sklearn/model_selection/_validation.py:540: FitFailedWarning: 
10 fits failed out of a total of 100.
The score on these train-test partitions for these parameters will be set to nan.
If these failures are not expected, you can try to debug them by setting error_score='raise'.

Below are more details about the failures:
--------------------------------------------------------------------------------
10 fits failed with the following error:
Traceback (most recent call last):
  File "/home/ggx/software/anaconda3/lib/python3.10/site-packages/sklearn/model_selection/_validation.py", line 888, in _fit_and_score
    estimator.fit(X_train, y_train, **fit_params)
  File "/home/ggx/software/anaconda3/lib/python3.10/site-packages/sklearn/base.py", line 1466, in wrapper
    estimator._validate_params()
  File "/home/ggx/software/anaconda3/lib/python3.10/site-packages/sklearn/base.py", line 666, in _validate_params
    validate_parameter_constraints(
  File "/home/ggx/software/anaconda3/lib/python3.10/site-packages/sklearn/utils/_param_validation.py", line 95, in validate_parameter_constraints
    raise InvalidParameterError(
sklearn.utils._param_validation.InvalidParameterError: The 'min_samples_split' parameter of GradientBoostingRegressor must be an int in the range [2, inf) or a float in the range (0.0, 1.0]. Got 1 instead.

  warnings.warn(some_fits_failed_message, FitFailedWarning)
/home/ggx/software/anaconda3/lib/python3.10/site-packages/sklearn/model_selection/_search.py:1102: UserWarning: One or more of the test scores are non-finite: [        nan -0.35276817 -0.06483227 -0.71082486 -0.40395394 -0.13311809
 -0.3001288  -0.27444349 -0.18066779 -0.96126433 -1.0788772  -0.63835943
 -0.32804117 -0.35561067 -0.11888034         nan -0.31633938 -0.31480116
 -0.21377713 -0.26966678]
  warnings.warn(
/home/ggx/software/anaconda3/lib/python3.10/site-packages/sklearn/model_selection/_validation.py:540: FitFailedWarning: 
20 fits failed out of a total of 100.
The score on these train-test partitions for these parameters will be set to nan.
If these failures are not expected, you can try to debug them by setting error_score='raise'.

Below are more details about the failures:
--------------------------------------------------------------------------------
20 fits failed with the following error:
Traceback (most recent call last):
  File "/home/ggx/software/anaconda3/lib/python3.10/site-packages/sklearn/model_selection/_validation.py", line 888, in _fit_and_score
    estimator.fit(X_train, y_train, **fit_params)
  File "/home/ggx/software/anaconda3/lib/python3.10/site-packages/sklearn/base.py", line 1466, in wrapper
    estimator._validate_params()
  File "/home/ggx/software/anaconda3/lib/python3.10/site-packages/sklearn/base.py", line 666, in _validate_params
    validate_parameter_constraints(
  File "/home/ggx/software/anaconda3/lib/python3.10/site-packages/sklearn/utils/_param_validation.py", line 95, in validate_parameter_constraints
    raise InvalidParameterError(
sklearn.utils._param_validation.InvalidParameterError: The 'min_samples_split' parameter of GradientBoostingRegressor must be an int in the range [2, inf) or a float in the range (0.0, 1.0]. Got 1 instead.

  warnings.warn(some_fits_failed_message, FitFailedWarning)
/home/ggx/software/anaconda3/lib/python3.10/site-packages/sklearn/model_selection/_search.py:1102: UserWarning: One or more of the test scores are non-finite: [-1.49734433 -1.50842709         nan -0.97660986 -3.78919078 -1.73031361
 -1.40001224 -1.70176235 -1.62012293         nan -1.14563735         nan
 -1.31716986 -1.56462727         nan -0.78379727 -1.1572137  -1.14759013
 -1.5683682  -1.68479521]
  warnings.warn(
/home/ggx/software/anaconda3/lib/python3.10/site-packages/sklearn/model_selection/_validation.py:540: FitFailedWarning: 
20 fits failed out of a total of 100.
The score on these train-test partitions for these parameters will be set to nan.
If these failures are not expected, you can try to debug them by setting error_score='raise'.

Below are more details about the failures:
--------------------------------------------------------------------------------
20 fits failed with the following error:
Traceback (most recent call last):
  File "/home/ggx/software/anaconda3/lib/python3.10/site-packages/sklearn/model_selection/_validation.py", line 888, in _fit_and_score
    estimator.fit(X_train, y_train, **fit_params)
  File "/home/ggx/software/anaconda3/lib/python3.10/site-packages/sklearn/base.py", line 1466, in wrapper
    estimator._validate_params()
  File "/home/ggx/software/anaconda3/lib/python3.10/site-packages/sklearn/base.py", line 666, in _validate_params
    validate_parameter_constraints(
  File "/home/ggx/software/anaconda3/lib/python3.10/site-packages/sklearn/utils/_param_validation.py", line 95, in validate_parameter_constraints
    raise InvalidParameterError(
sklearn.utils._param_validation.InvalidParameterError: The 'min_samples_split' parameter of GradientBoostingRegressor must be an int in the range [2, inf) or a float in the range (0.0, 1.0]. Got 1 instead.

  warnings.warn(some_fits_failed_message, FitFailedWarning)
/home/ggx/software/anaconda3/lib/python3.10/site-packages/sklearn/model_selection/_search.py:1102: UserWarning: One or more of the test scores are non-finite: [-0.24591794 -0.48742242 -0.309215   -0.45364261 -0.37919333 -0.14203125
 -0.91069756 -0.90212748 -0.86331058 -0.51918343 -0.02421273         nan
 -0.34688973 -0.25701375 -0.44715494         nan         nan         nan
 -0.32180189 -0.39753894]
  warnings.warn(
/home/ggx/software/anaconda3/lib/python3.10/site-packages/sklearn/model_selection/_validation.py:540: FitFailedWarning: 
15 fits failed out of a total of 100.
The score on these train-test partitions for these parameters will be set to nan.
If these failures are not expected, you can try to debug them by setting error_score='raise'.

Below are more details about the failures:
--------------------------------------------------------------------------------
15 fits failed with the following error:
Traceback (most recent call last):
  File "/home/ggx/software/anaconda3/lib/python3.10/site-packages/sklearn/model_selection/_validation.py", line 888, in _fit_and_score
    estimator.fit(X_train, y_train, **fit_params)
  File "/home/ggx/software/anaconda3/lib/python3.10/site-packages/sklearn/base.py", line 1466, in wrapper
    estimator._validate_params()
  File "/home/ggx/software/anaconda3/lib/python3.10/site-packages/sklearn/base.py", line 666, in _validate_params
    validate_parameter_constraints(
  File "/home/ggx/software/anaconda3/lib/python3.10/site-packages/sklearn/utils/_param_validation.py", line 95, in validate_parameter_constraints
    raise InvalidParameterError(
sklearn.utils._param_validation.InvalidParameterError: The 'min_samples_split' parameter of GradientBoostingRegressor must be an int in the range [2, inf) or a float in the range (0.0, 1.0]. Got 1 instead.

  warnings.warn(some_fits_failed_message, FitFailedWarning)
/home/ggx/software/anaconda3/lib/python3.10/site-packages/sklearn/model_selection/_search.py:1102: UserWarning: One or more of the test scores are non-finite: [-3.09751626 -2.56387518 -2.86659252 -3.10430894 -3.07021474 -2.48524259
 -2.26756072 -4.52393109 -2.52740777         nan -2.73266622         nan
 -2.83636288 -2.7642131          nan -3.98951215 -2.4110455  -2.92705167
 -2.92388042 -3.84851748]
  warnings.warn(
/home/ggx/software/anaconda3/lib/python3.10/site-packages/sklearn/model_selection/_validation.py:540: FitFailedWarning: 
20 fits failed out of a total of 100.
The score on these train-test partitions for these parameters will be set to nan.
If these failures are not expected, you can try to debug them by setting error_score='raise'.

Below are more details about the failures:
--------------------------------------------------------------------------------
20 fits failed with the following error:
Traceback (most recent call last):
  File "/home/ggx/software/anaconda3/lib/python3.10/site-packages/sklearn/model_selection/_validation.py", line 888, in _fit_and_score
    estimator.fit(X_train, y_train, **fit_params)
  File "/home/ggx/software/anaconda3/lib/python3.10/site-packages/sklearn/base.py", line 1466, in wrapper
    estimator._validate_params()
  File "/home/ggx/software/anaconda3/lib/python3.10/site-packages/sklearn/base.py", line 666, in _validate_params
    validate_parameter_constraints(
  File "/home/ggx/software/anaconda3/lib/python3.10/site-packages/sklearn/utils/_param_validation.py", line 95, in validate_parameter_constraints
    raise InvalidParameterError(
sklearn.utils._param_validation.InvalidParameterError: The 'min_samples_split' parameter of GradientBoostingRegressor must be an int in the range [2, inf) or a float in the range (0.0, 1.0]. Got 1 instead.

  warnings.warn(some_fits_failed_message, FitFailedWarning)
/home/ggx/software/anaconda3/lib/python3.10/site-packages/sklearn/model_selection/_search.py:1102: UserWarning: One or more of the test scores are non-finite: [ 0.08629774         nan -0.35457745         nan -0.43593452  0.09147549
 -0.19360092  0.03113207  0.1201357  -0.21868875 -0.30801919         nan
 -0.36394789 -0.12010341 -0.3187606          nan -0.11186406 -0.20222773
 -0.05594984 -0.10182637]
  warnings.warn(
/home/ggx/software/anaconda3/lib/python3.10/site-packages/sklearn/model_selection/_validation.py:540: FitFailedWarning: 
15 fits failed out of a total of 100.
The score on these train-test partitions for these parameters will be set to nan.
If these failures are not expected, you can try to debug them by setting error_score='raise'.

Below are more details about the failures:
--------------------------------------------------------------------------------
15 fits failed with the following error:
Traceback (most recent call last):
  File "/home/ggx/software/anaconda3/lib/python3.10/site-packages/sklearn/model_selection/_validation.py", line 888, in _fit_and_score
    estimator.fit(X_train, y_train, **fit_params)
  File "/home/ggx/software/anaconda3/lib/python3.10/site-packages/sklearn/base.py", line 1466, in wrapper
    estimator._validate_params()
  File "/home/ggx/software/anaconda3/lib/python3.10/site-packages/sklearn/base.py", line 666, in _validate_params
    validate_parameter_constraints(
  File "/home/ggx/software/anaconda3/lib/python3.10/site-packages/sklearn/utils/_param_validation.py", line 95, in validate_parameter_constraints
    raise InvalidParameterError(
sklearn.utils._param_validation.InvalidParameterError: The 'min_samples_split' parameter of GradientBoostingRegressor must be an int in the range [2, inf) or a float in the range (0.0, 1.0]. Got 1 instead.

  warnings.warn(some_fits_failed_message, FitFailedWarning)
/home/ggx/software/anaconda3/lib/python3.10/site-packages/sklearn/model_selection/_search.py:1102: UserWarning: One or more of the test scores are non-finite: [-4.56631534         nan -5.46864332 -4.19626465 -5.63934933 -4.95676735
 -7.00104323 -5.08544913 -3.24738192 -4.49998099 -1.92245161 -3.73028642
 -3.73028642 -5.62945095 -5.04675154         nan -1.03661486 -5.34382667
         nan -4.71753593]
  warnings.warn(
/home/ggx/software/anaconda3/lib/python3.10/site-packages/sklearn/model_selection/_validation.py:540: FitFailedWarning: 
10 fits failed out of a total of 100.
The score on these train-test partitions for these parameters will be set to nan.
If these failures are not expected, you can try to debug them by setting error_score='raise'.

Below are more details about the failures:
--------------------------------------------------------------------------------
10 fits failed with the following error:
Traceback (most recent call last):
  File "/home/ggx/software/anaconda3/lib/python3.10/site-packages/sklearn/model_selection/_validation.py", line 888, in _fit_and_score
    estimator.fit(X_train, y_train, **fit_params)
  File "/home/ggx/software/anaconda3/lib/python3.10/site-packages/sklearn/base.py", line 1466, in wrapper
    estimator._validate_params()
  File "/home/ggx/software/anaconda3/lib/python3.10/site-packages/sklearn/base.py", line 666, in _validate_params
    validate_parameter_constraints(
  File "/home/ggx/software/anaconda3/lib/python3.10/site-packages/sklearn/utils/_param_validation.py", line 95, in validate_parameter_constraints
    raise InvalidParameterError(
sklearn.utils._param_validation.InvalidParameterError: The 'min_samples_split' parameter of GradientBoostingRegressor must be an int in the range [2, inf) or a float in the range (0.0, 1.0]. Got 1 instead.

  warnings.warn(some_fits_failed_message, FitFailedWarning)
/home/ggx/software/anaconda3/lib/python3.10/site-packages/sklearn/model_selection/_search.py:1102: UserWarning: One or more of the test scores are non-finite: [-2.86255791         nan -1.13427448 -2.97847426 -1.9634124  -1.56603339
 -1.75934869 -3.24356234 -1.39737349 -1.56949373 -1.76175378 -2.18273201
 -2.2164351  -2.33143938 -1.83981039         nan -2.26363975 -1.60821311
 -2.46122628 -1.26898655]
  warnings.warn(
/home/ggx/software/anaconda3/lib/python3.10/site-packages/sklearn/model_selection/_validation.py:540: FitFailedWarning: 
25 fits failed out of a total of 100.
The score on these train-test partitions for these parameters will be set to nan.
If these failures are not expected, you can try to debug them by setting error_score='raise'.

Below are more details about the failures:
--------------------------------------------------------------------------------
25 fits failed with the following error:
Traceback (most recent call last):
  File "/home/ggx/software/anaconda3/lib/python3.10/site-packages/sklearn/model_selection/_validation.py", line 888, in _fit_and_score
    estimator.fit(X_train, y_train, **fit_params)
  File "/home/ggx/software/anaconda3/lib/python3.10/site-packages/sklearn/base.py", line 1466, in wrapper
    estimator._validate_params()
  File "/home/ggx/software/anaconda3/lib/python3.10/site-packages/sklearn/base.py", line 666, in _validate_params
    validate_parameter_constraints(
  File "/home/ggx/software/anaconda3/lib/python3.10/site-packages/sklearn/utils/_param_validation.py", line 95, in validate_parameter_constraints
    raise InvalidParameterError(
sklearn.utils._param_validation.InvalidParameterError: The 'min_samples_split' parameter of GradientBoostingRegressor must be an int in the range [2, inf) or a float in the range (0.0, 1.0]. Got 1 instead.

  warnings.warn(some_fits_failed_message, FitFailedWarning)
/home/ggx/software/anaconda3/lib/python3.10/site-packages/sklearn/model_selection/_search.py:1102: UserWarning: One or more of the test scores are non-finite: [-1.22957778         nan -1.44648215 -1.45478031 -1.21839608 -0.4173806
 -1.28159303         nan -1.61969873 -1.23210261 -0.88531975         nan
         nan -0.70425717 -1.51491546 -3.34930103         nan -1.41110337
 -8.45520898 -6.00907957]
  warnings.warn(
/home/ggx/software/anaconda3/lib/python3.10/site-packages/sklearn/model_selection/_validation.py:540: FitFailedWarning: 
25 fits failed out of a total of 100.
The score on these train-test partitions for these parameters will be set to nan.
If these failures are not expected, you can try to debug them by setting error_score='raise'.

Below are more details about the failures:
--------------------------------------------------------------------------------
25 fits failed with the following error:
Traceback (most recent call last):
  File "/home/ggx/software/anaconda3/lib/python3.10/site-packages/sklearn/model_selection/_validation.py", line 888, in _fit_and_score
    estimator.fit(X_train, y_train, **fit_params)
  File "/home/ggx/software/anaconda3/lib/python3.10/site-packages/sklearn/base.py", line 1466, in wrapper
    estimator._validate_params()
  File "/home/ggx/software/anaconda3/lib/python3.10/site-packages/sklearn/base.py", line 666, in _validate_params
    validate_parameter_constraints(
  File "/home/ggx/software/anaconda3/lib/python3.10/site-packages/sklearn/utils/_param_validation.py", line 95, in validate_parameter_constraints
    raise InvalidParameterError(
sklearn.utils._param_validation.InvalidParameterError: The 'min_samples_split' parameter of GradientBoostingRegressor must be an int in the range [2, inf) or a float in the range (0.0, 1.0]. Got 1 instead.

  warnings.warn(some_fits_failed_message, FitFailedWarning)
/home/ggx/software/anaconda3/lib/python3.10/site-packages/sklearn/model_selection/_search.py:1102: UserWarning: One or more of the test scores are non-finite: [        nan         nan         nan -0.22803791 -0.54361037 -0.17129688
 -0.3685037  -0.19271472 -0.07394983 -0.31018167 -0.81502162         nan
 -0.41767396 -0.39228727         nan  0.01941106 -0.11891518 -0.49168636
 -0.11365636 -0.10231465]
  warnings.warn(

Best parameter combination:
{'n_estimators': 350, 'min_weight_fraction_leaf': 0.08, 'min_samples_split': 8, 'min_samples_leaf': 1, 'min_impurity_decrease': 0.01, 'max_features': 1, 'max_depth': 8, 'learning_rate': 0.02, 'alpha': 0.6}
Train R²: 0.9714, Test R²: -0.2208

Using random_state=2 for training

Best parameter combination:
{'n_estimators': 50, 'min_weight_fraction_leaf': 0, 'min_samples_split': 8, 'min_samples_leaf': 2, 'min_impurity_decrease': 0.01, 'max_features': 3, 'max_depth': 8, 'learning_rate': 0.8, 'alpha': 0.2}
Train R²: 0.9926, Test R²: -1.6866

Using random_state=3 for training

Best parameter combination:
{'n_estimators': 200, 'min_weight_fraction_leaf': 0.08, 'min_samples_split': 4, 'min_samples_leaf': 7, 'min_impurity_decrease': 0.01, 'max_features': 6, 'max_depth': 6, 'learning_rate': 0.06, 'alpha': 0.7}
Train R²: 0.9575, Test R²: 0.0515

Using random_state=4 for training

Best parameter combination:
{'n_estimators': 300, 'min_weight_fraction_leaf': 0.06, 'min_samples_split': 4, 'min_samples_leaf': 5, 'min_impurity_decrease': 0.01, 'max_features': 1, 'max_depth': 7, 'learning_rate': 0.02, 'alpha': 0.9}
Train R²: 0.9484, Test R²: -0.1005

Using random_state=5 for training

Best parameter combination:
{'n_estimators': 350, 'min_weight_fraction_leaf': 0, 'min_samples_split': 6, 'min_samples_leaf': 1, 'min_impurity_decrease': 0.01, 'max_features': 3, 'max_depth': 8, 'learning_rate': 0.02, 'alpha': 0.92}
Train R²: 0.9848, Test R²: 0.0190

Using random_state=6 for training

Best parameter combination:
{'n_estimators': 450, 'min_weight_fraction_leaf': 0.02, 'min_samples_split': 10, 'min_samples_leaf': 2, 'min_impurity_decrease': 0.01, 'max_features': 1, 'max_depth': 6, 'learning_rate': 0.5, 'alpha': 0.1}
Train R²: 0.9876, Test R²: 0.0640

Using random_state=7 for training

Best parameter combination:
{'n_estimators': 450, 'min_weight_fraction_leaf': 0, 'min_samples_split': 4, 'min_samples_leaf': 5, 'min_impurity_decrease': 0.008, 'max_features': 4, 'max_depth': 7, 'learning_rate': 0.02, 'alpha': 0.2}
Train R²: 0.9727, Test R²: 0.3877

Using random_state=8 for training

Best parameter combination:
{'n_estimators': 350, 'min_weight_fraction_leaf': 0.02, 'min_samples_split': 8, 'min_samples_leaf': 2, 'min_impurity_decrease': 0.01, 'max_features': 1, 'max_depth': 7, 'learning_rate': 0.01, 'alpha': 0.7}
Train R²: 0.9658, Test R²: -0.0112

Using random_state=9 for training

Best parameter combination:
{'n_estimators': 100, 'min_weight_fraction_leaf': 0.04, 'min_samples_split': 4, 'min_samples_leaf': 2, 'min_impurity_decrease': 0.01, 'max_features': 1, 'max_depth': 6, 'learning_rate': 0.06, 'alpha': 0.92}
Train R²: 0.9778, Test R²: 0.3234

Using random_state=10 for training

Best parameter combination:
{'n_estimators': 100, 'min_weight_fraction_leaf': 0.08, 'min_samples_split': 4, 'min_samples_leaf': 5, 'min_impurity_decrease': 0.01, 'max_features': 2, 'max_depth': 7, 'learning_rate': 0.06, 'alpha': 0.92}
Train R²: 0.9487, Test R²: 0.1893

Using random_state=11 for training

Best parameter combination:
{'n_estimators': 400, 'min_weight_fraction_leaf': 0.06, 'min_samples_split': 6, 'min_samples_leaf': 7, 'min_impurity_decrease': 0.008, 'max_features': 3, 'max_depth': 6, 'learning_rate': 0.5, 'alpha': 0.92}
Train R²: 0.9707, Test R²: 0.3134

Using random_state=12 for training

Best parameter combination:
{'n_estimators': 200, 'min_weight_fraction_leaf': 0.06, 'min_samples_split': 10, 'min_samples_leaf': 9, 'min_impurity_decrease': 0.01, 'max_features': 3, 'max_depth': 8, 'learning_rate': 0.06, 'alpha': 0.1}
Train R²: 0.7816, Test R²: 0.4871

Using random_state=13 for training

Best parameter combination:
{'n_estimators': 400, 'min_weight_fraction_leaf': 0.02, 'min_samples_split': 2, 'min_samples_leaf': 5, 'min_impurity_decrease': 0.01, 'max_features': 1, 'max_depth': 3, 'learning_rate': 0.5, 'alpha': 0.9}
Train R²: 0.9707, Test R²: 0.1571

Using random_state=14 for training

Best parameter combination:
{'n_estimators': 250, 'min_weight_fraction_leaf': 0.06, 'min_samples_split': 6, 'min_samples_leaf': 5, 'min_impurity_decrease': 0.01, 'max_features': 4, 'max_depth': 7, 'learning_rate': 0.02, 'alpha': 0.5}
Train R²: 0.9746, Test R²: -0.0886

Using random_state=15 for training

Best parameter combination:
{'n_estimators': 150, 'min_weight_fraction_leaf': 0.02, 'min_samples_split': 6, 'min_samples_leaf': 9, 'min_impurity_decrease': 0.008, 'max_features': 2, 'max_depth': 9, 'learning_rate': 0.5, 'alpha': 0.6}
Train R²: 0.9688, Test R²: -0.3348

Using random_state=16 for training

Best parameter combination:
{'n_estimators': 150, 'min_weight_fraction_leaf': 0.08, 'min_samples_split': 6, 'min_samples_leaf': 5, 'min_impurity_decrease': 0.008, 'max_features': 2, 'max_depth': 8, 'learning_rate': 0.5, 'alpha': 0.1}
Train R²: 0.9780, Test R²: 0.4640

Using random_state=17 for training

Best parameter combination:
{'n_estimators': 300, 'min_weight_fraction_leaf': 0.08, 'min_samples_split': 2, 'min_samples_leaf': 5, 'min_impurity_decrease': 0.008, 'max_features': 2, 'max_depth': 2, 'learning_rate': 0.02, 'alpha': 0.7}
Train R²: 0.8752, Test R²: 0.6133

Using random_state=18 for training

Best parameter combination:
{'n_estimators': 150, 'min_weight_fraction_leaf': 0.04, 'min_samples_split': 12, 'min_samples_leaf': 9, 'min_impurity_decrease': 0.01, 'max_features': 12, 'max_depth': 4, 'learning_rate': 0.8, 'alpha': 0.2}
Train R²: 0.9508, Test R²: 0.1382

Using random_state=19 for training

Best parameter combination:
{'n_estimators': 350, 'min_weight_fraction_leaf': 0.08, 'min_samples_split': 6, 'min_samples_leaf': 7, 'min_impurity_decrease': 0.008, 'max_features': 3, 'max_depth': 3, 'learning_rate': 0.8, 'alpha': 0.8}
Train R²: 0.9852, Test R²: 0.6757

Using random_state=20 for training

Best parameter combination:
{'n_estimators': 100, 'min_weight_fraction_leaf': 0.08, 'min_samples_split': 2, 'min_samples_leaf': 1, 'min_impurity_decrease': 0.01, 'max_features': 6, 'max_depth': 7, 'learning_rate': 0.06, 'alpha': 0.7}
Train R²: 0.9782, Test R²: -0.1041

Using random_state=21 for training

Best parameter combination:
{'n_estimators': 300, 'min_weight_fraction_leaf': 0.08, 'min_samples_split': 8, 'min_samples_leaf': 5, 'min_impurity_decrease': 0.01, 'max_features': 4, 'max_depth': 3, 'learning_rate': 0.5, 'alpha': 0.7}
Train R²: 0.9853, Test R²: -0.8529

Using random_state=22 for training

Best parameter combination:
{'n_estimators': 100, 'min_weight_fraction_leaf': 0.02, 'min_samples_split': 2, 'min_samples_leaf': 9, 'min_impurity_decrease': 0.01, 'max_features': 8, 'max_depth': 7, 'learning_rate': 0.5, 'alpha': 0.2}
Train R²: 0.9552, Test R²: 0.3139

Using random_state=23 for training

Best parameter combination:
{'n_estimators': 50, 'min_weight_fraction_leaf': 0.08, 'min_samples_split': 8, 'min_samples_leaf': 7, 'min_impurity_decrease': 0.008, 'max_features': 3, 'max_depth': 2, 'learning_rate': 0.5, 'alpha': 0.6}
Train R²: 0.9693, Test R²: 0.3277

Using random_state=24 for training

Best parameter combination:
{'n_estimators': 150, 'min_weight_fraction_leaf': 0.04, 'min_samples_split': 8, 'min_samples_leaf': 5, 'min_impurity_decrease': 0.008, 'max_features': 8, 'max_depth': 7, 'learning_rate': 0.5, 'alpha': 0.9}
Train R²: 0.9824, Test R²: 0.6085

Using random_state=25 for training

Best parameter combination:
{'n_estimators': 200, 'min_weight_fraction_leaf': 0.06, 'min_samples_split': 12, 'min_samples_leaf': 1, 'min_impurity_decrease': 0.01, 'max_features': 3, 'max_depth': 7, 'learning_rate': 0.5, 'alpha': 0.2}
Train R²: 0.9856, Test R²: 0.5954

Using random_state=26 for training

Best parameter combination:
{'n_estimators': 450, 'min_weight_fraction_leaf': 0.06, 'min_samples_split': 2, 'min_samples_leaf': 5, 'min_impurity_decrease': 0.01, 'max_features': 12, 'max_depth': 7, 'learning_rate': 0.06, 'alpha': 0.8}
Train R²: 0.9695, Test R²: 0.3278

Using random_state=27 for training

Best parameter combination:
/home/ggx/software/anaconda3/lib/python3.10/site-packages/sklearn/model_selection/_validation.py:540: FitFailedWarning: 
10 fits failed out of a total of 100.
The score on these train-test partitions for these parameters will be set to nan.
If these failures are not expected, you can try to debug them by setting error_score='raise'.

Below are more details about the failures:
--------------------------------------------------------------------------------
10 fits failed with the following error:
Traceback (most recent call last):
  File "/home/ggx/software/anaconda3/lib/python3.10/site-packages/sklearn/model_selection/_validation.py", line 888, in _fit_and_score
    estimator.fit(X_train, y_train, **fit_params)
  File "/home/ggx/software/anaconda3/lib/python3.10/site-packages/sklearn/base.py", line 1466, in wrapper
    estimator._validate_params()
  File "/home/ggx/software/anaconda3/lib/python3.10/site-packages/sklearn/base.py", line 666, in _validate_params
    validate_parameter_constraints(
  File "/home/ggx/software/anaconda3/lib/python3.10/site-packages/sklearn/utils/_param_validation.py", line 95, in validate_parameter_constraints
    raise InvalidParameterError(
sklearn.utils._param_validation.InvalidParameterError: The 'min_samples_split' parameter of GradientBoostingRegressor must be an int in the range [2, inf) or a float in the range (0.0, 1.0]. Got 1 instead.

  warnings.warn(some_fits_failed_message, FitFailedWarning)
/home/ggx/software/anaconda3/lib/python3.10/site-packages/sklearn/model_selection/_search.py:1102: UserWarning: One or more of the test scores are non-finite: [ 0.01062638 -0.49801567 -0.35060001 -0.20349356 -0.17845008         nan
 -0.18053208 -0.56722202 -0.24336335 -0.25186288 -0.66313565 -0.18768589
 -0.13855738 -0.22403443 -0.19403752 -1.03926247 -0.17384335 -0.15325077
 -1.05915889         nan]
  warnings.warn(
/home/ggx/software/anaconda3/lib/python3.10/site-packages/sklearn/model_selection/_validation.py:540: FitFailedWarning: 
15 fits failed out of a total of 100.
The score on these train-test partitions for these parameters will be set to nan.
If these failures are not expected, you can try to debug them by setting error_score='raise'.

Below are more details about the failures:
--------------------------------------------------------------------------------
15 fits failed with the following error:
Traceback (most recent call last):
  File "/home/ggx/software/anaconda3/lib/python3.10/site-packages/sklearn/model_selection/_validation.py", line 888, in _fit_and_score
    estimator.fit(X_train, y_train, **fit_params)
  File "/home/ggx/software/anaconda3/lib/python3.10/site-packages/sklearn/base.py", line 1466, in wrapper
    estimator._validate_params()
  File "/home/ggx/software/anaconda3/lib/python3.10/site-packages/sklearn/base.py", line 666, in _validate_params
    validate_parameter_constraints(
  File "/home/ggx/software/anaconda3/lib/python3.10/site-packages/sklearn/utils/_param_validation.py", line 95, in validate_parameter_constraints
    raise InvalidParameterError(
sklearn.utils._param_validation.InvalidParameterError: The 'min_samples_split' parameter of GradientBoostingRegressor must be an int in the range [2, inf) or a float in the range (0.0, 1.0]. Got 1 instead.

  warnings.warn(some_fits_failed_message, FitFailedWarning)
/home/ggx/software/anaconda3/lib/python3.10/site-packages/sklearn/model_selection/_search.py:1102: UserWarning: One or more of the test scores are non-finite: [-0.14907222 -0.02764887 -0.41298509 -1.00156376 -0.06675697         nan
 -0.12718582 -0.1446913  -0.60817842 -0.13645536 -0.85021518 -0.01689417
 -0.16173772 -0.48645787 -0.12690904         nan -0.05562993 -0.08819674
         nan -0.22564346]
  warnings.warn(
/home/ggx/software/anaconda3/lib/python3.10/site-packages/sklearn/model_selection/_validation.py:540: FitFailedWarning: 
20 fits failed out of a total of 100.
The score on these train-test partitions for these parameters will be set to nan.
If these failures are not expected, you can try to debug them by setting error_score='raise'.

Below are more details about the failures:
--------------------------------------------------------------------------------
20 fits failed with the following error:
Traceback (most recent call last):
  File "/home/ggx/software/anaconda3/lib/python3.10/site-packages/sklearn/model_selection/_validation.py", line 888, in _fit_and_score
    estimator.fit(X_train, y_train, **fit_params)
  File "/home/ggx/software/anaconda3/lib/python3.10/site-packages/sklearn/base.py", line 1466, in wrapper
    estimator._validate_params()
  File "/home/ggx/software/anaconda3/lib/python3.10/site-packages/sklearn/base.py", line 666, in _validate_params
    validate_parameter_constraints(
  File "/home/ggx/software/anaconda3/lib/python3.10/site-packages/sklearn/utils/_param_validation.py", line 95, in validate_parameter_constraints
    raise InvalidParameterError(
sklearn.utils._param_validation.InvalidParameterError: The 'min_samples_split' parameter of GradientBoostingRegressor must be an int in the range [2, inf) or a float in the range (0.0, 1.0]. Got 1 instead.

  warnings.warn(some_fits_failed_message, FitFailedWarning)
/home/ggx/software/anaconda3/lib/python3.10/site-packages/sklearn/model_selection/_search.py:1102: UserWarning: One or more of the test scores are non-finite: [-0.13959023  0.02024689 -0.67267058         nan         nan  0.11019922
  0.09434263         nan  0.17638419  0.12477889 -0.12966522  0.04670305
 -0.22204053 -0.26663514  0.24795799 -0.07595996         nan  0.0176568
  0.26172322  0.15799389]
  warnings.warn(
/home/ggx/software/anaconda3/lib/python3.10/site-packages/sklearn/model_selection/_validation.py:540: FitFailedWarning: 
15 fits failed out of a total of 100.
The score on these train-test partitions for these parameters will be set to nan.
If these failures are not expected, you can try to debug them by setting error_score='raise'.

Below are more details about the failures:
--------------------------------------------------------------------------------
15 fits failed with the following error:
Traceback (most recent call last):
  File "/home/ggx/software/anaconda3/lib/python3.10/site-packages/sklearn/model_selection/_validation.py", line 888, in _fit_and_score
    estimator.fit(X_train, y_train, **fit_params)
  File "/home/ggx/software/anaconda3/lib/python3.10/site-packages/sklearn/base.py", line 1466, in wrapper
    estimator._validate_params()
  File "/home/ggx/software/anaconda3/lib/python3.10/site-packages/sklearn/base.py", line 666, in _validate_params
    validate_parameter_constraints(
  File "/home/ggx/software/anaconda3/lib/python3.10/site-packages/sklearn/utils/_param_validation.py", line 95, in validate_parameter_constraints
    raise InvalidParameterError(
sklearn.utils._param_validation.InvalidParameterError: The 'min_samples_split' parameter of GradientBoostingRegressor must be an int in the range [2, inf) or a float in the range (0.0, 1.0]. Got 1 instead.

  warnings.warn(some_fits_failed_message, FitFailedWarning)
/home/ggx/software/anaconda3/lib/python3.10/site-packages/sklearn/model_selection/_search.py:1102: UserWarning: One or more of the test scores are non-finite: [-3.01115354 -2.32869581 -2.96870512 -2.95880075 -0.86520828 -1.5181477
         nan -0.81623374 -2.90735804 -1.44460974 -1.9019221  -0.79107595
 -0.92268888         nan         nan -0.81709121 -2.81258303 -2.03477549
 -2.51086568 -2.33876116]
  warnings.warn(
/home/ggx/software/anaconda3/lib/python3.10/site-packages/sklearn/model_selection/_validation.py:540: FitFailedWarning: 
10 fits failed out of a total of 100.
The score on these train-test partitions for these parameters will be set to nan.
If these failures are not expected, you can try to debug them by setting error_score='raise'.

Below are more details about the failures:
--------------------------------------------------------------------------------
10 fits failed with the following error:
Traceback (most recent call last):
  File "/home/ggx/software/anaconda3/lib/python3.10/site-packages/sklearn/model_selection/_validation.py", line 888, in _fit_and_score
    estimator.fit(X_train, y_train, **fit_params)
  File "/home/ggx/software/anaconda3/lib/python3.10/site-packages/sklearn/base.py", line 1466, in wrapper
    estimator._validate_params()
  File "/home/ggx/software/anaconda3/lib/python3.10/site-packages/sklearn/base.py", line 666, in _validate_params
    validate_parameter_constraints(
  File "/home/ggx/software/anaconda3/lib/python3.10/site-packages/sklearn/utils/_param_validation.py", line 95, in validate_parameter_constraints
    raise InvalidParameterError(
sklearn.utils._param_validation.InvalidParameterError: The 'min_samples_split' parameter of GradientBoostingRegressor must be an int in the range [2, inf) or a float in the range (0.0, 1.0]. Got 1 instead.

  warnings.warn(some_fits_failed_message, FitFailedWarning)
/home/ggx/software/anaconda3/lib/python3.10/site-packages/sklearn/model_selection/_search.py:1102: UserWarning: One or more of the test scores are non-finite: [-0.11545823 -0.06548606  0.00136147  0.01135375  0.09416852 -0.09324988
 -0.7436436  -0.63587678 -0.22294197 -0.21467891         nan -0.17443197
  0.006279    0.0077817  -0.42142872         nan -0.07706243 -0.01232769
 -0.42829354  0.09727145]
  warnings.warn(
/home/ggx/software/anaconda3/lib/python3.10/site-packages/sklearn/model_selection/_validation.py:540: FitFailedWarning: 
15 fits failed out of a total of 100.
The score on these train-test partitions for these parameters will be set to nan.
If these failures are not expected, you can try to debug them by setting error_score='raise'.

Below are more details about the failures:
--------------------------------------------------------------------------------
15 fits failed with the following error:
Traceback (most recent call last):
  File "/home/ggx/software/anaconda3/lib/python3.10/site-packages/sklearn/model_selection/_validation.py", line 888, in _fit_and_score
    estimator.fit(X_train, y_train, **fit_params)
  File "/home/ggx/software/anaconda3/lib/python3.10/site-packages/sklearn/base.py", line 1466, in wrapper
    estimator._validate_params()
  File "/home/ggx/software/anaconda3/lib/python3.10/site-packages/sklearn/base.py", line 666, in _validate_params
    validate_parameter_constraints(
  File "/home/ggx/software/anaconda3/lib/python3.10/site-packages/sklearn/utils/_param_validation.py", line 95, in validate_parameter_constraints
    raise InvalidParameterError(
sklearn.utils._param_validation.InvalidParameterError: The 'min_samples_split' parameter of GradientBoostingRegressor must be an int in the range [2, inf) or a float in the range (0.0, 1.0]. Got 1 instead.

  warnings.warn(some_fits_failed_message, FitFailedWarning)
/home/ggx/software/anaconda3/lib/python3.10/site-packages/sklearn/model_selection/_search.py:1102: UserWarning: One or more of the test scores are non-finite: [-0.97617735 -3.27143012 -1.17353432         nan -1.21476574 -0.86503646
 -3.30249969 -0.55344478 -3.62763809 -2.55198343         nan -2.97715086
         nan -2.22773956 -1.49281528 -1.30359058 -1.25668213 -1.58493881
 -0.85952576 -2.00832395]
  warnings.warn(
/home/ggx/software/anaconda3/lib/python3.10/site-packages/sklearn/model_selection/_validation.py:540: FitFailedWarning: 
20 fits failed out of a total of 100.
The score on these train-test partitions for these parameters will be set to nan.
If these failures are not expected, you can try to debug them by setting error_score='raise'.

Below are more details about the failures:
--------------------------------------------------------------------------------
20 fits failed with the following error:
Traceback (most recent call last):
  File "/home/ggx/software/anaconda3/lib/python3.10/site-packages/sklearn/model_selection/_validation.py", line 888, in _fit_and_score
    estimator.fit(X_train, y_train, **fit_params)
  File "/home/ggx/software/anaconda3/lib/python3.10/site-packages/sklearn/base.py", line 1466, in wrapper
    estimator._validate_params()
  File "/home/ggx/software/anaconda3/lib/python3.10/site-packages/sklearn/base.py", line 666, in _validate_params
    validate_parameter_constraints(
  File "/home/ggx/software/anaconda3/lib/python3.10/site-packages/sklearn/utils/_param_validation.py", line 95, in validate_parameter_constraints
    raise InvalidParameterError(
sklearn.utils._param_validation.InvalidParameterError: The 'min_samples_split' parameter of GradientBoostingRegressor must be an int in the range [2, inf) or a float in the range (0.0, 1.0]. Got 1 instead.

  warnings.warn(some_fits_failed_message, FitFailedWarning)
/home/ggx/software/anaconda3/lib/python3.10/site-packages/sklearn/model_selection/_search.py:1102: UserWarning: One or more of the test scores are non-finite: [        nan -0.24638716  0.12683584  0.06758837         nan -0.18881446
 -0.67962181 -0.71876273 -0.2481032  -0.18975302         nan         nan
 -0.21584743 -0.2770716  -0.23626844 -0.16378751 -0.21550233 -0.90328167
 -0.16328551 -0.41934741]
  warnings.warn(
/home/ggx/software/anaconda3/lib/python3.10/site-packages/sklearn/model_selection/_validation.py:540: FitFailedWarning: 
5 fits failed out of a total of 100.
The score on these train-test partitions for these parameters will be set to nan.
If these failures are not expected, you can try to debug them by setting error_score='raise'.

Below are more details about the failures:
--------------------------------------------------------------------------------
5 fits failed with the following error:
Traceback (most recent call last):
  File "/home/ggx/software/anaconda3/lib/python3.10/site-packages/sklearn/model_selection/_validation.py", line 888, in _fit_and_score
    estimator.fit(X_train, y_train, **fit_params)
  File "/home/ggx/software/anaconda3/lib/python3.10/site-packages/sklearn/base.py", line 1466, in wrapper
    estimator._validate_params()
  File "/home/ggx/software/anaconda3/lib/python3.10/site-packages/sklearn/base.py", line 666, in _validate_params
    validate_parameter_constraints(
  File "/home/ggx/software/anaconda3/lib/python3.10/site-packages/sklearn/utils/_param_validation.py", line 95, in validate_parameter_constraints
    raise InvalidParameterError(
sklearn.utils._param_validation.InvalidParameterError: The 'min_samples_split' parameter of GradientBoostingRegressor must be an int in the range [2, inf) or a float in the range (0.0, 1.0]. Got 1 instead.

  warnings.warn(some_fits_failed_message, FitFailedWarning)
/home/ggx/software/anaconda3/lib/python3.10/site-packages/sklearn/model_selection/_search.py:1102: UserWarning: One or more of the test scores are non-finite: [-1.4418282  -5.34757438 -2.68202729 -2.18588247 -3.91812532 -1.67602562
 -1.21975352 -1.70241441 -1.29648753 -2.00236378         nan -1.57247532
 -3.43247418 -1.35104867 -1.7453706  -3.07491897 -1.90882909 -1.25176092
 -2.08916945 -2.10844786]
  warnings.warn(
/home/ggx/software/anaconda3/lib/python3.10/site-packages/sklearn/model_selection/_validation.py:540: FitFailedWarning: 
15 fits failed out of a total of 100.
The score on these train-test partitions for these parameters will be set to nan.
If these failures are not expected, you can try to debug them by setting error_score='raise'.

Below are more details about the failures:
--------------------------------------------------------------------------------
15 fits failed with the following error:
Traceback (most recent call last):
  File "/home/ggx/software/anaconda3/lib/python3.10/site-packages/sklearn/model_selection/_validation.py", line 888, in _fit_and_score
    estimator.fit(X_train, y_train, **fit_params)
  File "/home/ggx/software/anaconda3/lib/python3.10/site-packages/sklearn/base.py", line 1466, in wrapper
    estimator._validate_params()
  File "/home/ggx/software/anaconda3/lib/python3.10/site-packages/sklearn/base.py", line 666, in _validate_params
    validate_parameter_constraints(
  File "/home/ggx/software/anaconda3/lib/python3.10/site-packages/sklearn/utils/_param_validation.py", line 95, in validate_parameter_constraints
    raise InvalidParameterError(
sklearn.utils._param_validation.InvalidParameterError: The 'min_samples_split' parameter of GradientBoostingRegressor must be an int in the range [2, inf) or a float in the range (0.0, 1.0]. Got 1 instead.

  warnings.warn(some_fits_failed_message, FitFailedWarning)
/home/ggx/software/anaconda3/lib/python3.10/site-packages/sklearn/model_selection/_search.py:1102: UserWarning: One or more of the test scores are non-finite: [-1.35812162 -1.43415585 -2.58472116 -1.30931037 -1.63981422         nan
 -1.31098046 -1.56797843 -1.63390938 -1.74168876         nan         nan
 -1.44351513 -1.24304225 -1.59924024 -1.83439468 -2.04624479 -1.21886553
 -0.88747431 -1.51448017]
  warnings.warn(
/home/ggx/software/anaconda3/lib/python3.10/site-packages/sklearn/model_selection/_validation.py:540: FitFailedWarning: 
15 fits failed out of a total of 100.
The score on these train-test partitions for these parameters will be set to nan.
If these failures are not expected, you can try to debug them by setting error_score='raise'.

Below are more details about the failures:
--------------------------------------------------------------------------------
15 fits failed with the following error:
Traceback (most recent call last):
  File "/home/ggx/software/anaconda3/lib/python3.10/site-packages/sklearn/model_selection/_validation.py", line 888, in _fit_and_score
    estimator.fit(X_train, y_train, **fit_params)
  File "/home/ggx/software/anaconda3/lib/python3.10/site-packages/sklearn/base.py", line 1466, in wrapper
    estimator._validate_params()
  File "/home/ggx/software/anaconda3/lib/python3.10/site-packages/sklearn/base.py", line 666, in _validate_params
    validate_parameter_constraints(
  File "/home/ggx/software/anaconda3/lib/python3.10/site-packages/sklearn/utils/_param_validation.py", line 95, in validate_parameter_constraints
    raise InvalidParameterError(
sklearn.utils._param_validation.InvalidParameterError: The 'min_samples_split' parameter of GradientBoostingRegressor must be an int in the range [2, inf) or a float in the range (0.0, 1.0]. Got 1 instead.

  warnings.warn(some_fits_failed_message, FitFailedWarning)
/home/ggx/software/anaconda3/lib/python3.10/site-packages/sklearn/model_selection/_search.py:1102: UserWarning: One or more of the test scores are non-finite: [-0.9467547  -2.30407696 -3.25195654         nan -1.7639857  -1.38533575
 -1.59611566         nan -0.7912783  -2.12163684 -3.53568006 -2.45628299
 -0.54074126 -0.96207933 -1.60004695         nan -1.69241394 -0.75018023
 -1.94527693 -1.27635489]
  warnings.warn(
/home/ggx/software/anaconda3/lib/python3.10/site-packages/sklearn/model_selection/_validation.py:540: FitFailedWarning: 
10 fits failed out of a total of 100.
The score on these train-test partitions for these parameters will be set to nan.
If these failures are not expected, you can try to debug them by setting error_score='raise'.

Below are more details about the failures:
--------------------------------------------------------------------------------
10 fits failed with the following error:
Traceback (most recent call last):
  File "/home/ggx/software/anaconda3/lib/python3.10/site-packages/sklearn/model_selection/_validation.py", line 888, in _fit_and_score
    estimator.fit(X_train, y_train, **fit_params)
  File "/home/ggx/software/anaconda3/lib/python3.10/site-packages/sklearn/base.py", line 1466, in wrapper
    estimator._validate_params()
  File "/home/ggx/software/anaconda3/lib/python3.10/site-packages/sklearn/base.py", line 666, in _validate_params
    validate_parameter_constraints(
  File "/home/ggx/software/anaconda3/lib/python3.10/site-packages/sklearn/utils/_param_validation.py", line 95, in validate_parameter_constraints
    raise InvalidParameterError(
sklearn.utils._param_validation.InvalidParameterError: The 'min_samples_split' parameter of GradientBoostingRegressor must be an int in the range [2, inf) or a float in the range (0.0, 1.0]. Got 1 instead.

  warnings.warn(some_fits_failed_message, FitFailedWarning)
/home/ggx/software/anaconda3/lib/python3.10/site-packages/sklearn/model_selection/_search.py:1102: UserWarning: One or more of the test scores are non-finite: [-0.72953453 -1.12912174 -0.54114633         nan -0.8648047  -0.94423912
         nan -1.11203073 -0.67144826 -0.60026612 -0.994829   -0.78615429
 -0.40144914 -1.35512714 -0.59505396 -0.39889121 -1.02417929 -0.43937321
 -1.00248072 -0.64476217]
  warnings.warn(
/home/ggx/software/anaconda3/lib/python3.10/site-packages/sklearn/model_selection/_validation.py:540: FitFailedWarning: 
10 fits failed out of a total of 100.
The score on these train-test partitions for these parameters will be set to nan.
If these failures are not expected, you can try to debug them by setting error_score='raise'.

Below are more details about the failures:
--------------------------------------------------------------------------------
10 fits failed with the following error:
Traceback (most recent call last):
  File "/home/ggx/software/anaconda3/lib/python3.10/site-packages/sklearn/model_selection/_validation.py", line 888, in _fit_and_score
    estimator.fit(X_train, y_train, **fit_params)
  File "/home/ggx/software/anaconda3/lib/python3.10/site-packages/sklearn/base.py", line 1466, in wrapper
    estimator._validate_params()
  File "/home/ggx/software/anaconda3/lib/python3.10/site-packages/sklearn/base.py", line 666, in _validate_params
    validate_parameter_constraints(
  File "/home/ggx/software/anaconda3/lib/python3.10/site-packages/sklearn/utils/_param_validation.py", line 95, in validate_parameter_constraints
    raise InvalidParameterError(
sklearn.utils._param_validation.InvalidParameterError: The 'min_samples_split' parameter of GradientBoostingRegressor must be an int in the range [2, inf) or a float in the range (0.0, 1.0]. Got 1 instead.

  warnings.warn(some_fits_failed_message, FitFailedWarning)
/home/ggx/software/anaconda3/lib/python3.10/site-packages/sklearn/model_selection/_search.py:1102: UserWarning: One or more of the test scores are non-finite: [-0.7098378          nan -0.50122552 -0.64134324 -0.5269932  -0.84169335
 -0.68986844 -0.75882099 -0.58660522 -0.57280175 -0.78009467 -0.67326925
 -0.65348021 -0.43503326 -0.4140497  -0.39779115         nan -0.64701063
 -0.51835914 -0.58770581]
  warnings.warn(
/home/ggx/software/anaconda3/lib/python3.10/site-packages/sklearn/model_selection/_validation.py:540: FitFailedWarning: 
40 fits failed out of a total of 100.
The score on these train-test partitions for these parameters will be set to nan.
If these failures are not expected, you can try to debug them by setting error_score='raise'.

Below are more details about the failures:
--------------------------------------------------------------------------------
40 fits failed with the following error:
Traceback (most recent call last):
  File "/home/ggx/software/anaconda3/lib/python3.10/site-packages/sklearn/model_selection/_validation.py", line 888, in _fit_and_score
    estimator.fit(X_train, y_train, **fit_params)
  File "/home/ggx/software/anaconda3/lib/python3.10/site-packages/sklearn/base.py", line 1466, in wrapper
    estimator._validate_params()
  File "/home/ggx/software/anaconda3/lib/python3.10/site-packages/sklearn/base.py", line 666, in _validate_params
    validate_parameter_constraints(
  File "/home/ggx/software/anaconda3/lib/python3.10/site-packages/sklearn/utils/_param_validation.py", line 95, in validate_parameter_constraints
    raise InvalidParameterError(
sklearn.utils._param_validation.InvalidParameterError: The 'min_samples_split' parameter of GradientBoostingRegressor must be an int in the range [2, inf) or a float in the range (0.0, 1.0]. Got 1 instead.

  warnings.warn(some_fits_failed_message, FitFailedWarning)
/home/ggx/software/anaconda3/lib/python3.10/site-packages/sklearn/model_selection/_search.py:1102: UserWarning: One or more of the test scores are non-finite: [        nan         nan -1.78650709 -2.65388556         nan         nan
         nan -1.6108624  -2.52411826 -6.36203073 -3.7459111  -2.2441312
 -2.10828853 -3.15740619         nan -0.94122831 -2.15195703         nan
 -1.03519306         nan]
  warnings.warn(
/home/ggx/software/anaconda3/lib/python3.10/site-packages/sklearn/model_selection/_validation.py:540: FitFailedWarning: 
15 fits failed out of a total of 100.
The score on these train-test partitions for these parameters will be set to nan.
If these failures are not expected, you can try to debug them by setting error_score='raise'.

Below are more details about the failures:
--------------------------------------------------------------------------------
15 fits failed with the following error:
Traceback (most recent call last):
  File "/home/ggx/software/anaconda3/lib/python3.10/site-packages/sklearn/model_selection/_validation.py", line 888, in _fit_and_score
    estimator.fit(X_train, y_train, **fit_params)
  File "/home/ggx/software/anaconda3/lib/python3.10/site-packages/sklearn/base.py", line 1466, in wrapper
    estimator._validate_params()
  File "/home/ggx/software/anaconda3/lib/python3.10/site-packages/sklearn/base.py", line 666, in _validate_params
    validate_parameter_constraints(
  File "/home/ggx/software/anaconda3/lib/python3.10/site-packages/sklearn/utils/_param_validation.py", line 95, in validate_parameter_constraints
    raise InvalidParameterError(
sklearn.utils._param_validation.InvalidParameterError: The 'min_samples_split' parameter of GradientBoostingRegressor must be an int in the range [2, inf) or a float in the range (0.0, 1.0]. Got 1 instead.

  warnings.warn(some_fits_failed_message, FitFailedWarning)
/home/ggx/software/anaconda3/lib/python3.10/site-packages/sklearn/model_selection/_search.py:1102: UserWarning: One or more of the test scores are non-finite: [-1.08565999 -0.77017704 -0.64886258 -0.51991389 -0.59476738 -0.77760257
 -1.30081289 -0.65265767 -0.78801358 -0.80586833 -2.12144327         nan
         nan -1.00328544 -0.7776375          nan -1.10434758 -0.50500467
 -0.61296386 -1.11139209]
  warnings.warn(
/home/ggx/software/anaconda3/lib/python3.10/site-packages/sklearn/model_selection/_validation.py:540: FitFailedWarning: 
10 fits failed out of a total of 100.
The score on these train-test partitions for these parameters will be set to nan.
If these failures are not expected, you can try to debug them by setting error_score='raise'.

Below are more details about the failures:
--------------------------------------------------------------------------------
10 fits failed with the following error:
Traceback (most recent call last):
  File "/home/ggx/software/anaconda3/lib/python3.10/site-packages/sklearn/model_selection/_validation.py", line 888, in _fit_and_score
    estimator.fit(X_train, y_train, **fit_params)
  File "/home/ggx/software/anaconda3/lib/python3.10/site-packages/sklearn/base.py", line 1466, in wrapper
    estimator._validate_params()
  File "/home/ggx/software/anaconda3/lib/python3.10/site-packages/sklearn/base.py", line 666, in _validate_params
    validate_parameter_constraints(
  File "/home/ggx/software/anaconda3/lib/python3.10/site-packages/sklearn/utils/_param_validation.py", line 95, in validate_parameter_constraints
    raise InvalidParameterError(
sklearn.utils._param_validation.InvalidParameterError: The 'min_samples_split' parameter of GradientBoostingRegressor must be an int in the range [2, inf) or a float in the range (0.0, 1.0]. Got 1 instead.

  warnings.warn(some_fits_failed_message, FitFailedWarning)
/home/ggx/software/anaconda3/lib/python3.10/site-packages/sklearn/model_selection/_search.py:1102: UserWarning: One or more of the test scores are non-finite: [-1.16553697 -1.24375381 -0.9148405  -1.45553679 -0.46849856 -1.43593465
 -1.993829           nan -0.3981146  -3.26287375         nan -1.10920138
 -1.66011497 -0.95178456 -0.60289296 -1.94600188 -0.68160715 -3.95137843
 -0.68066839 -2.7532116 ]
  warnings.warn(
/home/ggx/software/anaconda3/lib/python3.10/site-packages/sklearn/model_selection/_validation.py:540: FitFailedWarning: 
15 fits failed out of a total of 100.
The score on these train-test partitions for these parameters will be set to nan.
If these failures are not expected, you can try to debug them by setting error_score='raise'.

Below are more details about the failures:
--------------------------------------------------------------------------------
15 fits failed with the following error:
Traceback (most recent call last):
  File "/home/ggx/software/anaconda3/lib/python3.10/site-packages/sklearn/model_selection/_validation.py", line 888, in _fit_and_score
    estimator.fit(X_train, y_train, **fit_params)
  File "/home/ggx/software/anaconda3/lib/python3.10/site-packages/sklearn/base.py", line 1466, in wrapper
    estimator._validate_params()
  File "/home/ggx/software/anaconda3/lib/python3.10/site-packages/sklearn/base.py", line 666, in _validate_params
    validate_parameter_constraints(
  File "/home/ggx/software/anaconda3/lib/python3.10/site-packages/sklearn/utils/_param_validation.py", line 95, in validate_parameter_constraints
    raise InvalidParameterError(
sklearn.utils._param_validation.InvalidParameterError: The 'min_samples_split' parameter of GradientBoostingRegressor must be an int in the range [2, inf) or a float in the range (0.0, 1.0]. Got 1 instead.

  warnings.warn(some_fits_failed_message, FitFailedWarning)
/home/ggx/software/anaconda3/lib/python3.10/site-packages/sklearn/model_selection/_search.py:1102: UserWarning: One or more of the test scores are non-finite: [-2.78497874 -2.17660594 -2.72771622         nan -2.54436119         nan
 -3.18347314 -3.785093   -3.1926232  -3.07777807 -1.65556227 -3.2221119
 -4.4060869  -2.74624038 -2.14300445 -2.77869759 -2.61366283 -6.93830685
         nan -2.29777144]
  warnings.warn(
/home/ggx/software/anaconda3/lib/python3.10/site-packages/sklearn/model_selection/_validation.py:540: FitFailedWarning: 
10 fits failed out of a total of 100.
The score on these train-test partitions for these parameters will be set to nan.
If these failures are not expected, you can try to debug them by setting error_score='raise'.

Below are more details about the failures:
--------------------------------------------------------------------------------
10 fits failed with the following error:
Traceback (most recent call last):
  File "/home/ggx/software/anaconda3/lib/python3.10/site-packages/sklearn/model_selection/_validation.py", line 888, in _fit_and_score
    estimator.fit(X_train, y_train, **fit_params)
  File "/home/ggx/software/anaconda3/lib/python3.10/site-packages/sklearn/base.py", line 1466, in wrapper
    estimator._validate_params()
  File "/home/ggx/software/anaconda3/lib/python3.10/site-packages/sklearn/base.py", line 666, in _validate_params
    validate_parameter_constraints(
  File "/home/ggx/software/anaconda3/lib/python3.10/site-packages/sklearn/utils/_param_validation.py", line 95, in validate_parameter_constraints
    raise InvalidParameterError(
sklearn.utils._param_validation.InvalidParameterError: The 'min_samples_split' parameter of GradientBoostingRegressor must be an int in the range [2, inf) or a float in the range (0.0, 1.0]. Got 1 instead.

  warnings.warn(some_fits_failed_message, FitFailedWarning)
/home/ggx/software/anaconda3/lib/python3.10/site-packages/sklearn/model_selection/_search.py:1102: UserWarning: One or more of the test scores are non-finite: [-3.01940456 -5.07274289 -7.52132535 -5.83952791         nan -5.67642962
 -3.60008073 -4.58254584 -3.76769932 -3.35204012 -2.87384864 -3.64848597
 -5.59502085         nan -4.48434325 -4.31619286 -3.71092379 -2.5544786
 -3.20196214 -3.42745645]
  warnings.warn(
/home/ggx/software/anaconda3/lib/python3.10/site-packages/sklearn/model_selection/_validation.py:540: FitFailedWarning: 
20 fits failed out of a total of 100.
The score on these train-test partitions for these parameters will be set to nan.
If these failures are not expected, you can try to debug them by setting error_score='raise'.

Below are more details about the failures:
--------------------------------------------------------------------------------
20 fits failed with the following error:
Traceback (most recent call last):
  File "/home/ggx/software/anaconda3/lib/python3.10/site-packages/sklearn/model_selection/_validation.py", line 888, in _fit_and_score
    estimator.fit(X_train, y_train, **fit_params)
  File "/home/ggx/software/anaconda3/lib/python3.10/site-packages/sklearn/base.py", line 1466, in wrapper
    estimator._validate_params()
  File "/home/ggx/software/anaconda3/lib/python3.10/site-packages/sklearn/base.py", line 666, in _validate_params
    validate_parameter_constraints(
  File "/home/ggx/software/anaconda3/lib/python3.10/site-packages/sklearn/utils/_param_validation.py", line 95, in validate_parameter_constraints
    raise InvalidParameterError(
sklearn.utils._param_validation.InvalidParameterError: The 'min_samples_split' parameter of GradientBoostingRegressor must be an int in the range [2, inf) or a float in the range (0.0, 1.0]. Got 1 instead.

  warnings.warn(some_fits_failed_message, FitFailedWarning)
/home/ggx/software/anaconda3/lib/python3.10/site-packages/sklearn/model_selection/_search.py:1102: UserWarning: One or more of the test scores are non-finite: [-2.56709373 -3.07757857         nan -1.31734547 -1.60913621         nan
 -1.62740063 -1.40701217 -2.15392442 -1.46101363 -2.1617008  -1.46937243
         nan -1.59369869 -2.11693213 -2.65778935 -3.7808406  -1.79376923
         nan -2.10256257]
  warnings.warn(
/home/ggx/software/anaconda3/lib/python3.10/site-packages/sklearn/model_selection/_validation.py:540: FitFailedWarning: 
15 fits failed out of a total of 100.
The score on these train-test partitions for these parameters will be set to nan.
If these failures are not expected, you can try to debug them by setting error_score='raise'.

Below are more details about the failures:
--------------------------------------------------------------------------------
15 fits failed with the following error:
Traceback (most recent call last):
  File "/home/ggx/software/anaconda3/lib/python3.10/site-packages/sklearn/model_selection/_validation.py", line 888, in _fit_and_score
    estimator.fit(X_train, y_train, **fit_params)
  File "/home/ggx/software/anaconda3/lib/python3.10/site-packages/sklearn/base.py", line 1466, in wrapper
    estimator._validate_params()
  File "/home/ggx/software/anaconda3/lib/python3.10/site-packages/sklearn/base.py", line 666, in _validate_params
    validate_parameter_constraints(
  File "/home/ggx/software/anaconda3/lib/python3.10/site-packages/sklearn/utils/_param_validation.py", line 95, in validate_parameter_constraints
    raise InvalidParameterError(
sklearn.utils._param_validation.InvalidParameterError: The 'min_samples_split' parameter of GradientBoostingRegressor must be an int in the range [2, inf) or a float in the range (0.0, 1.0]. Got 1 instead.

  warnings.warn(some_fits_failed_message, FitFailedWarning)
/home/ggx/software/anaconda3/lib/python3.10/site-packages/sklearn/model_selection/_search.py:1102: UserWarning: One or more of the test scores are non-finite: [-1.42137505 -1.61953864 -1.64817726         nan -0.89787993 -0.82262989
         nan -1.66426762 -0.91203298 -1.21572318 -1.47307431 -0.71208451
 -1.99242689 -1.58224257         nan -1.60275038 -1.40233166 -1.12999769
 -1.32387629 -1.11574074]
  warnings.warn(
/home/ggx/software/anaconda3/lib/python3.10/site-packages/sklearn/model_selection/_validation.py:540: FitFailedWarning: 
10 fits failed out of a total of 100.
The score on these train-test partitions for these parameters will be set to nan.
If these failures are not expected, you can try to debug them by setting error_score='raise'.

Below are more details about the failures:
--------------------------------------------------------------------------------
10 fits failed with the following error:
Traceback (most recent call last):
  File "/home/ggx/software/anaconda3/lib/python3.10/site-packages/sklearn/model_selection/_validation.py", line 888, in _fit_and_score
    estimator.fit(X_train, y_train, **fit_params)
  File "/home/ggx/software/anaconda3/lib/python3.10/site-packages/sklearn/base.py", line 1466, in wrapper
    estimator._validate_params()
  File "/home/ggx/software/anaconda3/lib/python3.10/site-packages/sklearn/base.py", line 666, in _validate_params
    validate_parameter_constraints(
  File "/home/ggx/software/anaconda3/lib/python3.10/site-packages/sklearn/utils/_param_validation.py", line 95, in validate_parameter_constraints
    raise InvalidParameterError(
sklearn.utils._param_validation.InvalidParameterError: The 'min_samples_split' parameter of GradientBoostingRegressor must be an int in the range [2, inf) or a float in the range (0.0, 1.0]. Got 1 instead.

  warnings.warn(some_fits_failed_message, FitFailedWarning)
/home/ggx/software/anaconda3/lib/python3.10/site-packages/sklearn/model_selection/_search.py:1102: UserWarning: One or more of the test scores are non-finite: [-13.06283503  -5.80640161          nan -13.18665691  -4.59009007
 -13.55930883  -8.62837539 -10.41599457  -8.86460692 -13.18141602
  -9.01659335  -8.40009175  -9.55734072  -6.56047429  -5.23856125
  -7.74386589  -5.6497194   -8.12275838  -7.56762434          nan]
  warnings.warn(
/home/ggx/software/anaconda3/lib/python3.10/site-packages/sklearn/model_selection/_validation.py:540: FitFailedWarning: 
10 fits failed out of a total of 100.
The score on these train-test partitions for these parameters will be set to nan.
If these failures are not expected, you can try to debug them by setting error_score='raise'.

Below are more details about the failures:
--------------------------------------------------------------------------------
10 fits failed with the following error:
Traceback (most recent call last):
  File "/home/ggx/software/anaconda3/lib/python3.10/site-packages/sklearn/model_selection/_validation.py", line 888, in _fit_and_score
    estimator.fit(X_train, y_train, **fit_params)
  File "/home/ggx/software/anaconda3/lib/python3.10/site-packages/sklearn/base.py", line 1466, in wrapper
    estimator._validate_params()
  File "/home/ggx/software/anaconda3/lib/python3.10/site-packages/sklearn/base.py", line 666, in _validate_params
    validate_parameter_constraints(
  File "/home/ggx/software/anaconda3/lib/python3.10/site-packages/sklearn/utils/_param_validation.py", line 95, in validate_parameter_constraints
    raise InvalidParameterError(
sklearn.utils._param_validation.InvalidParameterError: The 'min_samples_split' parameter of GradientBoostingRegressor must be an int in the range [2, inf) or a float in the range (0.0, 1.0]. Got 1 instead.

  warnings.warn(some_fits_failed_message, FitFailedWarning)
/home/ggx/software/anaconda3/lib/python3.10/site-packages/sklearn/model_selection/_search.py:1102: UserWarning: One or more of the test scores are non-finite: [-3.87536985 -3.48086753 -8.15018296         nan -5.05175288 -2.96261798
 -3.667201   -3.6823717  -5.29791992 -4.72209291 -3.78608418 -3.85850231
 -4.29735242 -4.3330126  -3.75835681         nan -4.30020807 -3.80972165
 -3.44146971 -3.55998075]
  warnings.warn(
/home/ggx/software/anaconda3/lib/python3.10/site-packages/sklearn/model_selection/_validation.py:540: FitFailedWarning: 
15 fits failed out of a total of 100.
The score on these train-test partitions for these parameters will be set to nan.
If these failures are not expected, you can try to debug them by setting error_score='raise'.

Below are more details about the failures:
--------------------------------------------------------------------------------
15 fits failed with the following error:
Traceback (most recent call last):
  File "/home/ggx/software/anaconda3/lib/python3.10/site-packages/sklearn/model_selection/_validation.py", line 888, in _fit_and_score
    estimator.fit(X_train, y_train, **fit_params)
  File "/home/ggx/software/anaconda3/lib/python3.10/site-packages/sklearn/base.py", line 1466, in wrapper
    estimator._validate_params()
  File "/home/ggx/software/anaconda3/lib/python3.10/site-packages/sklearn/base.py", line 666, in _validate_params
    validate_parameter_constraints(
  File "/home/ggx/software/anaconda3/lib/python3.10/site-packages/sklearn/utils/_param_validation.py", line 95, in validate_parameter_constraints
    raise InvalidParameterError(
sklearn.utils._param_validation.InvalidParameterError: The 'min_samples_split' parameter of GradientBoostingRegressor must be an int in the range [2, inf) or a float in the range (0.0, 1.0]. Got 1 instead.

  warnings.warn(some_fits_failed_message, FitFailedWarning)
/home/ggx/software/anaconda3/lib/python3.10/site-packages/sklearn/model_selection/_search.py:1102: UserWarning: One or more of the test scores are non-finite: [-0.82933621 -1.42012302         nan -1.79364231 -1.37968686 -2.76957285
 -0.83807513 -1.26459951 -3.01694522         nan -1.18363927 -2.68661422
 -1.01409321 -2.94985559 -0.95718388 -1.7992275          nan -1.24522678
 -0.94427487 -0.5549666 ]
  warnings.warn(
/home/ggx/software/anaconda3/lib/python3.10/site-packages/sklearn/model_selection/_validation.py:540: FitFailedWarning: 
10 fits failed out of a total of 100.
The score on these train-test partitions for these parameters will be set to nan.
If these failures are not expected, you can try to debug them by setting error_score='raise'.

Below are more details about the failures:
--------------------------------------------------------------------------------
10 fits failed with the following error:
Traceback (most recent call last):
  File "/home/ggx/software/anaconda3/lib/python3.10/site-packages/sklearn/model_selection/_validation.py", line 888, in _fit_and_score
    estimator.fit(X_train, y_train, **fit_params)
  File "/home/ggx/software/anaconda3/lib/python3.10/site-packages/sklearn/base.py", line 1466, in wrapper
    estimator._validate_params()
  File "/home/ggx/software/anaconda3/lib/python3.10/site-packages/sklearn/base.py", line 666, in _validate_params
    validate_parameter_constraints(
  File "/home/ggx/software/anaconda3/lib/python3.10/site-packages/sklearn/utils/_param_validation.py", line 95, in validate_parameter_constraints
    raise InvalidParameterError(
sklearn.utils._param_validation.InvalidParameterError: The 'min_samples_split' parameter of GradientBoostingRegressor must be an int in the range [2, inf) or a float in the range (0.0, 1.0]. Got 1 instead.

  warnings.warn(some_fits_failed_message, FitFailedWarning)
/home/ggx/software/anaconda3/lib/python3.10/site-packages/sklearn/model_selection/_search.py:1102: UserWarning: One or more of the test scores are non-finite: [ -4.42893261 -11.63524097          nan  -6.93401739 -18.5185433
  -4.62407056  -6.52177545  -5.54076349  -5.64729847  -6.54446027
  -7.27293612  -5.67383077  -5.73968631  -8.11338152  -4.73520792
  -8.62702332          nan  -5.46055716  -5.38312721  -8.80840186]
  warnings.warn(
/home/ggx/software/anaconda3/lib/python3.10/site-packages/sklearn/model_selection/_validation.py:540: FitFailedWarning: 
25 fits failed out of a total of 100.
The score on these train-test partitions for these parameters will be set to nan.
If these failures are not expected, you can try to debug them by setting error_score='raise'.

Below are more details about the failures:
--------------------------------------------------------------------------------
25 fits failed with the following error:
Traceback (most recent call last):
  File "/home/ggx/software/anaconda3/lib/python3.10/site-packages/sklearn/model_selection/_validation.py", line 888, in _fit_and_score
    estimator.fit(X_train, y_train, **fit_params)
  File "/home/ggx/software/anaconda3/lib/python3.10/site-packages/sklearn/base.py", line 1466, in wrapper
    estimator._validate_params()
  File "/home/ggx/software/anaconda3/lib/python3.10/site-packages/sklearn/base.py", line 666, in _validate_params
    validate_parameter_constraints(
  File "/home/ggx/software/anaconda3/lib/python3.10/site-packages/sklearn/utils/_param_validation.py", line 95, in validate_parameter_constraints
    raise InvalidParameterError(
sklearn.utils._param_validation.InvalidParameterError: The 'min_samples_split' parameter of GradientBoostingRegressor must be an int in the range [2, inf) or a float in the range (0.0, 1.0]. Got 1 instead.

  warnings.warn(some_fits_failed_message, FitFailedWarning)
/home/ggx/software/anaconda3/lib/python3.10/site-packages/sklearn/model_selection/_search.py:1102: UserWarning: One or more of the test scores are non-finite: [ 0.05779954 -0.10390353 -0.71075581 -0.27782172  0.03546981         nan
 -0.04522309  0.09526172  0.08845348  0.1181019          nan -0.29718732
 -0.05330467 -0.10591852         nan -0.96421338         nan -0.25585115
 -0.13150427         nan]
  warnings.warn(
/home/ggx/software/anaconda3/lib/python3.10/site-packages/sklearn/model_selection/_validation.py:540: FitFailedWarning: 
10 fits failed out of a total of 100.
The score on these train-test partitions for these parameters will be set to nan.
If these failures are not expected, you can try to debug them by setting error_score='raise'.

Below are more details about the failures:
--------------------------------------------------------------------------------
10 fits failed with the following error:
Traceback (most recent call last):
  File "/home/ggx/software/anaconda3/lib/python3.10/site-packages/sklearn/model_selection/_validation.py", line 888, in _fit_and_score
    estimator.fit(X_train, y_train, **fit_params)
  File "/home/ggx/software/anaconda3/lib/python3.10/site-packages/sklearn/base.py", line 1466, in wrapper
    estimator._validate_params()
  File "/home/ggx/software/anaconda3/lib/python3.10/site-packages/sklearn/base.py", line 666, in _validate_params
    validate_parameter_constraints(
  File "/home/ggx/software/anaconda3/lib/python3.10/site-packages/sklearn/utils/_param_validation.py", line 95, in validate_parameter_constraints
    raise InvalidParameterError(
sklearn.utils._param_validation.InvalidParameterError: The 'min_samples_split' parameter of GradientBoostingRegressor must be an int in the range [2, inf) or a float in the range (0.0, 1.0]. Got 1 instead.

  warnings.warn(some_fits_failed_message, FitFailedWarning)
/home/ggx/software/anaconda3/lib/python3.10/site-packages/sklearn/model_selection/_search.py:1102: UserWarning: One or more of the test scores are non-finite: [-1.4152023  -3.17032331 -4.77138303 -0.88461301         nan -2.11043221
 -0.92227872         nan -5.77824938 -1.15673922 -0.78264072 -2.69444747
 -2.55493179 -0.97854415 -2.26535902 -1.44852272 -3.16152524 -0.75030717
 -1.0698187  -1.42083036]
  warnings.warn(
/home/ggx/software/anaconda3/lib/python3.10/site-packages/sklearn/model_selection/_validation.py:540: FitFailedWarning: 
15 fits failed out of a total of 100.
The score on these train-test partitions for these parameters will be set to nan.
If these failures are not expected, you can try to debug them by setting error_score='raise'.

Below are more details about the failures:
--------------------------------------------------------------------------------
15 fits failed with the following error:
Traceback (most recent call last):
  File "/home/ggx/software/anaconda3/lib/python3.10/site-packages/sklearn/model_selection/_validation.py", line 888, in _fit_and_score
    estimator.fit(X_train, y_train, **fit_params)
  File "/home/ggx/software/anaconda3/lib/python3.10/site-packages/sklearn/base.py", line 1466, in wrapper
    estimator._validate_params()
  File "/home/ggx/software/anaconda3/lib/python3.10/site-packages/sklearn/base.py", line 666, in _validate_params
    validate_parameter_constraints(
  File "/home/ggx/software/anaconda3/lib/python3.10/site-packages/sklearn/utils/_param_validation.py", line 95, in validate_parameter_constraints
    raise InvalidParameterError(
sklearn.utils._param_validation.InvalidParameterError: The 'min_samples_split' parameter of GradientBoostingRegressor must be an int in the range [2, inf) or a float in the range (0.0, 1.0]. Got 1 instead.

  warnings.warn(some_fits_failed_message, FitFailedWarning)
/home/ggx/software/anaconda3/lib/python3.10/site-packages/sklearn/model_selection/_search.py:1102: UserWarning: One or more of the test scores are non-finite: [        nan -0.11853975 -0.07178721         nan -0.51286363 -0.54374866
 -0.196246   -0.11420075 -0.48963744 -0.15199856         nan -0.13119651
 -0.20752851 -0.6851912  -0.18214073 -0.39175608 -0.31333943 -1.62185089
 -0.44584621 -0.22245518]
  warnings.warn(
{'n_estimators': 250, 'min_weight_fraction_leaf': 0.06, 'min_samples_split': 2, 'min_samples_leaf': 2, 'min_impurity_decrease': 0.008, 'max_features': 1, 'max_depth': 3, 'learning_rate': 0.06, 'alpha': 0.92}
Train R²: 0.9821, Test R²: 0.2391

Using random_state=28 for training

Best parameter combination:
{'n_estimators': 150, 'min_weight_fraction_leaf': 0.08, 'min_samples_split': 4, 'min_samples_leaf': 5, 'min_impurity_decrease': 0.01, 'max_features': 3, 'max_depth': 3, 'learning_rate': 0.06, 'alpha': 0.5}
Train R²: 0.9652, Test R²: 0.4735

Using random_state=29 for training

Best parameter combination:
{'n_estimators': 350, 'min_weight_fraction_leaf': 0.02, 'min_samples_split': 2, 'min_samples_leaf': 9, 'min_impurity_decrease': 0.008, 'max_features': 1, 'max_depth': 5, 'learning_rate': 0.06, 'alpha': 0.2}
Train R²: 0.8509, Test R²: 0.2617

Using random_state=30 for training

Best parameter combination:
{'n_estimators': 350, 'min_weight_fraction_leaf': 0.02, 'min_samples_split': 10, 'min_samples_leaf': 5, 'min_impurity_decrease': 0.01, 'max_features': 12, 'max_depth': 6, 'learning_rate': 0.02, 'alpha': 0.5}
Train R²: 0.9723, Test R²: 0.0482

Using random_state=31 for training

Best parameter combination:
{'n_estimators': 300, 'min_weight_fraction_leaf': 0.04, 'min_samples_split': 2, 'min_samples_leaf': 1, 'min_impurity_decrease': 0.008, 'max_features': 12, 'max_depth': 3, 'learning_rate': 0.5, 'alpha': 0.6}
Train R²: 0.9931, Test R²: 0.4277

Using random_state=32 for training

Best parameter combination:
{'n_estimators': 150, 'min_weight_fraction_leaf': 0, 'min_samples_split': 6, 'min_samples_leaf': 2, 'min_impurity_decrease': 0.01, 'max_features': 4, 'max_depth': 2, 'learning_rate': 0.01, 'alpha': 0.5}
Train R²: 0.7221, Test R²: 0.1075

Using random_state=33 for training

Best parameter combination:
{'n_estimators': 450, 'min_weight_fraction_leaf': 0.08, 'min_samples_split': 4, 'min_samples_leaf': 1, 'min_impurity_decrease': 0.008, 'max_features': 8, 'max_depth': 5, 'learning_rate': 0.5, 'alpha': 0.9}
Train R²: 0.9916, Test R²: -0.0679

Using random_state=34 for training

Best parameter combination:
{'n_estimators': 50, 'min_weight_fraction_leaf': 0.06, 'min_samples_split': 8, 'min_samples_leaf': 5, 'min_impurity_decrease': 0.01, 'max_features': 2, 'max_depth': 5, 'learning_rate': 0.5, 'alpha': 0.8}
Train R²: 0.9796, Test R²: 0.5397

Using random_state=35 for training

Best parameter combination:
{'n_estimators': 250, 'min_weight_fraction_leaf': 0.08, 'min_samples_split': 12, 'min_samples_leaf': 5, 'min_impurity_decrease': 0.01, 'max_features': 2, 'max_depth': 7, 'learning_rate': 0.02, 'alpha': 0.8}
Train R²: 0.8952, Test R²: 0.4705

Using random_state=36 for training

Best parameter combination:
{'n_estimators': 450, 'min_weight_fraction_leaf': 0.08, 'min_samples_split': 4, 'min_samples_leaf': 1, 'min_impurity_decrease': 0.01, 'max_features': 1, 'max_depth': 2, 'learning_rate': 0.02, 'alpha': 0.8}
Train R²: 0.9466, Test R²: 0.6710

Using random_state=37 for training

Best parameter combination:
{'n_estimators': 100, 'min_weight_fraction_leaf': 0.04, 'min_samples_split': 10, 'min_samples_leaf': 7, 'min_impurity_decrease': 0.01, 'max_features': 1, 'max_depth': 3, 'learning_rate': 0.06, 'alpha': 0.7}
Train R²: 0.8499, Test R²: 0.1361

Using random_state=38 for training

Best parameter combination:
{'n_estimators': 450, 'min_weight_fraction_leaf': 0.08, 'min_samples_split': 10, 'min_samples_leaf': 9, 'min_impurity_decrease': 0.008, 'max_features': 8, 'max_depth': 4, 'learning_rate': 0.06, 'alpha': 0.5}
Train R²: 0.9571, Test R²: -0.3511

Using random_state=39 for training

Best parameter combination:
{'n_estimators': 50, 'min_weight_fraction_leaf': 0, 'min_samples_split': 4, 'min_samples_leaf': 1, 'min_impurity_decrease': 0.008, 'max_features': 6, 'max_depth': 9, 'learning_rate': 0.02, 'alpha': 0.7}
Train R²: 0.8395, Test R²: -1.8505

Using random_state=40 for training

Best parameter combination:
{'n_estimators': 350, 'min_weight_fraction_leaf': 0.08, 'min_samples_split': 4, 'min_samples_leaf': 2, 'min_impurity_decrease': 0.008, 'max_features': 6, 'max_depth': 8, 'learning_rate': 0.01, 'alpha': 0.92}
Train R²: 0.9779, Test R²: 0.0966

Using random_state=41 for training

Best parameter combination:
{'n_estimators': 350, 'min_weight_fraction_leaf': 0, 'min_samples_split': 4, 'min_samples_leaf': 5, 'min_impurity_decrease': 0.01, 'max_features': 2, 'max_depth': 8, 'learning_rate': 0.01, 'alpha': 0.5}
Train R²: 0.8532, Test R²: 0.1787

Using random_state=42 for training

Best parameter combination:
{'n_estimators': 100, 'min_weight_fraction_leaf': 0.02, 'min_samples_split': 8, 'min_samples_leaf': 1, 'min_impurity_decrease': 0.008, 'max_features': 12, 'max_depth': 3, 'learning_rate': 0.02, 'alpha': 0.6}
Train R²: 0.9304, Test R²: -0.0958

Using random_state=43 for training

Best parameter combination:
{'n_estimators': 50, 'min_weight_fraction_leaf': 0.08, 'min_samples_split': 8, 'min_samples_leaf': 9, 'min_impurity_decrease': 0.01, 'max_features': 12, 'max_depth': 3, 'learning_rate': 0.01, 'alpha': 0.2}
Train R²: 0.1402, Test R²: 0.0800

Using random_state=44 for training

Best parameter combination:
{'n_estimators': 350, 'min_weight_fraction_leaf': 0.06, 'min_samples_split': 6, 'min_samples_leaf': 1, 'min_impurity_decrease': 0.01, 'max_features': 3, 'max_depth': 7, 'learning_rate': 0.8, 'alpha': 0.7}
Train R²: 0.9902, Test R²: -0.5729

Using random_state=45 for training

Best parameter combination:
{'n_estimators': 50, 'min_weight_fraction_leaf': 0.02, 'min_samples_split': 6, 'min_samples_leaf': 2, 'min_impurity_decrease': 0.008, 'max_features': 2, 'max_depth': 7, 'learning_rate': 0.01, 'alpha': 0.9}
Train R²: 0.4858, Test R²: 0.1704

Using random_state=46 for training

Best parameter combination:
{'n_estimators': 350, 'min_weight_fraction_leaf': 0.02, 'min_samples_split': 6, 'min_samples_leaf': 2, 'min_impurity_decrease': 0.01, 'max_features': 3, 'max_depth': 3, 'learning_rate': 0.5, 'alpha': 0.1}
Train R²: 0.9868, Test R²: 0.0489

Using random_state=47 for training

Best parameter combination:
{'n_estimators': 400, 'min_weight_fraction_leaf': 0.06, 'min_samples_split': 4, 'min_samples_leaf': 1, 'min_impurity_decrease': 0.01, 'max_features': 3, 'max_depth': 5, 'learning_rate': 0.8, 'alpha': 0.5}
Train R²: 0.9924, Test R²: 0.0153

Using random_state=48 for training

Best parameter combination:
{'n_estimators': 200, 'min_weight_fraction_leaf': 0.08, 'min_samples_split': 2, 'min_samples_leaf': 1, 'min_impurity_decrease': 0.008, 'max_features': 4, 'max_depth': 6, 'learning_rate': 0.01, 'alpha': 0.7}
Train R²: 0.8836, Test R²: 0.3952

Using random_state=49 for training

Best parameter combination:
{'n_estimators': 250, 'min_weight_fraction_leaf': 0.06, 'min_samples_split': 10, 'min_samples_leaf': 9, 'min_impurity_decrease': 0.008, 'max_features': 1, 'max_depth': 6, 'learning_rate': 0.5, 'alpha': 0.8}
Train R²: 0.9631, Test R²: -0.5922

Using random_state=50 for training

Best parameter combination:
{'n_estimators': 50, 'min_weight_fraction_leaf': 0.08, 'min_samples_split': 2, 'min_samples_leaf': 9, 'min_impurity_decrease': 0.008, 'max_features': 6, 'max_depth': 5, 'learning_rate': 0.5, 'alpha': 0.1}
Train R²: 0.9430, Test R²: 0.5791

Using random_state=51 for training

Best parameter combination:
{'n_estimators': 350, 'min_weight_fraction_leaf': 0.02, 'min_samples_split': 4, 'min_samples_leaf': 2, 'min_impurity_decrease': 0.008, 'max_features': 3, 'max_depth': 4, 'learning_rate': 0.5, 'alpha': 0.7}
Train R²: 0.9927, Test R²: -1.3783

Using random_state=52 for training

Best parameter combination:
{'n_estimators': 150, 'min_weight_fraction_leaf': 0.04, 'min_samples_split': 8, 'min_samples_leaf': 2, 'min_impurity_decrease': 0.01, 'max_features': 6, 'max_depth': 7, 'learning_rate': 0.06, 'alpha': 0.7}
Train R²: 0.9744, Test R²: 0.4683

Using random_state=53 for training

Best parameter combination:
/home/ggx/software/anaconda3/lib/python3.10/site-packages/sklearn/model_selection/_validation.py:540: FitFailedWarning: 
20 fits failed out of a total of 100.
The score on these train-test partitions for these parameters will be set to nan.
If these failures are not expected, you can try to debug them by setting error_score='raise'.

Below are more details about the failures:
--------------------------------------------------------------------------------
20 fits failed with the following error:
Traceback (most recent call last):
  File "/home/ggx/software/anaconda3/lib/python3.10/site-packages/sklearn/model_selection/_validation.py", line 888, in _fit_and_score
    estimator.fit(X_train, y_train, **fit_params)
  File "/home/ggx/software/anaconda3/lib/python3.10/site-packages/sklearn/base.py", line 1466, in wrapper
    estimator._validate_params()
  File "/home/ggx/software/anaconda3/lib/python3.10/site-packages/sklearn/base.py", line 666, in _validate_params
    validate_parameter_constraints(
  File "/home/ggx/software/anaconda3/lib/python3.10/site-packages/sklearn/utils/_param_validation.py", line 95, in validate_parameter_constraints
    raise InvalidParameterError(
sklearn.utils._param_validation.InvalidParameterError: The 'min_samples_split' parameter of GradientBoostingRegressor must be an int in the range [2, inf) or a float in the range (0.0, 1.0]. Got 1 instead.

  warnings.warn(some_fits_failed_message, FitFailedWarning)
/home/ggx/software/anaconda3/lib/python3.10/site-packages/sklearn/model_selection/_search.py:1102: UserWarning: One or more of the test scores are non-finite: [-0.6360764  -2.19797175         nan         nan -2.27644469 -4.03053894
 -1.81911045 -0.8264947  -1.11803781 -1.75822643 -1.15879912 -1.15876438
         nan         nan -1.04190105 -1.99716271 -1.17511274 -1.47548103
 -0.35545874 -0.26865946]
  warnings.warn(
/home/ggx/software/anaconda3/lib/python3.10/site-packages/sklearn/model_selection/_validation.py:540: FitFailedWarning: 
10 fits failed out of a total of 100.
The score on these train-test partitions for these parameters will be set to nan.
If these failures are not expected, you can try to debug them by setting error_score='raise'.

Below are more details about the failures:
--------------------------------------------------------------------------------
10 fits failed with the following error:
Traceback (most recent call last):
  File "/home/ggx/software/anaconda3/lib/python3.10/site-packages/sklearn/model_selection/_validation.py", line 888, in _fit_and_score
    estimator.fit(X_train, y_train, **fit_params)
  File "/home/ggx/software/anaconda3/lib/python3.10/site-packages/sklearn/base.py", line 1466, in wrapper
    estimator._validate_params()
  File "/home/ggx/software/anaconda3/lib/python3.10/site-packages/sklearn/base.py", line 666, in _validate_params
    validate_parameter_constraints(
  File "/home/ggx/software/anaconda3/lib/python3.10/site-packages/sklearn/utils/_param_validation.py", line 95, in validate_parameter_constraints
    raise InvalidParameterError(
sklearn.utils._param_validation.InvalidParameterError: The 'min_samples_split' parameter of GradientBoostingRegressor must be an int in the range [2, inf) or a float in the range (0.0, 1.0]. Got 1 instead.

  warnings.warn(some_fits_failed_message, FitFailedWarning)
/home/ggx/software/anaconda3/lib/python3.10/site-packages/sklearn/model_selection/_search.py:1102: UserWarning: One or more of the test scores are non-finite: [-0.35014218 -0.0075349  -0.03024668         nan         nan -0.07459113
  0.06471126 -0.20778058 -0.22488156 -0.3256228  -0.10080605 -0.15126549
 -0.04297005 -0.21017171 -0.02332564 -0.04640146 -0.04192276 -0.33806042
 -0.10972312 -0.12883664]
  warnings.warn(
/home/ggx/software/anaconda3/lib/python3.10/site-packages/sklearn/model_selection/_validation.py:540: FitFailedWarning: 
20 fits failed out of a total of 100.
The score on these train-test partitions for these parameters will be set to nan.
If these failures are not expected, you can try to debug them by setting error_score='raise'.

Below are more details about the failures:
--------------------------------------------------------------------------------
20 fits failed with the following error:
Traceback (most recent call last):
  File "/home/ggx/software/anaconda3/lib/python3.10/site-packages/sklearn/model_selection/_validation.py", line 888, in _fit_and_score
    estimator.fit(X_train, y_train, **fit_params)
  File "/home/ggx/software/anaconda3/lib/python3.10/site-packages/sklearn/base.py", line 1466, in wrapper
    estimator._validate_params()
  File "/home/ggx/software/anaconda3/lib/python3.10/site-packages/sklearn/base.py", line 666, in _validate_params
    validate_parameter_constraints(
  File "/home/ggx/software/anaconda3/lib/python3.10/site-packages/sklearn/utils/_param_validation.py", line 95, in validate_parameter_constraints
    raise InvalidParameterError(
sklearn.utils._param_validation.InvalidParameterError: The 'min_samples_split' parameter of GradientBoostingRegressor must be an int in the range [2, inf) or a float in the range (0.0, 1.0]. Got 1 instead.

  warnings.warn(some_fits_failed_message, FitFailedWarning)
/home/ggx/software/anaconda3/lib/python3.10/site-packages/sklearn/model_selection/_search.py:1102: UserWarning: One or more of the test scores are non-finite: [        nan  0.14797542 -0.23126546 -0.26327343 -0.13691649 -0.02897778
 -0.02095665 -0.39092191         nan         nan         nan -1.26008767
 -0.02502905 -0.09699084  0.03483953 -0.36678863 -0.02708609 -0.2453378
 -0.07852358 -0.10187126]
  warnings.warn(
/home/ggx/software/anaconda3/lib/python3.10/site-packages/sklearn/model_selection/_validation.py:540: FitFailedWarning: 
20 fits failed out of a total of 100.
The score on these train-test partitions for these parameters will be set to nan.
If these failures are not expected, you can try to debug them by setting error_score='raise'.

Below are more details about the failures:
--------------------------------------------------------------------------------
20 fits failed with the following error:
Traceback (most recent call last):
  File "/home/ggx/software/anaconda3/lib/python3.10/site-packages/sklearn/model_selection/_validation.py", line 888, in _fit_and_score
    estimator.fit(X_train, y_train, **fit_params)
  File "/home/ggx/software/anaconda3/lib/python3.10/site-packages/sklearn/base.py", line 1466, in wrapper
    estimator._validate_params()
  File "/home/ggx/software/anaconda3/lib/python3.10/site-packages/sklearn/base.py", line 666, in _validate_params
    validate_parameter_constraints(
  File "/home/ggx/software/anaconda3/lib/python3.10/site-packages/sklearn/utils/_param_validation.py", line 95, in validate_parameter_constraints
    raise InvalidParameterError(
sklearn.utils._param_validation.InvalidParameterError: The 'min_samples_split' parameter of GradientBoostingRegressor must be an int in the range [2, inf) or a float in the range (0.0, 1.0]. Got 1 instead.

  warnings.warn(some_fits_failed_message, FitFailedWarning)
/home/ggx/software/anaconda3/lib/python3.10/site-packages/sklearn/model_selection/_search.py:1102: UserWarning: One or more of the test scores are non-finite: [-7.2287535  -9.41414938 -3.62178954 -2.886817   -4.97238423         nan
 -3.25597966 -3.37104381 -4.94082316 -1.21991684 -3.3758857          nan
         nan -1.77617366 -5.11757366 -4.92703866 -4.49334977 -4.00664638
         nan -3.96717096]
  warnings.warn(
/home/ggx/software/anaconda3/lib/python3.10/site-packages/sklearn/model_selection/_validation.py:540: FitFailedWarning: 
20 fits failed out of a total of 100.
The score on these train-test partitions for these parameters will be set to nan.
If these failures are not expected, you can try to debug them by setting error_score='raise'.

Below are more details about the failures:
--------------------------------------------------------------------------------
20 fits failed with the following error:
Traceback (most recent call last):
  File "/home/ggx/software/anaconda3/lib/python3.10/site-packages/sklearn/model_selection/_validation.py", line 888, in _fit_and_score
    estimator.fit(X_train, y_train, **fit_params)
  File "/home/ggx/software/anaconda3/lib/python3.10/site-packages/sklearn/base.py", line 1466, in wrapper
    estimator._validate_params()
  File "/home/ggx/software/anaconda3/lib/python3.10/site-packages/sklearn/base.py", line 666, in _validate_params
    validate_parameter_constraints(
  File "/home/ggx/software/anaconda3/lib/python3.10/site-packages/sklearn/utils/_param_validation.py", line 95, in validate_parameter_constraints
    raise InvalidParameterError(
sklearn.utils._param_validation.InvalidParameterError: The 'min_samples_split' parameter of GradientBoostingRegressor must be an int in the range [2, inf) or a float in the range (0.0, 1.0]. Got 1 instead.

  warnings.warn(some_fits_failed_message, FitFailedWarning)
/home/ggx/software/anaconda3/lib/python3.10/site-packages/sklearn/model_selection/_search.py:1102: UserWarning: One or more of the test scores are non-finite: [ 0.08152309 -0.07778697  0.1338348  -0.03999959  0.07719224  0.03940158
         nan         nan  0.10003539         nan -0.21316359  0.10106108
  0.11216633  0.1136961   0.10022958 -0.52730294 -0.03866164  0.06895303
         nan -0.01974024]
  warnings.warn(
/home/ggx/software/anaconda3/lib/python3.10/site-packages/sklearn/model_selection/_validation.py:540: FitFailedWarning: 
15 fits failed out of a total of 100.
The score on these train-test partitions for these parameters will be set to nan.
If these failures are not expected, you can try to debug them by setting error_score='raise'.

Below are more details about the failures:
--------------------------------------------------------------------------------
15 fits failed with the following error:
Traceback (most recent call last):
  File "/home/ggx/software/anaconda3/lib/python3.10/site-packages/sklearn/model_selection/_validation.py", line 888, in _fit_and_score
    estimator.fit(X_train, y_train, **fit_params)
  File "/home/ggx/software/anaconda3/lib/python3.10/site-packages/sklearn/base.py", line 1466, in wrapper
    estimator._validate_params()
  File "/home/ggx/software/anaconda3/lib/python3.10/site-packages/sklearn/base.py", line 666, in _validate_params
    validate_parameter_constraints(
  File "/home/ggx/software/anaconda3/lib/python3.10/site-packages/sklearn/utils/_param_validation.py", line 95, in validate_parameter_constraints
    raise InvalidParameterError(
sklearn.utils._param_validation.InvalidParameterError: The 'min_samples_split' parameter of GradientBoostingRegressor must be an int in the range [2, inf) or a float in the range (0.0, 1.0]. Got 1 instead.

  warnings.warn(some_fits_failed_message, FitFailedWarning)
/home/ggx/software/anaconda3/lib/python3.10/site-packages/sklearn/model_selection/_search.py:1102: UserWarning: One or more of the test scores are non-finite: [-0.4025691  -1.6235681  -0.92538687 -0.47563238         nan -0.90331926
 -0.67989753 -0.0564618          nan -1.5941633  -0.98359511 -0.70522114
 -1.21269451 -0.11140988 -3.67457055 -0.93228937 -0.94308878 -3.88817858
 -1.60232969         nan]
  warnings.warn(
/home/ggx/software/anaconda3/lib/python3.10/site-packages/sklearn/model_selection/_validation.py:540: FitFailedWarning: 
20 fits failed out of a total of 100.
The score on these train-test partitions for these parameters will be set to nan.
If these failures are not expected, you can try to debug them by setting error_score='raise'.

Below are more details about the failures:
--------------------------------------------------------------------------------
20 fits failed with the following error:
Traceback (most recent call last):
  File "/home/ggx/software/anaconda3/lib/python3.10/site-packages/sklearn/model_selection/_validation.py", line 888, in _fit_and_score
    estimator.fit(X_train, y_train, **fit_params)
  File "/home/ggx/software/anaconda3/lib/python3.10/site-packages/sklearn/base.py", line 1466, in wrapper
    estimator._validate_params()
  File "/home/ggx/software/anaconda3/lib/python3.10/site-packages/sklearn/base.py", line 666, in _validate_params
    validate_parameter_constraints(
  File "/home/ggx/software/anaconda3/lib/python3.10/site-packages/sklearn/utils/_param_validation.py", line 95, in validate_parameter_constraints
    raise InvalidParameterError(
sklearn.utils._param_validation.InvalidParameterError: The 'min_samples_split' parameter of GradientBoostingRegressor must be an int in the range [2, inf) or a float in the range (0.0, 1.0]. Got 1 instead.

  warnings.warn(some_fits_failed_message, FitFailedWarning)
/home/ggx/software/anaconda3/lib/python3.10/site-packages/sklearn/model_selection/_search.py:1102: UserWarning: One or more of the test scores are non-finite: [-0.72532362 -0.9083017          nan         nan -2.43003914 -1.06428299
 -0.71297661 -0.977092   -1.0058636  -0.63450735 -0.58209499 -1.00664057
 -1.62108341 -1.56043294         nan -1.25380449 -1.0254063          nan
 -0.62454366 -1.37767457]
  warnings.warn(
/home/ggx/software/anaconda3/lib/python3.10/site-packages/sklearn/model_selection/_validation.py:540: FitFailedWarning: 
35 fits failed out of a total of 100.
The score on these train-test partitions for these parameters will be set to nan.
If these failures are not expected, you can try to debug them by setting error_score='raise'.

Below are more details about the failures:
--------------------------------------------------------------------------------
35 fits failed with the following error:
Traceback (most recent call last):
  File "/home/ggx/software/anaconda3/lib/python3.10/site-packages/sklearn/model_selection/_validation.py", line 888, in _fit_and_score
    estimator.fit(X_train, y_train, **fit_params)
  File "/home/ggx/software/anaconda3/lib/python3.10/site-packages/sklearn/base.py", line 1466, in wrapper
    estimator._validate_params()
  File "/home/ggx/software/anaconda3/lib/python3.10/site-packages/sklearn/base.py", line 666, in _validate_params
    validate_parameter_constraints(
  File "/home/ggx/software/anaconda3/lib/python3.10/site-packages/sklearn/utils/_param_validation.py", line 95, in validate_parameter_constraints
    raise InvalidParameterError(
sklearn.utils._param_validation.InvalidParameterError: The 'min_samples_split' parameter of GradientBoostingRegressor must be an int in the range [2, inf) or a float in the range (0.0, 1.0]. Got 1 instead.

  warnings.warn(some_fits_failed_message, FitFailedWarning)
/home/ggx/software/anaconda3/lib/python3.10/site-packages/sklearn/model_selection/_search.py:1102: UserWarning: One or more of the test scores are non-finite: [         nan -10.45182833          nan  -6.41155404 -13.33731218
 -10.33581809  -8.90423713          nan          nan  -7.96621123
          nan -11.55611781  -4.0236699           nan          nan
  -7.46023346 -11.84327171 -11.69617735 -10.5362268   -8.25492499]
  warnings.warn(
/home/ggx/software/anaconda3/lib/python3.10/site-packages/sklearn/model_selection/_validation.py:540: FitFailedWarning: 
30 fits failed out of a total of 100.
The score on these train-test partitions for these parameters will be set to nan.
If these failures are not expected, you can try to debug them by setting error_score='raise'.

Below are more details about the failures:
--------------------------------------------------------------------------------
30 fits failed with the following error:
Traceback (most recent call last):
  File "/home/ggx/software/anaconda3/lib/python3.10/site-packages/sklearn/model_selection/_validation.py", line 888, in _fit_and_score
    estimator.fit(X_train, y_train, **fit_params)
  File "/home/ggx/software/anaconda3/lib/python3.10/site-packages/sklearn/base.py", line 1466, in wrapper
    estimator._validate_params()
  File "/home/ggx/software/anaconda3/lib/python3.10/site-packages/sklearn/base.py", line 666, in _validate_params
    validate_parameter_constraints(
  File "/home/ggx/software/anaconda3/lib/python3.10/site-packages/sklearn/utils/_param_validation.py", line 95, in validate_parameter_constraints
    raise InvalidParameterError(
sklearn.utils._param_validation.InvalidParameterError: The 'min_samples_split' parameter of GradientBoostingRegressor must be an int in the range [2, inf) or a float in the range (0.0, 1.0]. Got 1 instead.

  warnings.warn(some_fits_failed_message, FitFailedWarning)
/home/ggx/software/anaconda3/lib/python3.10/site-packages/sklearn/model_selection/_search.py:1102: UserWarning: One or more of the test scores are non-finite: [ 0.03224982 -0.00704343         nan         nan  0.00380584  0.14682034
 -0.05738675  0.06305328         nan         nan  0.10800782  0.04404092
 -0.3324362          nan         nan  0.05549317  0.09137348 -0.02417871
 -0.04011354  0.0403456 ]
  warnings.warn(
/home/ggx/software/anaconda3/lib/python3.10/site-packages/sklearn/model_selection/_validation.py:540: FitFailedWarning: 
20 fits failed out of a total of 100.
The score on these train-test partitions for these parameters will be set to nan.
If these failures are not expected, you can try to debug them by setting error_score='raise'.

Below are more details about the failures:
--------------------------------------------------------------------------------
20 fits failed with the following error:
Traceback (most recent call last):
  File "/home/ggx/software/anaconda3/lib/python3.10/site-packages/sklearn/model_selection/_validation.py", line 888, in _fit_and_score
    estimator.fit(X_train, y_train, **fit_params)
  File "/home/ggx/software/anaconda3/lib/python3.10/site-packages/sklearn/base.py", line 1466, in wrapper
    estimator._validate_params()
  File "/home/ggx/software/anaconda3/lib/python3.10/site-packages/sklearn/base.py", line 666, in _validate_params
    validate_parameter_constraints(
  File "/home/ggx/software/anaconda3/lib/python3.10/site-packages/sklearn/utils/_param_validation.py", line 95, in validate_parameter_constraints
    raise InvalidParameterError(
sklearn.utils._param_validation.InvalidParameterError: The 'min_samples_split' parameter of GradientBoostingRegressor must be an int in the range [2, inf) or a float in the range (0.0, 1.0]. Got 1 instead.

  warnings.warn(some_fits_failed_message, FitFailedWarning)
/home/ggx/software/anaconda3/lib/python3.10/site-packages/sklearn/model_selection/_search.py:1102: UserWarning: One or more of the test scores are non-finite: [ 0.03710454 -0.12905764         nan  0.04715808  0.00353447 -0.00335462
  0.07432709         nan  0.29901522  0.14082429 -0.0821722          nan
  0.26625452 -0.03059    -0.41341083 -0.08780297 -0.39335483 -0.00182025
         nan -0.11441105]
  warnings.warn(
/home/ggx/software/anaconda3/lib/python3.10/site-packages/sklearn/model_selection/_validation.py:540: FitFailedWarning: 
15 fits failed out of a total of 100.
The score on these train-test partitions for these parameters will be set to nan.
If these failures are not expected, you can try to debug them by setting error_score='raise'.

Below are more details about the failures:
--------------------------------------------------------------------------------
15 fits failed with the following error:
Traceback (most recent call last):
  File "/home/ggx/software/anaconda3/lib/python3.10/site-packages/sklearn/model_selection/_validation.py", line 888, in _fit_and_score
    estimator.fit(X_train, y_train, **fit_params)
  File "/home/ggx/software/anaconda3/lib/python3.10/site-packages/sklearn/base.py", line 1466, in wrapper
    estimator._validate_params()
  File "/home/ggx/software/anaconda3/lib/python3.10/site-packages/sklearn/base.py", line 666, in _validate_params
    validate_parameter_constraints(
  File "/home/ggx/software/anaconda3/lib/python3.10/site-packages/sklearn/utils/_param_validation.py", line 95, in validate_parameter_constraints
    raise InvalidParameterError(
sklearn.utils._param_validation.InvalidParameterError: The 'min_samples_split' parameter of GradientBoostingRegressor must be an int in the range [2, inf) or a float in the range (0.0, 1.0]. Got 1 instead.

  warnings.warn(some_fits_failed_message, FitFailedWarning)
/home/ggx/software/anaconda3/lib/python3.10/site-packages/sklearn/model_selection/_search.py:1102: UserWarning: One or more of the test scores are non-finite: [-0.86862147 -0.5175277          nan -0.58579173 -0.50749589 -0.82632737
  0.02846513 -0.31172624 -0.68743076         nan -0.66524482 -0.32274334
 -1.43760827 -0.39074899 -0.26532926 -0.53753119 -0.53167548 -0.89533488
         nan -1.03637772]
  warnings.warn(
/home/ggx/software/anaconda3/lib/python3.10/site-packages/sklearn/model_selection/_validation.py:540: FitFailedWarning: 
25 fits failed out of a total of 100.
The score on these train-test partitions for these parameters will be set to nan.
If these failures are not expected, you can try to debug them by setting error_score='raise'.

Below are more details about the failures:
--------------------------------------------------------------------------------
25 fits failed with the following error:
Traceback (most recent call last):
  File "/home/ggx/software/anaconda3/lib/python3.10/site-packages/sklearn/model_selection/_validation.py", line 888, in _fit_and_score
    estimator.fit(X_train, y_train, **fit_params)
  File "/home/ggx/software/anaconda3/lib/python3.10/site-packages/sklearn/base.py", line 1466, in wrapper
    estimator._validate_params()
  File "/home/ggx/software/anaconda3/lib/python3.10/site-packages/sklearn/base.py", line 666, in _validate_params
    validate_parameter_constraints(
  File "/home/ggx/software/anaconda3/lib/python3.10/site-packages/sklearn/utils/_param_validation.py", line 95, in validate_parameter_constraints
    raise InvalidParameterError(
sklearn.utils._param_validation.InvalidParameterError: The 'min_samples_split' parameter of GradientBoostingRegressor must be an int in the range [2, inf) or a float in the range (0.0, 1.0]. Got 1 instead.

  warnings.warn(some_fits_failed_message, FitFailedWarning)
/home/ggx/software/anaconda3/lib/python3.10/site-packages/sklearn/model_selection/_search.py:1102: UserWarning: One or more of the test scores are non-finite: [-2.02793533         nan -1.16362086 -0.62594443 -2.08346195         nan
 -0.64820584         nan         nan -1.20192271         nan -1.29929355
 -1.96877226 -2.07106713 -1.23114443 -0.76792489 -0.92007356 -1.67109133
 -2.00029839 -1.13943995]
  warnings.warn(
/home/ggx/software/anaconda3/lib/python3.10/site-packages/sklearn/model_selection/_validation.py:540: FitFailedWarning: 
15 fits failed out of a total of 100.
The score on these train-test partitions for these parameters will be set to nan.
If these failures are not expected, you can try to debug them by setting error_score='raise'.

Below are more details about the failures:
--------------------------------------------------------------------------------
15 fits failed with the following error:
Traceback (most recent call last):
  File "/home/ggx/software/anaconda3/lib/python3.10/site-packages/sklearn/model_selection/_validation.py", line 888, in _fit_and_score
    estimator.fit(X_train, y_train, **fit_params)
  File "/home/ggx/software/anaconda3/lib/python3.10/site-packages/sklearn/base.py", line 1466, in wrapper
    estimator._validate_params()
  File "/home/ggx/software/anaconda3/lib/python3.10/site-packages/sklearn/base.py", line 666, in _validate_params
    validate_parameter_constraints(
  File "/home/ggx/software/anaconda3/lib/python3.10/site-packages/sklearn/utils/_param_validation.py", line 95, in validate_parameter_constraints
    raise InvalidParameterError(
sklearn.utils._param_validation.InvalidParameterError: The 'min_samples_split' parameter of GradientBoostingRegressor must be an int in the range [2, inf) or a float in the range (0.0, 1.0]. Got 1 instead.

  warnings.warn(some_fits_failed_message, FitFailedWarning)
/home/ggx/software/anaconda3/lib/python3.10/site-packages/sklearn/model_selection/_search.py:1102: UserWarning: One or more of the test scores are non-finite: [-0.10901933 -0.00854565  0.04186169         nan  0.14152083  0.14373093
 -0.01183771 -0.63116696 -0.03244629         nan -0.0046354  -0.03303823
  0.01903797  0.04671625  0.11187381  0.11323338  0.03431713         nan
  0.05445975 -0.01611088]
  warnings.warn(
/home/ggx/software/anaconda3/lib/python3.10/site-packages/sklearn/model_selection/_validation.py:540: FitFailedWarning: 
10 fits failed out of a total of 100.
The score on these train-test partitions for these parameters will be set to nan.
If these failures are not expected, you can try to debug them by setting error_score='raise'.

Below are more details about the failures:
--------------------------------------------------------------------------------
10 fits failed with the following error:
Traceback (most recent call last):
  File "/home/ggx/software/anaconda3/lib/python3.10/site-packages/sklearn/model_selection/_validation.py", line 888, in _fit_and_score
    estimator.fit(X_train, y_train, **fit_params)
  File "/home/ggx/software/anaconda3/lib/python3.10/site-packages/sklearn/base.py", line 1466, in wrapper
    estimator._validate_params()
  File "/home/ggx/software/anaconda3/lib/python3.10/site-packages/sklearn/base.py", line 666, in _validate_params
    validate_parameter_constraints(
  File "/home/ggx/software/anaconda3/lib/python3.10/site-packages/sklearn/utils/_param_validation.py", line 95, in validate_parameter_constraints
    raise InvalidParameterError(
sklearn.utils._param_validation.InvalidParameterError: The 'min_samples_split' parameter of GradientBoostingRegressor must be an int in the range [2, inf) or a float in the range (0.0, 1.0]. Got 1 instead.

  warnings.warn(some_fits_failed_message, FitFailedWarning)
/home/ggx/software/anaconda3/lib/python3.10/site-packages/sklearn/model_selection/_search.py:1102: UserWarning: One or more of the test scores are non-finite: [-0.39940415         nan -0.39138652 -0.05393686 -0.21056841 -0.39618246
 -0.10483467 -1.40284444 -0.38391228 -0.68601207 -0.19287801         nan
 -0.3602999  -0.59254716  0.01505337 -0.81387025 -0.39730006 -2.11185686
 -0.03222206 -0.10483467]
  warnings.warn(
/home/ggx/software/anaconda3/lib/python3.10/site-packages/sklearn/model_selection/_validation.py:540: FitFailedWarning: 
25 fits failed out of a total of 100.
The score on these train-test partitions for these parameters will be set to nan.
If these failures are not expected, you can try to debug them by setting error_score='raise'.

Below are more details about the failures:
--------------------------------------------------------------------------------
25 fits failed with the following error:
Traceback (most recent call last):
  File "/home/ggx/software/anaconda3/lib/python3.10/site-packages/sklearn/model_selection/_validation.py", line 888, in _fit_and_score
    estimator.fit(X_train, y_train, **fit_params)
  File "/home/ggx/software/anaconda3/lib/python3.10/site-packages/sklearn/base.py", line 1466, in wrapper
    estimator._validate_params()
  File "/home/ggx/software/anaconda3/lib/python3.10/site-packages/sklearn/base.py", line 666, in _validate_params
    validate_parameter_constraints(
  File "/home/ggx/software/anaconda3/lib/python3.10/site-packages/sklearn/utils/_param_validation.py", line 95, in validate_parameter_constraints
    raise InvalidParameterError(
sklearn.utils._param_validation.InvalidParameterError: The 'min_samples_split' parameter of GradientBoostingRegressor must be an int in the range [2, inf) or a float in the range (0.0, 1.0]. Got 1 instead.

  warnings.warn(some_fits_failed_message, FitFailedWarning)
/home/ggx/software/anaconda3/lib/python3.10/site-packages/sklearn/model_selection/_search.py:1102: UserWarning: One or more of the test scores are non-finite: [-4.17357003 -4.25896807 -3.08724684 -5.19492128 -4.71613634 -6.33830931
         nan -5.64484944         nan         nan         nan -7.31468978
 -5.73552967 -5.85669827 -5.85292116 -2.21531391 -8.7932064  -2.21939591
         nan -4.600867  ]
  warnings.warn(
/home/ggx/software/anaconda3/lib/python3.10/site-packages/sklearn/model_selection/_validation.py:540: FitFailedWarning: 
10 fits failed out of a total of 100.
The score on these train-test partitions for these parameters will be set to nan.
If these failures are not expected, you can try to debug them by setting error_score='raise'.

Below are more details about the failures:
--------------------------------------------------------------------------------
10 fits failed with the following error:
Traceback (most recent call last):
  File "/home/ggx/software/anaconda3/lib/python3.10/site-packages/sklearn/model_selection/_validation.py", line 888, in _fit_and_score
    estimator.fit(X_train, y_train, **fit_params)
  File "/home/ggx/software/anaconda3/lib/python3.10/site-packages/sklearn/base.py", line 1466, in wrapper
    estimator._validate_params()
  File "/home/ggx/software/anaconda3/lib/python3.10/site-packages/sklearn/base.py", line 666, in _validate_params
    validate_parameter_constraints(
  File "/home/ggx/software/anaconda3/lib/python3.10/site-packages/sklearn/utils/_param_validation.py", line 95, in validate_parameter_constraints
    raise InvalidParameterError(
sklearn.utils._param_validation.InvalidParameterError: The 'min_samples_split' parameter of GradientBoostingRegressor must be an int in the range [2, inf) or a float in the range (0.0, 1.0]. Got 1 instead.

  warnings.warn(some_fits_failed_message, FitFailedWarning)
/home/ggx/software/anaconda3/lib/python3.10/site-packages/sklearn/model_selection/_search.py:1102: UserWarning: One or more of the test scores are non-finite: [-1.04783334 -0.7697702  -0.71669317         nan -0.76193156 -1.62509127
 -0.72521038         nan -0.73300769 -0.60961907 -0.87745008 -0.74403248
 -0.84239279 -0.65909952 -0.57585909 -0.6318899  -0.61500217 -1.84558328
 -1.40940267 -1.14527212]
  warnings.warn(
/home/ggx/software/anaconda3/lib/python3.10/site-packages/sklearn/model_selection/_validation.py:540: FitFailedWarning: 
20 fits failed out of a total of 100.
The score on these train-test partitions for these parameters will be set to nan.
If these failures are not expected, you can try to debug them by setting error_score='raise'.

Below are more details about the failures:
--------------------------------------------------------------------------------
20 fits failed with the following error:
Traceback (most recent call last):
  File "/home/ggx/software/anaconda3/lib/python3.10/site-packages/sklearn/model_selection/_validation.py", line 888, in _fit_and_score
    estimator.fit(X_train, y_train, **fit_params)
  File "/home/ggx/software/anaconda3/lib/python3.10/site-packages/sklearn/base.py", line 1466, in wrapper
    estimator._validate_params()
  File "/home/ggx/software/anaconda3/lib/python3.10/site-packages/sklearn/base.py", line 666, in _validate_params
    validate_parameter_constraints(
  File "/home/ggx/software/anaconda3/lib/python3.10/site-packages/sklearn/utils/_param_validation.py", line 95, in validate_parameter_constraints
    raise InvalidParameterError(
sklearn.utils._param_validation.InvalidParameterError: The 'min_samples_split' parameter of GradientBoostingRegressor must be an int in the range [2, inf) or a float in the range (0.0, 1.0]. Got 1 instead.

  warnings.warn(some_fits_failed_message, FitFailedWarning)
/home/ggx/software/anaconda3/lib/python3.10/site-packages/sklearn/model_selection/_search.py:1102: UserWarning: One or more of the test scores are non-finite: [        nan -0.95772313 -0.83282792 -1.01252408 -0.59276613 -0.09445264
 -0.60170362 -0.69432366 -0.50917598 -0.4877063  -0.20992982         nan
 -0.84159367 -1.39860081         nan -0.61646            nan -0.71810514
 -1.07876872 -0.86257023]
  warnings.warn(
/home/ggx/software/anaconda3/lib/python3.10/site-packages/sklearn/model_selection/_validation.py:540: FitFailedWarning: 
10 fits failed out of a total of 100.
The score on these train-test partitions for these parameters will be set to nan.
If these failures are not expected, you can try to debug them by setting error_score='raise'.

Below are more details about the failures:
--------------------------------------------------------------------------------
10 fits failed with the following error:
Traceback (most recent call last):
  File "/home/ggx/software/anaconda3/lib/python3.10/site-packages/sklearn/model_selection/_validation.py", line 888, in _fit_and_score
    estimator.fit(X_train, y_train, **fit_params)
  File "/home/ggx/software/anaconda3/lib/python3.10/site-packages/sklearn/base.py", line 1466, in wrapper
    estimator._validate_params()
  File "/home/ggx/software/anaconda3/lib/python3.10/site-packages/sklearn/base.py", line 666, in _validate_params
    validate_parameter_constraints(
  File "/home/ggx/software/anaconda3/lib/python3.10/site-packages/sklearn/utils/_param_validation.py", line 95, in validate_parameter_constraints
    raise InvalidParameterError(
sklearn.utils._param_validation.InvalidParameterError: The 'min_samples_split' parameter of GradientBoostingRegressor must be an int in the range [2, inf) or a float in the range (0.0, 1.0]. Got 1 instead.

  warnings.warn(some_fits_failed_message, FitFailedWarning)
/home/ggx/software/anaconda3/lib/python3.10/site-packages/sklearn/model_selection/_search.py:1102: UserWarning: One or more of the test scores are non-finite: [-2.11950818 -3.41316382 -1.36856706         nan         nan -1.73272615
 -3.92252288 -5.09558985 -1.64410196 -2.50693419 -3.93298149 -1.59531448
 -1.60707402 -3.65650571 -2.66285618 -4.98947897 -2.83430399 -1.60233697
 -1.68711314 -2.18991464]
  warnings.warn(
/home/ggx/software/anaconda3/lib/python3.10/site-packages/sklearn/model_selection/_validation.py:540: FitFailedWarning: 
15 fits failed out of a total of 100.
The score on these train-test partitions for these parameters will be set to nan.
If these failures are not expected, you can try to debug them by setting error_score='raise'.

Below are more details about the failures:
--------------------------------------------------------------------------------
15 fits failed with the following error:
Traceback (most recent call last):
  File "/home/ggx/software/anaconda3/lib/python3.10/site-packages/sklearn/model_selection/_validation.py", line 888, in _fit_and_score
    estimator.fit(X_train, y_train, **fit_params)
  File "/home/ggx/software/anaconda3/lib/python3.10/site-packages/sklearn/base.py", line 1466, in wrapper
    estimator._validate_params()
  File "/home/ggx/software/anaconda3/lib/python3.10/site-packages/sklearn/base.py", line 666, in _validate_params
    validate_parameter_constraints(
  File "/home/ggx/software/anaconda3/lib/python3.10/site-packages/sklearn/utils/_param_validation.py", line 95, in validate_parameter_constraints
    raise InvalidParameterError(
sklearn.utils._param_validation.InvalidParameterError: The 'min_samples_split' parameter of GradientBoostingRegressor must be an int in the range [2, inf) or a float in the range (0.0, 1.0]. Got 1 instead.

  warnings.warn(some_fits_failed_message, FitFailedWarning)
/home/ggx/software/anaconda3/lib/python3.10/site-packages/sklearn/model_selection/_search.py:1102: UserWarning: One or more of the test scores are non-finite: [        nan -2.27548145         nan -2.61230154 -2.2221521  -3.7840163
 -2.94667147 -4.62822469 -2.69665848         nan -3.78962714 -4.66808976
 -2.87770538 -1.96071894 -2.59646418 -4.41281016 -3.10618484 -3.15822181
 -4.40563554 -2.58467491]
  warnings.warn(
/home/ggx/software/anaconda3/lib/python3.10/site-packages/sklearn/model_selection/_validation.py:540: FitFailedWarning: 
25 fits failed out of a total of 100.
The score on these train-test partitions for these parameters will be set to nan.
If these failures are not expected, you can try to debug them by setting error_score='raise'.

Below are more details about the failures:
--------------------------------------------------------------------------------
25 fits failed with the following error:
Traceback (most recent call last):
  File "/home/ggx/software/anaconda3/lib/python3.10/site-packages/sklearn/model_selection/_validation.py", line 888, in _fit_and_score
    estimator.fit(X_train, y_train, **fit_params)
  File "/home/ggx/software/anaconda3/lib/python3.10/site-packages/sklearn/base.py", line 1466, in wrapper
    estimator._validate_params()
  File "/home/ggx/software/anaconda3/lib/python3.10/site-packages/sklearn/base.py", line 666, in _validate_params
    validate_parameter_constraints(
  File "/home/ggx/software/anaconda3/lib/python3.10/site-packages/sklearn/utils/_param_validation.py", line 95, in validate_parameter_constraints
    raise InvalidParameterError(
sklearn.utils._param_validation.InvalidParameterError: The 'min_samples_split' parameter of GradientBoostingRegressor must be an int in the range [2, inf) or a float in the range (0.0, 1.0]. Got 1 instead.

  warnings.warn(some_fits_failed_message, FitFailedWarning)
/home/ggx/software/anaconda3/lib/python3.10/site-packages/sklearn/model_selection/_search.py:1102: UserWarning: One or more of the test scores are non-finite: [ 0.2478969   0.04261646  0.10572566         nan -0.46315222  0.08648715
  0.20387291  0.18996308         nan -0.13257273  0.04873233 -0.08441997
         nan  0.10351494 -0.08452209         nan         nan  0.24510756
 -0.18009111  0.14118855]
  warnings.warn(
/home/ggx/software/anaconda3/lib/python3.10/site-packages/sklearn/model_selection/_validation.py:540: FitFailedWarning: 
15 fits failed out of a total of 100.
The score on these train-test partitions for these parameters will be set to nan.
If these failures are not expected, you can try to debug them by setting error_score='raise'.

Below are more details about the failures:
--------------------------------------------------------------------------------
15 fits failed with the following error:
Traceback (most recent call last):
  File "/home/ggx/software/anaconda3/lib/python3.10/site-packages/sklearn/model_selection/_validation.py", line 888, in _fit_and_score
    estimator.fit(X_train, y_train, **fit_params)
  File "/home/ggx/software/anaconda3/lib/python3.10/site-packages/sklearn/base.py", line 1466, in wrapper
    estimator._validate_params()
  File "/home/ggx/software/anaconda3/lib/python3.10/site-packages/sklearn/base.py", line 666, in _validate_params
    validate_parameter_constraints(
  File "/home/ggx/software/anaconda3/lib/python3.10/site-packages/sklearn/utils/_param_validation.py", line 95, in validate_parameter_constraints
    raise InvalidParameterError(
sklearn.utils._param_validation.InvalidParameterError: The 'min_samples_split' parameter of GradientBoostingRegressor must be an int in the range [2, inf) or a float in the range (0.0, 1.0]. Got 1 instead.

  warnings.warn(some_fits_failed_message, FitFailedWarning)
/home/ggx/software/anaconda3/lib/python3.10/site-packages/sklearn/model_selection/_search.py:1102: UserWarning: One or more of the test scores are non-finite: [ 0.32891177  0.07205444 -0.0918478  -0.0239896   0.20728358         nan
         nan         nan -0.06412486 -0.18135298 -0.36184601 -0.09008216
 -0.04523388  0.0529915   0.18734155 -0.31474606  0.37086909  0.089526
  0.07058603  0.08078358]
  warnings.warn(
/home/ggx/software/anaconda3/lib/python3.10/site-packages/sklearn/model_selection/_validation.py:540: FitFailedWarning: 
20 fits failed out of a total of 100.
The score on these train-test partitions for these parameters will be set to nan.
If these failures are not expected, you can try to debug them by setting error_score='raise'.

Below are more details about the failures:
--------------------------------------------------------------------------------
20 fits failed with the following error:
Traceback (most recent call last):
  File "/home/ggx/software/anaconda3/lib/python3.10/site-packages/sklearn/model_selection/_validation.py", line 888, in _fit_and_score
    estimator.fit(X_train, y_train, **fit_params)
  File "/home/ggx/software/anaconda3/lib/python3.10/site-packages/sklearn/base.py", line 1466, in wrapper
    estimator._validate_params()
  File "/home/ggx/software/anaconda3/lib/python3.10/site-packages/sklearn/base.py", line 666, in _validate_params
    validate_parameter_constraints(
  File "/home/ggx/software/anaconda3/lib/python3.10/site-packages/sklearn/utils/_param_validation.py", line 95, in validate_parameter_constraints
    raise InvalidParameterError(
sklearn.utils._param_validation.InvalidParameterError: The 'min_samples_split' parameter of GradientBoostingRegressor must be an int in the range [2, inf) or a float in the range (0.0, 1.0]. Got 1 instead.

  warnings.warn(some_fits_failed_message, FitFailedWarning)
/home/ggx/software/anaconda3/lib/python3.10/site-packages/sklearn/model_selection/_search.py:1102: UserWarning: One or more of the test scores are non-finite: [        nan -0.12077807 -0.70969671 -0.0678286          nan         nan
 -0.11976275         nan -0.01703866  0.18571454  0.02870274 -0.09550285
  0.07371328 -0.62516666 -0.08917809 -0.04388201  0.19122138  0.04505307
  0.1954505  -0.06482217]
  warnings.warn(
/home/ggx/software/anaconda3/lib/python3.10/site-packages/sklearn/model_selection/_validation.py:540: FitFailedWarning: 
25 fits failed out of a total of 100.
The score on these train-test partitions for these parameters will be set to nan.
If these failures are not expected, you can try to debug them by setting error_score='raise'.

Below are more details about the failures:
--------------------------------------------------------------------------------
25 fits failed with the following error:
Traceback (most recent call last):
  File "/home/ggx/software/anaconda3/lib/python3.10/site-packages/sklearn/model_selection/_validation.py", line 888, in _fit_and_score
    estimator.fit(X_train, y_train, **fit_params)
  File "/home/ggx/software/anaconda3/lib/python3.10/site-packages/sklearn/base.py", line 1466, in wrapper
    estimator._validate_params()
  File "/home/ggx/software/anaconda3/lib/python3.10/site-packages/sklearn/base.py", line 666, in _validate_params
    validate_parameter_constraints(
  File "/home/ggx/software/anaconda3/lib/python3.10/site-packages/sklearn/utils/_param_validation.py", line 95, in validate_parameter_constraints
    raise InvalidParameterError(
sklearn.utils._param_validation.InvalidParameterError: The 'min_samples_split' parameter of GradientBoostingRegressor must be an int in the range [2, inf) or a float in the range (0.0, 1.0]. Got 1 instead.

  warnings.warn(some_fits_failed_message, FitFailedWarning)
/home/ggx/software/anaconda3/lib/python3.10/site-packages/sklearn/model_selection/_search.py:1102: UserWarning: One or more of the test scores are non-finite: [ 0.0398907  -0.35794631         nan -0.27228345  0.01572086  0.0902512
 -0.05081024         nan         nan         nan -0.09119    -0.02936924
 -0.38743754 -0.20573904         nan -0.02936924 -0.01427276 -0.23607956
 -0.05383487 -0.26789854]
  warnings.warn(
/home/ggx/software/anaconda3/lib/python3.10/site-packages/sklearn/model_selection/_validation.py:540: FitFailedWarning: 
10 fits failed out of a total of 100.
The score on these train-test partitions for these parameters will be set to nan.
If these failures are not expected, you can try to debug them by setting error_score='raise'.

Below are more details about the failures:
--------------------------------------------------------------------------------
10 fits failed with the following error:
Traceback (most recent call last):
  File "/home/ggx/software/anaconda3/lib/python3.10/site-packages/sklearn/model_selection/_validation.py", line 888, in _fit_and_score
    estimator.fit(X_train, y_train, **fit_params)
  File "/home/ggx/software/anaconda3/lib/python3.10/site-packages/sklearn/base.py", line 1466, in wrapper
    estimator._validate_params()
  File "/home/ggx/software/anaconda3/lib/python3.10/site-packages/sklearn/base.py", line 666, in _validate_params
    validate_parameter_constraints(
  File "/home/ggx/software/anaconda3/lib/python3.10/site-packages/sklearn/utils/_param_validation.py", line 95, in validate_parameter_constraints
    raise InvalidParameterError(
sklearn.utils._param_validation.InvalidParameterError: The 'min_samples_split' parameter of GradientBoostingRegressor must be an int in the range [2, inf) or a float in the range (0.0, 1.0]. Got 1 instead.

  warnings.warn(some_fits_failed_message, FitFailedWarning)
/home/ggx/software/anaconda3/lib/python3.10/site-packages/sklearn/model_selection/_search.py:1102: UserWarning: One or more of the test scores are non-finite: [-0.39739512 -0.6989929  -0.47779608         nan -0.33387726 -0.31304342
 -0.22620928 -1.17020273 -0.35457553 -0.25417937 -0.64869118         nan
 -0.8271702  -0.77578786 -0.38180826 -0.63585397 -0.60971247 -0.20117142
 -0.13561575 -0.68841837]
  warnings.warn(
/home/ggx/software/anaconda3/lib/python3.10/site-packages/sklearn/model_selection/_validation.py:540: FitFailedWarning: 
15 fits failed out of a total of 100.
The score on these train-test partitions for these parameters will be set to nan.
If these failures are not expected, you can try to debug them by setting error_score='raise'.

Below are more details about the failures:
--------------------------------------------------------------------------------
15 fits failed with the following error:
Traceback (most recent call last):
  File "/home/ggx/software/anaconda3/lib/python3.10/site-packages/sklearn/model_selection/_validation.py", line 888, in _fit_and_score
    estimator.fit(X_train, y_train, **fit_params)
  File "/home/ggx/software/anaconda3/lib/python3.10/site-packages/sklearn/base.py", line 1466, in wrapper
    estimator._validate_params()
  File "/home/ggx/software/anaconda3/lib/python3.10/site-packages/sklearn/base.py", line 666, in _validate_params
    validate_parameter_constraints(
  File "/home/ggx/software/anaconda3/lib/python3.10/site-packages/sklearn/utils/_param_validation.py", line 95, in validate_parameter_constraints
    raise InvalidParameterError(
sklearn.utils._param_validation.InvalidParameterError: The 'min_samples_split' parameter of GradientBoostingRegressor must be an int in the range [2, inf) or a float in the range (0.0, 1.0]. Got 1 instead.

  warnings.warn(some_fits_failed_message, FitFailedWarning)
/home/ggx/software/anaconda3/lib/python3.10/site-packages/sklearn/model_selection/_search.py:1102: UserWarning: One or more of the test scores are non-finite: [-0.12261917 -0.52800618         nan -0.18210968 -0.48910717 -0.34654455
 -0.60786631 -0.34009186 -0.16056362 -0.71033337 -0.65910374 -1.03582981
         nan         nan -0.31859062 -1.44782889 -0.67420213 -0.0797783
 -0.64904554 -0.35710193]
  warnings.warn(
/home/ggx/software/anaconda3/lib/python3.10/site-packages/sklearn/model_selection/_validation.py:540: FitFailedWarning: 
15 fits failed out of a total of 100.
The score on these train-test partitions for these parameters will be set to nan.
If these failures are not expected, you can try to debug them by setting error_score='raise'.

Below are more details about the failures:
--------------------------------------------------------------------------------
15 fits failed with the following error:
Traceback (most recent call last):
  File "/home/ggx/software/anaconda3/lib/python3.10/site-packages/sklearn/model_selection/_validation.py", line 888, in _fit_and_score
    estimator.fit(X_train, y_train, **fit_params)
  File "/home/ggx/software/anaconda3/lib/python3.10/site-packages/sklearn/base.py", line 1466, in wrapper
    estimator._validate_params()
  File "/home/ggx/software/anaconda3/lib/python3.10/site-packages/sklearn/base.py", line 666, in _validate_params
    validate_parameter_constraints(
  File "/home/ggx/software/anaconda3/lib/python3.10/site-packages/sklearn/utils/_param_validation.py", line 95, in validate_parameter_constraints
    raise InvalidParameterError(
sklearn.utils._param_validation.InvalidParameterError: The 'min_samples_split' parameter of GradientBoostingRegressor must be an int in the range [2, inf) or a float in the range (0.0, 1.0]. Got 1 instead.

  warnings.warn(some_fits_failed_message, FitFailedWarning)
/home/ggx/software/anaconda3/lib/python3.10/site-packages/sklearn/model_selection/_search.py:1102: UserWarning: One or more of the test scores are non-finite: [-3.05379955 -0.9313467          nan -0.82286862 -0.71259666 -0.87841645
 -0.38542615 -0.53443602         nan  0.00694496 -1.66529316 -1.38199805
 -0.58377301 -2.45095538         nan -1.6941294  -0.34756916  0.04984433
 -1.95570614 -1.04181806]
  warnings.warn(
{'n_estimators': 100, 'min_weight_fraction_leaf': 0.04, 'min_samples_split': 12, 'min_samples_leaf': 5, 'min_impurity_decrease': 0.008, 'max_features': 1, 'max_depth': 5, 'learning_rate': 0.06, 'alpha': 0.1}
Train R²: 0.8854, Test R²: -0.1420

Using random_state=54 for training

Best parameter combination:
{'n_estimators': 350, 'min_weight_fraction_leaf': 0.06, 'min_samples_split': 8, 'min_samples_leaf': 5, 'min_impurity_decrease': 0.01, 'max_features': 2, 'max_depth': 4, 'learning_rate': 0.01, 'alpha': 0.8}
Train R²: 0.9233, Test R²: -0.5573

Using random_state=55 for training

Best parameter combination:
{'n_estimators': 350, 'min_weight_fraction_leaf': 0.04, 'min_samples_split': 6, 'min_samples_leaf': 7, 'min_impurity_decrease': 0.008, 'max_features': 6, 'max_depth': 6, 'learning_rate': 0.8, 'alpha': 0.9}
Train R²: 0.9865, Test R²: 0.6748

Using random_state=56 for training

Best parameter combination:
{'n_estimators': 350, 'min_weight_fraction_leaf': 0.08, 'min_samples_split': 6, 'min_samples_leaf': 7, 'min_impurity_decrease': 0.01, 'max_features': 3, 'max_depth': 8, 'learning_rate': 0.5, 'alpha': 0.2}
Train R²: 0.9725, Test R²: 0.5247

Using random_state=57 for training

Best parameter combination:
{'n_estimators': 50, 'min_weight_fraction_leaf': 0.06, 'min_samples_split': 6, 'min_samples_leaf': 2, 'min_impurity_decrease': 0.01, 'max_features': 3, 'max_depth': 4, 'learning_rate': 0.5, 'alpha': 0.2}
Train R²: 0.9906, Test R²: -0.5241

Using random_state=58 for training

Best parameter combination:
{'n_estimators': 300, 'min_weight_fraction_leaf': 0.08, 'min_samples_split': 4, 'min_samples_leaf': 7, 'min_impurity_decrease': 0.01, 'max_features': 4, 'max_depth': 5, 'learning_rate': 0.01, 'alpha': 0.1}
Train R²: 0.7703, Test R²: -0.0858

Using random_state=59 for training

Best parameter combination:
{'n_estimators': 350, 'min_weight_fraction_leaf': 0, 'min_samples_split': 12, 'min_samples_leaf': 9, 'min_impurity_decrease': 0.01, 'max_features': 1, 'max_depth': 8, 'learning_rate': 0.5, 'alpha': 0.6}
Train R²: 0.9674, Test R²: -1.7969

Using random_state=60 for training

Best parameter combination:
{'n_estimators': 300, 'min_weight_fraction_leaf': 0, 'min_samples_split': 6, 'min_samples_leaf': 7, 'min_impurity_decrease': 0.01, 'max_features': 3, 'max_depth': 4, 'learning_rate': 0.06, 'alpha': 0.92}
Train R²: 0.9472, Test R²: 0.5574

Using random_state=61 for training

Best parameter combination:
{'n_estimators': 300, 'min_weight_fraction_leaf': 0.04, 'min_samples_split': 12, 'min_samples_leaf': 2, 'min_impurity_decrease': 0.008, 'max_features': 8, 'max_depth': 6, 'learning_rate': 0.8, 'alpha': 0.1}
Train R²: 0.9943, Test R²: -0.0575

Using random_state=62 for training

Best parameter combination:
{'n_estimators': 400, 'min_weight_fraction_leaf': 0, 'min_samples_split': 6, 'min_samples_leaf': 7, 'min_impurity_decrease': 0.01, 'max_features': 6, 'max_depth': 3, 'learning_rate': 0.02, 'alpha': 0.92}
Train R²: 0.9603, Test R²: -0.3874

Using random_state=63 for training

Best parameter combination:
{'n_estimators': 200, 'min_weight_fraction_leaf': 0.04, 'min_samples_split': 2, 'min_samples_leaf': 7, 'min_impurity_decrease': 0.01, 'max_features': 6, 'max_depth': 7, 'learning_rate': 0.8, 'alpha': 0.92}
Train R²: 0.9869, Test R²: -7.6597

Using random_state=64 for training

Best parameter combination:
{'n_estimators': 250, 'min_weight_fraction_leaf': 0, 'min_samples_split': 4, 'min_samples_leaf': 5, 'min_impurity_decrease': 0.008, 'max_features': 4, 'max_depth': 8, 'learning_rate': 0.5, 'alpha': 0.8}
Train R²: 0.9872, Test R²: 0.8472

Using random_state=65 for training

Best parameter combination:
{'n_estimators': 450, 'min_weight_fraction_leaf': 0, 'min_samples_split': 12, 'min_samples_leaf': 5, 'min_impurity_decrease': 0.008, 'max_features': 3, 'max_depth': 5, 'learning_rate': 0.06, 'alpha': 0.5}
Train R²: 0.9742, Test R²: -0.6771

Using random_state=66 for training

Best parameter combination:
{'n_estimators': 450, 'min_weight_fraction_leaf': 0.08, 'min_samples_split': 8, 'min_samples_leaf': 1, 'min_impurity_decrease': 0.008, 'max_features': 3, 'max_depth': 4, 'learning_rate': 0.02, 'alpha': 0.6}
Train R²: 0.9830, Test R²: -0.1174

Using random_state=67 for training

Best parameter combination:
{'n_estimators': 400, 'min_weight_fraction_leaf': 0.04, 'min_samples_split': 12, 'min_samples_leaf': 7, 'min_impurity_decrease': 0.008, 'max_features': 8, 'max_depth': 3, 'learning_rate': 0.02, 'alpha': 0.5}
Train R²: 0.9576, Test R²: -0.0813

Using random_state=68 for training

Best parameter combination:
{'n_estimators': 200, 'min_weight_fraction_leaf': 0.08, 'min_samples_split': 12, 'min_samples_leaf': 9, 'min_impurity_decrease': 0.01, 'max_features': 6, 'max_depth': 9, 'learning_rate': 0.5, 'alpha': 0.92}
Train R²: 0.9448, Test R²: 0.0526

Using random_state=69 for training

Best parameter combination:
{'n_estimators': 50, 'min_weight_fraction_leaf': 0.06, 'min_samples_split': 8, 'min_samples_leaf': 7, 'min_impurity_decrease': 0.01, 'max_features': 6, 'max_depth': 5, 'learning_rate': 0.01, 'alpha': 0.6}
Train R²: 0.2565, Test R²: -0.0199

Using random_state=70 for training

Best parameter combination:
{'n_estimators': 300, 'min_weight_fraction_leaf': 0.06, 'min_samples_split': 2, 'min_samples_leaf': 2, 'min_impurity_decrease': 0.008, 'max_features': 12, 'max_depth': 8, 'learning_rate': 0.06, 'alpha': 0.6}
Train R²: 0.9907, Test R²: -0.0323

Using random_state=71 for training

Best parameter combination:
{'n_estimators': 100, 'min_weight_fraction_leaf': 0.02, 'min_samples_split': 2, 'min_samples_leaf': 1, 'min_impurity_decrease': 0.008, 'max_features': 1, 'max_depth': 2, 'learning_rate': 0.02, 'alpha': 0.92}
Train R²: 0.6674, Test R²: 0.3267

Using random_state=72 for training

Best parameter combination:
{'n_estimators': 350, 'min_weight_fraction_leaf': 0.04, 'min_samples_split': 12, 'min_samples_leaf': 1, 'min_impurity_decrease': 0.01, 'max_features': 12, 'max_depth': 9, 'learning_rate': 0.06, 'alpha': 0.5}
Train R²: 0.9732, Test R²: 0.1753

Using random_state=73 for training

Best parameter combination:
{'n_estimators': 450, 'min_weight_fraction_leaf': 0.08, 'min_samples_split': 2, 'min_samples_leaf': 9, 'min_impurity_decrease': 0.008, 'max_features': 4, 'max_depth': 3, 'learning_rate': 0.02, 'alpha': 0.1}
Train R²: 0.8559, Test R²: -1.3570

Using random_state=74 for training

Best parameter combination:
{'n_estimators': 400, 'min_weight_fraction_leaf': 0, 'min_samples_split': 6, 'min_samples_leaf': 5, 'min_impurity_decrease': 0.008, 'max_features': 2, 'max_depth': 9, 'learning_rate': 0.8, 'alpha': 0.9}
Train R²: 0.9918, Test R²: -0.2210

Using random_state=75 for training

Best parameter combination:
{'n_estimators': 50, 'min_weight_fraction_leaf': 0, 'min_samples_split': 10, 'min_samples_leaf': 5, 'min_impurity_decrease': 0.01, 'max_features': 12, 'max_depth': 3, 'learning_rate': 0.02, 'alpha': 0.92}
Train R²: 0.6427, Test R²: -0.0163

Using random_state=76 for training

Best parameter combination:
{'n_estimators': 400, 'min_weight_fraction_leaf': 0.04, 'min_samples_split': 12, 'min_samples_leaf': 1, 'min_impurity_decrease': 0.008, 'max_features': 2, 'max_depth': 3, 'learning_rate': 0.06, 'alpha': 0.8}
Train R²: 0.9785, Test R²: 0.4178

Using random_state=77 for training

Best parameter combination:
{'n_estimators': 50, 'min_weight_fraction_leaf': 0, 'min_samples_split': 12, 'min_samples_leaf': 9, 'min_impurity_decrease': 0.008, 'max_features': 12, 'max_depth': 6, 'learning_rate': 0.02, 'alpha': 0.2}
Train R²: 0.2406, Test R²: 0.0691

Using random_state=78 for training

Best parameter combination:
{'n_estimators': 350, 'min_weight_fraction_leaf': 0.08, 'min_samples_split': 4, 'min_samples_leaf': 1, 'min_impurity_decrease': 0.008, 'max_features': 4, 'max_depth': 7, 'learning_rate': 0.5, 'alpha': 0.7}
Train R²: 0.9836, Test R²: -0.2193

Using random_state=79 for training

Best parameter combination:
/home/ggx/software/anaconda3/lib/python3.10/site-packages/sklearn/model_selection/_validation.py:540: FitFailedWarning: 
5 fits failed out of a total of 100.
The score on these train-test partitions for these parameters will be set to nan.
If these failures are not expected, you can try to debug them by setting error_score='raise'.

Below are more details about the failures:
--------------------------------------------------------------------------------
5 fits failed with the following error:
Traceback (most recent call last):
  File "/home/ggx/software/anaconda3/lib/python3.10/site-packages/sklearn/model_selection/_validation.py", line 888, in _fit_and_score
    estimator.fit(X_train, y_train, **fit_params)
  File "/home/ggx/software/anaconda3/lib/python3.10/site-packages/sklearn/base.py", line 1466, in wrapper
    estimator._validate_params()
  File "/home/ggx/software/anaconda3/lib/python3.10/site-packages/sklearn/base.py", line 666, in _validate_params
    validate_parameter_constraints(
  File "/home/ggx/software/anaconda3/lib/python3.10/site-packages/sklearn/utils/_param_validation.py", line 95, in validate_parameter_constraints
    raise InvalidParameterError(
sklearn.utils._param_validation.InvalidParameterError: The 'min_samples_split' parameter of GradientBoostingRegressor must be an int in the range [2, inf) or a float in the range (0.0, 1.0]. Got 1 instead.

  warnings.warn(some_fits_failed_message, FitFailedWarning)
/home/ggx/software/anaconda3/lib/python3.10/site-packages/sklearn/model_selection/_search.py:1102: UserWarning: One or more of the test scores are non-finite: [-1.93099152 -1.93680353 -2.46049347 -1.84093457 -1.43009929 -1.93680353
 -2.30068734 -1.66149023 -1.7183175  -3.40322366 -4.60972999 -2.37553907
 -3.47521978 -1.87918147 -1.82196421 -1.6248582  -2.23957871 -1.88119271
 -1.58114224         nan]
  warnings.warn(
/home/ggx/software/anaconda3/lib/python3.10/site-packages/sklearn/model_selection/_validation.py:540: FitFailedWarning: 
15 fits failed out of a total of 100.
The score on these train-test partitions for these parameters will be set to nan.
If these failures are not expected, you can try to debug them by setting error_score='raise'.

Below are more details about the failures:
--------------------------------------------------------------------------------
15 fits failed with the following error:
Traceback (most recent call last):
  File "/home/ggx/software/anaconda3/lib/python3.10/site-packages/sklearn/model_selection/_validation.py", line 888, in _fit_and_score
    estimator.fit(X_train, y_train, **fit_params)
  File "/home/ggx/software/anaconda3/lib/python3.10/site-packages/sklearn/base.py", line 1466, in wrapper
    estimator._validate_params()
  File "/home/ggx/software/anaconda3/lib/python3.10/site-packages/sklearn/base.py", line 666, in _validate_params
    validate_parameter_constraints(
  File "/home/ggx/software/anaconda3/lib/python3.10/site-packages/sklearn/utils/_param_validation.py", line 95, in validate_parameter_constraints
    raise InvalidParameterError(
sklearn.utils._param_validation.InvalidParameterError: The 'min_samples_split' parameter of GradientBoostingRegressor must be an int in the range [2, inf) or a float in the range (0.0, 1.0]. Got 1 instead.

  warnings.warn(some_fits_failed_message, FitFailedWarning)
/home/ggx/software/anaconda3/lib/python3.10/site-packages/sklearn/model_selection/_search.py:1102: UserWarning: One or more of the test scores are non-finite: [-0.6325389  -0.36338888 -0.41355541 -0.390138           nan -1.01594894
 -0.37984315 -0.34859263 -0.53248661 -0.51281745 -0.48655984 -0.22599041
 -0.44851591         nan -0.51095517 -0.21979088 -0.38662605         nan
 -0.28677519 -0.03140261]
  warnings.warn(
/home/ggx/software/anaconda3/lib/python3.10/site-packages/sklearn/model_selection/_validation.py:540: FitFailedWarning: 
20 fits failed out of a total of 100.
The score on these train-test partitions for these parameters will be set to nan.
If these failures are not expected, you can try to debug them by setting error_score='raise'.

Below are more details about the failures:
--------------------------------------------------------------------------------
20 fits failed with the following error:
Traceback (most recent call last):
  File "/home/ggx/software/anaconda3/lib/python3.10/site-packages/sklearn/model_selection/_validation.py", line 888, in _fit_and_score
    estimator.fit(X_train, y_train, **fit_params)
  File "/home/ggx/software/anaconda3/lib/python3.10/site-packages/sklearn/base.py", line 1466, in wrapper
    estimator._validate_params()
  File "/home/ggx/software/anaconda3/lib/python3.10/site-packages/sklearn/base.py", line 666, in _validate_params
    validate_parameter_constraints(
  File "/home/ggx/software/anaconda3/lib/python3.10/site-packages/sklearn/utils/_param_validation.py", line 95, in validate_parameter_constraints
    raise InvalidParameterError(
sklearn.utils._param_validation.InvalidParameterError: The 'min_samples_split' parameter of GradientBoostingRegressor must be an int in the range [2, inf) or a float in the range (0.0, 1.0]. Got 1 instead.

  warnings.warn(some_fits_failed_message, FitFailedWarning)
/home/ggx/software/anaconda3/lib/python3.10/site-packages/sklearn/model_selection/_search.py:1102: UserWarning: One or more of the test scores are non-finite: [-1.33136439 -3.14067644 -1.03987201 -4.94058105 -4.14163441 -2.98354707
 -2.00344662         nan -3.64998199         nan -1.31941962 -2.04217893
 -2.60476439 -2.33847807 -2.21746758 -2.88399519 -2.78419397         nan
         nan -1.18278502]
  warnings.warn(
/home/ggx/software/anaconda3/lib/python3.10/site-packages/sklearn/model_selection/_validation.py:540: FitFailedWarning: 
20 fits failed out of a total of 100.
The score on these train-test partitions for these parameters will be set to nan.
If these failures are not expected, you can try to debug them by setting error_score='raise'.

Below are more details about the failures:
--------------------------------------------------------------------------------
20 fits failed with the following error:
Traceback (most recent call last):
  File "/home/ggx/software/anaconda3/lib/python3.10/site-packages/sklearn/model_selection/_validation.py", line 888, in _fit_and_score
    estimator.fit(X_train, y_train, **fit_params)
  File "/home/ggx/software/anaconda3/lib/python3.10/site-packages/sklearn/base.py", line 1466, in wrapper
    estimator._validate_params()
  File "/home/ggx/software/anaconda3/lib/python3.10/site-packages/sklearn/base.py", line 666, in _validate_params
    validate_parameter_constraints(
  File "/home/ggx/software/anaconda3/lib/python3.10/site-packages/sklearn/utils/_param_validation.py", line 95, in validate_parameter_constraints
    raise InvalidParameterError(
sklearn.utils._param_validation.InvalidParameterError: The 'min_samples_split' parameter of GradientBoostingRegressor must be an int in the range [2, inf) or a float in the range (0.0, 1.0]. Got 1 instead.

  warnings.warn(some_fits_failed_message, FitFailedWarning)
/home/ggx/software/anaconda3/lib/python3.10/site-packages/sklearn/model_selection/_search.py:1102: UserWarning: One or more of the test scores are non-finite: [-0.05046105         nan -0.10365399  0.11669299  0.02455762 -0.05956072
 -0.09863763 -0.31428148  0.11011343  0.03454258         nan  0.03124811
 -0.10297747         nan  0.26259764         nan  0.03029753 -0.16285863
  0.07895019 -0.30720956]
  warnings.warn(
/home/ggx/software/anaconda3/lib/python3.10/site-packages/sklearn/model_selection/_validation.py:540: FitFailedWarning: 
15 fits failed out of a total of 100.
The score on these train-test partitions for these parameters will be set to nan.
If these failures are not expected, you can try to debug them by setting error_score='raise'.

Below are more details about the failures:
--------------------------------------------------------------------------------
15 fits failed with the following error:
Traceback (most recent call last):
  File "/home/ggx/software/anaconda3/lib/python3.10/site-packages/sklearn/model_selection/_validation.py", line 888, in _fit_and_score
    estimator.fit(X_train, y_train, **fit_params)
  File "/home/ggx/software/anaconda3/lib/python3.10/site-packages/sklearn/base.py", line 1466, in wrapper
    estimator._validate_params()
  File "/home/ggx/software/anaconda3/lib/python3.10/site-packages/sklearn/base.py", line 666, in _validate_params
    validate_parameter_constraints(
  File "/home/ggx/software/anaconda3/lib/python3.10/site-packages/sklearn/utils/_param_validation.py", line 95, in validate_parameter_constraints
    raise InvalidParameterError(
sklearn.utils._param_validation.InvalidParameterError: The 'min_samples_split' parameter of GradientBoostingRegressor must be an int in the range [2, inf) or a float in the range (0.0, 1.0]. Got 1 instead.

  warnings.warn(some_fits_failed_message, FitFailedWarning)
/home/ggx/software/anaconda3/lib/python3.10/site-packages/sklearn/model_selection/_search.py:1102: UserWarning: One or more of the test scores are non-finite: [-1.23444575 -0.40278588 -1.29209561 -0.73585454         nan -1.32722055
 -0.94266552 -0.76793871 -1.09384118 -1.200091   -1.39404103         nan
 -1.63500021 -0.7861238  -1.40268071         nan -1.09332484 -0.67509447
 -1.33862914 -1.39404103]
  warnings.warn(
/home/ggx/software/anaconda3/lib/python3.10/site-packages/sklearn/model_selection/_validation.py:540: FitFailedWarning: 
10 fits failed out of a total of 100.
The score on these train-test partitions for these parameters will be set to nan.
If these failures are not expected, you can try to debug them by setting error_score='raise'.

Below are more details about the failures:
--------------------------------------------------------------------------------
10 fits failed with the following error:
Traceback (most recent call last):
  File "/home/ggx/software/anaconda3/lib/python3.10/site-packages/sklearn/model_selection/_validation.py", line 888, in _fit_and_score
    estimator.fit(X_train, y_train, **fit_params)
  File "/home/ggx/software/anaconda3/lib/python3.10/site-packages/sklearn/base.py", line 1466, in wrapper
    estimator._validate_params()
  File "/home/ggx/software/anaconda3/lib/python3.10/site-packages/sklearn/base.py", line 666, in _validate_params
    validate_parameter_constraints(
  File "/home/ggx/software/anaconda3/lib/python3.10/site-packages/sklearn/utils/_param_validation.py", line 95, in validate_parameter_constraints
    raise InvalidParameterError(
sklearn.utils._param_validation.InvalidParameterError: The 'min_samples_split' parameter of GradientBoostingRegressor must be an int in the range [2, inf) or a float in the range (0.0, 1.0]. Got 1 instead.

  warnings.warn(some_fits_failed_message, FitFailedWarning)
/home/ggx/software/anaconda3/lib/python3.10/site-packages/sklearn/model_selection/_search.py:1102: UserWarning: One or more of the test scores are non-finite: [-0.13168706 -0.17773602         nan -0.08352298 -0.57142731 -0.10248805
 -0.02467183         nan -0.21492488 -0.21355564 -0.62974494 -0.16877627
 -0.15091853 -0.36183364 -0.48665625 -0.12721048 -0.07810681 -0.58199122
 -0.08200426 -0.02746681]
  warnings.warn(
/home/ggx/software/anaconda3/lib/python3.10/site-packages/sklearn/model_selection/_validation.py:540: FitFailedWarning: 
10 fits failed out of a total of 100.
The score on these train-test partitions for these parameters will be set to nan.
If these failures are not expected, you can try to debug them by setting error_score='raise'.

Below are more details about the failures:
--------------------------------------------------------------------------------
10 fits failed with the following error:
Traceback (most recent call last):
  File "/home/ggx/software/anaconda3/lib/python3.10/site-packages/sklearn/model_selection/_validation.py", line 888, in _fit_and_score
    estimator.fit(X_train, y_train, **fit_params)
  File "/home/ggx/software/anaconda3/lib/python3.10/site-packages/sklearn/base.py", line 1466, in wrapper
    estimator._validate_params()
  File "/home/ggx/software/anaconda3/lib/python3.10/site-packages/sklearn/base.py", line 666, in _validate_params
    validate_parameter_constraints(
  File "/home/ggx/software/anaconda3/lib/python3.10/site-packages/sklearn/utils/_param_validation.py", line 95, in validate_parameter_constraints
    raise InvalidParameterError(
sklearn.utils._param_validation.InvalidParameterError: The 'min_samples_split' parameter of GradientBoostingRegressor must be an int in the range [2, inf) or a float in the range (0.0, 1.0]. Got 1 instead.

  warnings.warn(some_fits_failed_message, FitFailedWarning)
/home/ggx/software/anaconda3/lib/python3.10/site-packages/sklearn/model_selection/_search.py:1102: UserWarning: One or more of the test scores are non-finite: [-0.94873819 -4.17887            nan -2.62504746 -2.35994099 -3.97184077
 -3.28056332 -5.6169731  -1.48617941 -1.90276359 -7.00882069 -2.98522825
 -0.97248353 -2.48000966 -5.32095715         nan -0.68625718 -2.49493875
 -3.49303349 -3.46037831]
  warnings.warn(
/home/ggx/software/anaconda3/lib/python3.10/site-packages/sklearn/model_selection/_validation.py:540: FitFailedWarning: 
10 fits failed out of a total of 100.
The score on these train-test partitions for these parameters will be set to nan.
If these failures are not expected, you can try to debug them by setting error_score='raise'.

Below are more details about the failures:
--------------------------------------------------------------------------------
10 fits failed with the following error:
Traceback (most recent call last):
  File "/home/ggx/software/anaconda3/lib/python3.10/site-packages/sklearn/model_selection/_validation.py", line 888, in _fit_and_score
    estimator.fit(X_train, y_train, **fit_params)
  File "/home/ggx/software/anaconda3/lib/python3.10/site-packages/sklearn/base.py", line 1466, in wrapper
    estimator._validate_params()
  File "/home/ggx/software/anaconda3/lib/python3.10/site-packages/sklearn/base.py", line 666, in _validate_params
    validate_parameter_constraints(
  File "/home/ggx/software/anaconda3/lib/python3.10/site-packages/sklearn/utils/_param_validation.py", line 95, in validate_parameter_constraints
    raise InvalidParameterError(
sklearn.utils._param_validation.InvalidParameterError: The 'min_samples_split' parameter of GradientBoostingRegressor must be an int in the range [2, inf) or a float in the range (0.0, 1.0]. Got 1 instead.

  warnings.warn(some_fits_failed_message, FitFailedWarning)
/home/ggx/software/anaconda3/lib/python3.10/site-packages/sklearn/model_selection/_search.py:1102: UserWarning: One or more of the test scores are non-finite: [-0.60095705 -1.03330999 -1.96222892 -0.61746023 -0.50794821 -2.02601287
         nan -1.96418593         nan -1.70226353 -1.5490502  -1.41045388
 -1.3915859  -1.58624991 -1.56155134 -0.83239259 -1.06291499 -1.18687475
 -1.40248463 -0.41092197]
  warnings.warn(
/home/ggx/software/anaconda3/lib/python3.10/site-packages/sklearn/model_selection/_validation.py:540: FitFailedWarning: 
20 fits failed out of a total of 100.
The score on these train-test partitions for these parameters will be set to nan.
If these failures are not expected, you can try to debug them by setting error_score='raise'.

Below are more details about the failures:
--------------------------------------------------------------------------------
20 fits failed with the following error:
Traceback (most recent call last):
  File "/home/ggx/software/anaconda3/lib/python3.10/site-packages/sklearn/model_selection/_validation.py", line 888, in _fit_and_score
    estimator.fit(X_train, y_train, **fit_params)
  File "/home/ggx/software/anaconda3/lib/python3.10/site-packages/sklearn/base.py", line 1466, in wrapper
    estimator._validate_params()
  File "/home/ggx/software/anaconda3/lib/python3.10/site-packages/sklearn/base.py", line 666, in _validate_params
    validate_parameter_constraints(
  File "/home/ggx/software/anaconda3/lib/python3.10/site-packages/sklearn/utils/_param_validation.py", line 95, in validate_parameter_constraints
    raise InvalidParameterError(
sklearn.utils._param_validation.InvalidParameterError: The 'min_samples_split' parameter of GradientBoostingRegressor must be an int in the range [2, inf) or a float in the range (0.0, 1.0]. Got 1 instead.

  warnings.warn(some_fits_failed_message, FitFailedWarning)
/home/ggx/software/anaconda3/lib/python3.10/site-packages/sklearn/model_selection/_search.py:1102: UserWarning: One or more of the test scores are non-finite: [        nan -0.76632493 -1.06138886 -0.44370976         nan -0.51401348
 -1.39240824 -1.09647409 -1.7128949  -0.8452137  -1.71031564 -0.34142123
 -0.85197349 -1.2560541          nan -1.32786764 -0.43884335 -0.27467067
 -1.27440452         nan]
  warnings.warn(
/home/ggx/software/anaconda3/lib/python3.10/site-packages/sklearn/model_selection/_validation.py:540: FitFailedWarning: 
20 fits failed out of a total of 100.
The score on these train-test partitions for these parameters will be set to nan.
If these failures are not expected, you can try to debug them by setting error_score='raise'.

Below are more details about the failures:
--------------------------------------------------------------------------------
20 fits failed with the following error:
Traceback (most recent call last):
  File "/home/ggx/software/anaconda3/lib/python3.10/site-packages/sklearn/model_selection/_validation.py", line 888, in _fit_and_score
    estimator.fit(X_train, y_train, **fit_params)
  File "/home/ggx/software/anaconda3/lib/python3.10/site-packages/sklearn/base.py", line 1466, in wrapper
    estimator._validate_params()
  File "/home/ggx/software/anaconda3/lib/python3.10/site-packages/sklearn/base.py", line 666, in _validate_params
    validate_parameter_constraints(
  File "/home/ggx/software/anaconda3/lib/python3.10/site-packages/sklearn/utils/_param_validation.py", line 95, in validate_parameter_constraints
    raise InvalidParameterError(
sklearn.utils._param_validation.InvalidParameterError: The 'min_samples_split' parameter of GradientBoostingRegressor must be an int in the range [2, inf) or a float in the range (0.0, 1.0]. Got 1 instead.

  warnings.warn(some_fits_failed_message, FitFailedWarning)
/home/ggx/software/anaconda3/lib/python3.10/site-packages/sklearn/model_selection/_search.py:1102: UserWarning: One or more of the test scores are non-finite: [-0.19603253         nan -0.10219867 -0.27939216         nan -0.50318692
 -0.37044857 -0.26638122         nan -0.08111773  0.07736072 -0.22968192
  0.05189354 -0.05927845 -0.12255141 -0.18502761 -0.02314524 -0.34573621
 -0.02930836         nan]
  warnings.warn(
/home/ggx/software/anaconda3/lib/python3.10/site-packages/sklearn/model_selection/_validation.py:540: FitFailedWarning: 
10 fits failed out of a total of 100.
The score on these train-test partitions for these parameters will be set to nan.
If these failures are not expected, you can try to debug them by setting error_score='raise'.

Below are more details about the failures:
--------------------------------------------------------------------------------
10 fits failed with the following error:
Traceback (most recent call last):
  File "/home/ggx/software/anaconda3/lib/python3.10/site-packages/sklearn/model_selection/_validation.py", line 888, in _fit_and_score
    estimator.fit(X_train, y_train, **fit_params)
  File "/home/ggx/software/anaconda3/lib/python3.10/site-packages/sklearn/base.py", line 1466, in wrapper
    estimator._validate_params()
  File "/home/ggx/software/anaconda3/lib/python3.10/site-packages/sklearn/base.py", line 666, in _validate_params
    validate_parameter_constraints(
  File "/home/ggx/software/anaconda3/lib/python3.10/site-packages/sklearn/utils/_param_validation.py", line 95, in validate_parameter_constraints
    raise InvalidParameterError(
sklearn.utils._param_validation.InvalidParameterError: The 'min_samples_split' parameter of GradientBoostingRegressor must be an int in the range [2, inf) or a float in the range (0.0, 1.0]. Got 1 instead.

  warnings.warn(some_fits_failed_message, FitFailedWarning)
/home/ggx/software/anaconda3/lib/python3.10/site-packages/sklearn/model_selection/_search.py:1102: UserWarning: One or more of the test scores are non-finite: [-3.09897411         nan -3.03839751 -1.47206239 -4.20046528 -1.10667122
 -1.47555638         nan -1.30175429 -1.6230487  -1.83304481 -0.77457744
 -0.90132832 -0.53891121 -2.94704755 -1.87466757 -0.95810495 -4.20464973
 -1.02111898 -1.75984913]
  warnings.warn(
/home/ggx/software/anaconda3/lib/python3.10/site-packages/sklearn/model_selection/_validation.py:540: FitFailedWarning: 
5 fits failed out of a total of 100.
The score on these train-test partitions for these parameters will be set to nan.
If these failures are not expected, you can try to debug them by setting error_score='raise'.

Below are more details about the failures:
--------------------------------------------------------------------------------
5 fits failed with the following error:
Traceback (most recent call last):
  File "/home/ggx/software/anaconda3/lib/python3.10/site-packages/sklearn/model_selection/_validation.py", line 888, in _fit_and_score
    estimator.fit(X_train, y_train, **fit_params)
  File "/home/ggx/software/anaconda3/lib/python3.10/site-packages/sklearn/base.py", line 1466, in wrapper
    estimator._validate_params()
  File "/home/ggx/software/anaconda3/lib/python3.10/site-packages/sklearn/base.py", line 666, in _validate_params
    validate_parameter_constraints(
  File "/home/ggx/software/anaconda3/lib/python3.10/site-packages/sklearn/utils/_param_validation.py", line 95, in validate_parameter_constraints
    raise InvalidParameterError(
sklearn.utils._param_validation.InvalidParameterError: The 'min_samples_split' parameter of GradientBoostingRegressor must be an int in the range [2, inf) or a float in the range (0.0, 1.0]. Got 1 instead.

  warnings.warn(some_fits_failed_message, FitFailedWarning)
/home/ggx/software/anaconda3/lib/python3.10/site-packages/sklearn/model_selection/_search.py:1102: UserWarning: One or more of the test scores are non-finite: [-1.34020401 -1.33038057         nan -0.43234137 -0.78475336 -1.03924624
 -1.35413341 -1.1041767  -1.69796937 -1.11948085 -1.21766303 -0.95861969
 -2.13435557 -0.56729765 -1.21247487 -1.29952159 -1.07048058 -0.59648144
 -1.27798605 -0.93621651]
  warnings.warn(
/home/ggx/software/anaconda3/lib/python3.10/site-packages/sklearn/model_selection/_validation.py:540: FitFailedWarning: 
15 fits failed out of a total of 100.
The score on these train-test partitions for these parameters will be set to nan.
If these failures are not expected, you can try to debug them by setting error_score='raise'.

Below are more details about the failures:
--------------------------------------------------------------------------------
15 fits failed with the following error:
Traceback (most recent call last):
  File "/home/ggx/software/anaconda3/lib/python3.10/site-packages/sklearn/model_selection/_validation.py", line 888, in _fit_and_score
    estimator.fit(X_train, y_train, **fit_params)
  File "/home/ggx/software/anaconda3/lib/python3.10/site-packages/sklearn/base.py", line 1466, in wrapper
    estimator._validate_params()
  File "/home/ggx/software/anaconda3/lib/python3.10/site-packages/sklearn/base.py", line 666, in _validate_params
    validate_parameter_constraints(
  File "/home/ggx/software/anaconda3/lib/python3.10/site-packages/sklearn/utils/_param_validation.py", line 95, in validate_parameter_constraints
    raise InvalidParameterError(
sklearn.utils._param_validation.InvalidParameterError: The 'min_samples_split' parameter of GradientBoostingRegressor must be an int in the range [2, inf) or a float in the range (0.0, 1.0]. Got 1 instead.

  warnings.warn(some_fits_failed_message, FitFailedWarning)
/home/ggx/software/anaconda3/lib/python3.10/site-packages/sklearn/model_selection/_search.py:1102: UserWarning: One or more of the test scores are non-finite: [        nan         nan -0.15024256 -0.76411313         nan -0.56025431
 -0.05372074 -0.241347    0.11222276 -0.40067256 -0.10374949 -0.01339873
 -0.92494348 -1.04021949 -0.06072672 -0.05840105 -0.09331326 -0.15733846
  0.02518577 -0.68978347]
  warnings.warn(
/home/ggx/software/anaconda3/lib/python3.10/site-packages/sklearn/model_selection/_validation.py:540: FitFailedWarning: 
30 fits failed out of a total of 100.
The score on these train-test partitions for these parameters will be set to nan.
If these failures are not expected, you can try to debug them by setting error_score='raise'.

Below are more details about the failures:
--------------------------------------------------------------------------------
30 fits failed with the following error:
Traceback (most recent call last):
  File "/home/ggx/software/anaconda3/lib/python3.10/site-packages/sklearn/model_selection/_validation.py", line 888, in _fit_and_score
    estimator.fit(X_train, y_train, **fit_params)
  File "/home/ggx/software/anaconda3/lib/python3.10/site-packages/sklearn/base.py", line 1466, in wrapper
    estimator._validate_params()
  File "/home/ggx/software/anaconda3/lib/python3.10/site-packages/sklearn/base.py", line 666, in _validate_params
    validate_parameter_constraints(
  File "/home/ggx/software/anaconda3/lib/python3.10/site-packages/sklearn/utils/_param_validation.py", line 95, in validate_parameter_constraints
    raise InvalidParameterError(
sklearn.utils._param_validation.InvalidParameterError: The 'min_samples_split' parameter of GradientBoostingRegressor must be an int in the range [2, inf) or a float in the range (0.0, 1.0]. Got 1 instead.

  warnings.warn(some_fits_failed_message, FitFailedWarning)
/home/ggx/software/anaconda3/lib/python3.10/site-packages/sklearn/model_selection/_search.py:1102: UserWarning: One or more of the test scores are non-finite: [-3.1629825  -4.53143477         nan -4.45963785         nan -3.44439289
 -2.08201986         nan -2.47458476 -3.19365227 -4.20362206 -4.40089783
 -4.96938311         nan -2.89529473         nan -8.24743852 -4.67146964
 -8.15358039         nan]
  warnings.warn(
/home/ggx/software/anaconda3/lib/python3.10/site-packages/sklearn/model_selection/_validation.py:540: FitFailedWarning: 
20 fits failed out of a total of 100.
The score on these train-test partitions for these parameters will be set to nan.
If these failures are not expected, you can try to debug them by setting error_score='raise'.

Below are more details about the failures:
--------------------------------------------------------------------------------
20 fits failed with the following error:
Traceback (most recent call last):
  File "/home/ggx/software/anaconda3/lib/python3.10/site-packages/sklearn/model_selection/_validation.py", line 888, in _fit_and_score
    estimator.fit(X_train, y_train, **fit_params)
  File "/home/ggx/software/anaconda3/lib/python3.10/site-packages/sklearn/base.py", line 1466, in wrapper
    estimator._validate_params()
  File "/home/ggx/software/anaconda3/lib/python3.10/site-packages/sklearn/base.py", line 666, in _validate_params
    validate_parameter_constraints(
  File "/home/ggx/software/anaconda3/lib/python3.10/site-packages/sklearn/utils/_param_validation.py", line 95, in validate_parameter_constraints
    raise InvalidParameterError(
sklearn.utils._param_validation.InvalidParameterError: The 'min_samples_split' parameter of GradientBoostingRegressor must be an int in the range [2, inf) or a float in the range (0.0, 1.0]. Got 1 instead.

  warnings.warn(some_fits_failed_message, FitFailedWarning)
/home/ggx/software/anaconda3/lib/python3.10/site-packages/sklearn/model_selection/_search.py:1102: UserWarning: One or more of the test scores are non-finite: [ 0.17575119  0.25626037 -0.00629795  0.27808633  0.14570341  0.16186351
         nan  0.36553218         nan  0.31156514 -0.35611507 -0.23783475
         nan  0.23965073         nan  0.13356939  0.30963504 -0.06287041
 -0.13153563  0.16906829]
  warnings.warn(
/home/ggx/software/anaconda3/lib/python3.10/site-packages/sklearn/model_selection/_validation.py:540: FitFailedWarning: 
10 fits failed out of a total of 100.
The score on these train-test partitions for these parameters will be set to nan.
If these failures are not expected, you can try to debug them by setting error_score='raise'.

Below are more details about the failures:
--------------------------------------------------------------------------------
10 fits failed with the following error:
Traceback (most recent call last):
  File "/home/ggx/software/anaconda3/lib/python3.10/site-packages/sklearn/model_selection/_validation.py", line 888, in _fit_and_score
    estimator.fit(X_train, y_train, **fit_params)
  File "/home/ggx/software/anaconda3/lib/python3.10/site-packages/sklearn/base.py", line 1466, in wrapper
    estimator._validate_params()
  File "/home/ggx/software/anaconda3/lib/python3.10/site-packages/sklearn/base.py", line 666, in _validate_params
    validate_parameter_constraints(
  File "/home/ggx/software/anaconda3/lib/python3.10/site-packages/sklearn/utils/_param_validation.py", line 95, in validate_parameter_constraints
    raise InvalidParameterError(
sklearn.utils._param_validation.InvalidParameterError: The 'min_samples_split' parameter of GradientBoostingRegressor must be an int in the range [2, inf) or a float in the range (0.0, 1.0]. Got 1 instead.

  warnings.warn(some_fits_failed_message, FitFailedWarning)
/home/ggx/software/anaconda3/lib/python3.10/site-packages/sklearn/model_selection/_search.py:1102: UserWarning: One or more of the test scores are non-finite: [-1.66468153e-01 -1.07873072e-01 -7.19088162e-01             nan
 -1.82073455e-01 -1.22683824e-01  4.50375778e-04 -4.42080353e-01
 -1.18603717e+00 -3.35810562e-01 -4.54763554e-01 -3.31363591e-02
 -8.70937697e-01 -1.39856702e-01 -2.54142015e-01 -1.60773477e-01
 -1.57225634e-01 -4.25983792e-01  2.72869801e-02             nan]
  warnings.warn(
/home/ggx/software/anaconda3/lib/python3.10/site-packages/sklearn/model_selection/_validation.py:540: FitFailedWarning: 
20 fits failed out of a total of 100.
The score on these train-test partitions for these parameters will be set to nan.
If these failures are not expected, you can try to debug them by setting error_score='raise'.

Below are more details about the failures:
--------------------------------------------------------------------------------
20 fits failed with the following error:
Traceback (most recent call last):
  File "/home/ggx/software/anaconda3/lib/python3.10/site-packages/sklearn/model_selection/_validation.py", line 888, in _fit_and_score
    estimator.fit(X_train, y_train, **fit_params)
  File "/home/ggx/software/anaconda3/lib/python3.10/site-packages/sklearn/base.py", line 1466, in wrapper
    estimator._validate_params()
  File "/home/ggx/software/anaconda3/lib/python3.10/site-packages/sklearn/base.py", line 666, in _validate_params
    validate_parameter_constraints(
  File "/home/ggx/software/anaconda3/lib/python3.10/site-packages/sklearn/utils/_param_validation.py", line 95, in validate_parameter_constraints
    raise InvalidParameterError(
sklearn.utils._param_validation.InvalidParameterError: The 'min_samples_split' parameter of GradientBoostingRegressor must be an int in the range [2, inf) or a float in the range (0.0, 1.0]. Got 1 instead.

  warnings.warn(some_fits_failed_message, FitFailedWarning)
/home/ggx/software/anaconda3/lib/python3.10/site-packages/sklearn/model_selection/_search.py:1102: UserWarning: One or more of the test scores are non-finite: [-0.30212642 -0.36699785         nan  0.01011819 -0.13772171 -0.15347695
 -0.20234046 -0.15910438 -0.19332615 -0.5666207  -0.19332615         nan
 -0.22649391         nan  0.00945967 -0.09184788 -0.03365024 -0.01799645
 -0.01964372         nan]
  warnings.warn(
{'n_estimators': 400, 'min_weight_fraction_leaf': 0.04, 'min_samples_split': 4, 'min_samples_leaf': 1, 'min_impurity_decrease': 0.008, 'max_features': 1, 'max_depth': 5, 'learning_rate': 0.01, 'alpha': 0.5}
Train R²: 0.9812, Test R²: -0.0924

Using random_state=80 for training

Best parameter combination:
{'n_estimators': 50, 'min_weight_fraction_leaf': 0.08, 'min_samples_split': 6, 'min_samples_leaf': 5, 'min_impurity_decrease': 0.01, 'max_features': 8, 'max_depth': 5, 'learning_rate': 0.8, 'alpha': 0.6}
Train R²: 0.9835, Test R²: 0.0182

Using random_state=81 for training

Best parameter combination:
{'n_estimators': 350, 'min_weight_fraction_leaf': 0.02, 'min_samples_split': 6, 'min_samples_leaf': 1, 'min_impurity_decrease': 0.008, 'max_features': 2, 'max_depth': 9, 'learning_rate': 0.06, 'alpha': 0.2}
Train R²: 0.9836, Test R²: 0.0608

Using random_state=82 for training

Best parameter combination:
{'n_estimators': 400, 'min_weight_fraction_leaf': 0, 'min_samples_split': 10, 'min_samples_leaf': 5, 'min_impurity_decrease': 0.008, 'max_features': 8, 'max_depth': 7, 'learning_rate': 0.06, 'alpha': 0.7}
Train R²: 0.9813, Test R²: -0.1683

Using random_state=83 for training

Best parameter combination:
{'n_estimators': 350, 'min_weight_fraction_leaf': 0.04, 'min_samples_split': 8, 'min_samples_leaf': 7, 'min_impurity_decrease': 0.01, 'max_features': 8, 'max_depth': 2, 'learning_rate': 0.02, 'alpha': 0.1}
Train R²: 0.9590, Test R²: -0.2027

Using random_state=84 for training

Best parameter combination:
{'n_estimators': 100, 'min_weight_fraction_leaf': 0, 'min_samples_split': 10, 'min_samples_leaf': 9, 'min_impurity_decrease': 0.008, 'max_features': 6, 'max_depth': 5, 'learning_rate': 0.8, 'alpha': 0.5}
Train R²: 0.9747, Test R²: 0.0472

Using random_state=85 for training

Best parameter combination:
{'n_estimators': 200, 'min_weight_fraction_leaf': 0.06, 'min_samples_split': 2, 'min_samples_leaf': 2, 'min_impurity_decrease': 0.008, 'max_features': 2, 'max_depth': 4, 'learning_rate': 0.02, 'alpha': 0.7}
Train R²: 0.9793, Test R²: 0.2556

Using random_state=86 for training

Best parameter combination:
{'n_estimators': 150, 'min_weight_fraction_leaf': 0.06, 'min_samples_split': 8, 'min_samples_leaf': 9, 'min_impurity_decrease': 0.01, 'max_features': 4, 'max_depth': 7, 'learning_rate': 0.5, 'alpha': 0.1}
Train R²: 0.9441, Test R²: 0.3443

Using random_state=87 for training

Best parameter combination:
{'n_estimators': 300, 'min_weight_fraction_leaf': 0, 'min_samples_split': 8, 'min_samples_leaf': 5, 'min_impurity_decrease': 0.01, 'max_features': 3, 'max_depth': 9, 'learning_rate': 0.8, 'alpha': 0.92}
Train R²: 0.9865, Test R²: 0.4357

Using random_state=88 for training

Best parameter combination:
{'n_estimators': 350, 'min_weight_fraction_leaf': 0, 'min_samples_split': 10, 'min_samples_leaf': 2, 'min_impurity_decrease': 0.01, 'max_features': 12, 'max_depth': 2, 'learning_rate': 0.06, 'alpha': 0.2}
Train R²: 0.9772, Test R²: 0.0830

Using random_state=89 for training

Best parameter combination:
{'n_estimators': 400, 'min_weight_fraction_leaf': 0, 'min_samples_split': 8, 'min_samples_leaf': 9, 'min_impurity_decrease': 0.01, 'max_features': 2, 'max_depth': 6, 'learning_rate': 0.01, 'alpha': 0.5}
Train R²: 0.5823, Test R²: 0.2701

Using random_state=90 for training

Best parameter combination:
{'n_estimators': 350, 'min_weight_fraction_leaf': 0.08, 'min_samples_split': 6, 'min_samples_leaf': 2, 'min_impurity_decrease': 0.008, 'max_features': 2, 'max_depth': 6, 'learning_rate': 0.01, 'alpha': 0.2}
Train R²: 0.9727, Test R²: 0.1043

Using random_state=91 for training

Best parameter combination:
{'n_estimators': 250, 'min_weight_fraction_leaf': 0.04, 'min_samples_split': 2, 'min_samples_leaf': 5, 'min_impurity_decrease': 0.008, 'max_features': 12, 'max_depth': 6, 'learning_rate': 0.06, 'alpha': 0.92}
Train R²: 0.9746, Test R²: -0.6332

Using random_state=92 for training

Best parameter combination:
{'n_estimators': 400, 'min_weight_fraction_leaf': 0.06, 'min_samples_split': 2, 'min_samples_leaf': 1, 'min_impurity_decrease': 0.01, 'max_features': 6, 'max_depth': 2, 'learning_rate': 0.8, 'alpha': 0.7}
Train R²: 0.9789, Test R²: -0.8438

Using random_state=93 for training

Best parameter combination:
{'n_estimators': 450, 'min_weight_fraction_leaf': 0.04, 'min_samples_split': 2, 'min_samples_leaf': 2, 'min_impurity_decrease': 0.01, 'max_features': 2, 'max_depth': 9, 'learning_rate': 0.02, 'alpha': 0.92}
Train R²: 0.9894, Test R²: -1.5442

Using random_state=94 for training

Best parameter combination:
{'n_estimators': 400, 'min_weight_fraction_leaf': 0.06, 'min_samples_split': 2, 'min_samples_leaf': 5, 'min_impurity_decrease': 0.008, 'max_features': 1, 'max_depth': 6, 'learning_rate': 0.06, 'alpha': 0.1}
Train R²: 0.9728, Test R²: 0.3080

Using random_state=95 for training

Best parameter combination:
{'n_estimators': 250, 'min_weight_fraction_leaf': 0.06, 'min_samples_split': 2, 'min_samples_leaf': 9, 'min_impurity_decrease': 0.01, 'max_features': 3, 'max_depth': 2, 'learning_rate': 0.5, 'alpha': 0.7}
Train R²: 0.9393, Test R²: 0.1419

Using random_state=96 for training

Best parameter combination:
{'n_estimators': 450, 'min_weight_fraction_leaf': 0, 'min_samples_split': 8, 'min_samples_leaf': 1, 'min_impurity_decrease': 0.01, 'max_features': 6, 'max_depth': 8, 'learning_rate': 0.5, 'alpha': 0.2}
Train R²: 0.9919, Test R²: -0.5008

Using random_state=97 for training

Best parameter combination:
{'n_estimators': 450, 'min_weight_fraction_leaf': 0, 'min_samples_split': 4, 'min_samples_leaf': 1, 'min_impurity_decrease': 0.008, 'max_features': 1, 'max_depth': 9, 'learning_rate': 0.06, 'alpha': 0.2}
Train R²: 0.9891, Test R²: 0.5939

Using random_state=98 for training

Best parameter combination:
{'n_estimators': 50, 'min_weight_fraction_leaf': 0.04, 'min_samples_split': 2, 'min_samples_leaf': 2, 'min_impurity_decrease': 0.008, 'max_features': 1, 'max_depth': 5, 'learning_rate': 0.02, 'alpha': 0.8}
Train R²: 0.7343, Test R²: 0.3453

Using random_state=99 for training

Best parameter combination:
{'n_estimators': 250, 'min_weight_fraction_leaf': 0.04, 'min_samples_split': 2, 'min_samples_leaf': 1, 'min_impurity_decrease': 0.01, 'max_features': 12, 'max_depth': 5, 'learning_rate': 0.06, 'alpha': 0.2}
Train R²: 0.9873, Test R²: -2.3090

================================================================================
🎯 BEST GRADIENT BOOSTING MODEL PARAMETERS AND PERFORMANCE SUMMARY
================================================================================

📊 Best Random State: 64
📈 Dataset Size: 37 samples, 21 features

🔧 OPTIMAL HYPERPARAMETERS:
--------------------------------------------------
  n_estimators             : 250
  min_weight_fraction_leaf : 0
  min_samples_split        : 4
  min_samples_leaf         : 5
  min_impurity_decrease    : 0.008
  max_features             : 4
  max_depth                : 8
  learning_rate            : 0.5
  alpha                    : 0.8

📊 MODEL PERFORMANCE:
--------------------------------------------------
Metric          | Training     | Testing      | Description
--------------- | ------------ | ------------ | ------------------------------
R² Score        |       0.9872 |       0.8472 | Closer to 1 is better
MAE             |       0.0430 |       0.1480 | Lower is better
RMSE            |       0.0527 |       0.1835 | Lower is better
MSE             |       0.0028 |       0.0337 | Lower is better

📈 PERFORMANCE ANALYSIS:
--------------------------------------------------
Overfitting Gap (Train R² - Test R²): 0.1400
⚠️  Status: Potential overfitting detected
👍 Good: Model explains over 80% of variance in test data

💾 Model saved as: /home/ggx/wls/DAC-code/CR-X/HCOOH-C/GBR/best_model.pkl
🔧 Scaler saved as: /home/ggx/wls/DAC-code/CR-X/HCOOH-C/GBR/best_scaler.pkl

📄 Detailed summary saved to: /home/ggx/wls/DAC-code/CR-X/HCOOH-C/GBR/best_gbr_model_summary.txt

⏱️  Total execution time: 2.57 minutes

📊 Generating visualizations...
/home/ggx/software/anaconda3/lib/python3.10/site-packages/shap/plots/_beeswarm.py:1150: UserWarning: Glyph 65288 (\N{FULLWIDTH LEFT PARENTHESIS}) missing from font(s) DejaVu Sans.
  plt.tight_layout()
/home/ggx/software/anaconda3/lib/python3.10/site-packages/shap/plots/_beeswarm.py:1150: UserWarning: Glyph 65289 (\N{FULLWIDTH RIGHT PARENTHESIS}) missing from font(s) DejaVu Sans.
  plt.tight_layout()
/home/ggx/wls/DAC-code/CR-X/HCOOH-C/GBR/GBR.py:327: UserWarning: Glyph 65288 (\N{FULLWIDTH LEFT PARENTHESIS}) missing from font(s) DejaVu Sans.
  plt.savefig(shap_plot_filename, dpi=300, bbox_inches='tight')
/home/ggx/wls/DAC-code/CR-X/HCOOH-C/GBR/GBR.py:327: UserWarning: Glyph 65289 (\N{FULLWIDTH RIGHT PARENTHESIS}) missing from font(s) DejaVu Sans.
  plt.savefig(shap_plot_filename, dpi=300, bbox_inches='tight')
/home/ggx/wls/DAC-code/CR-X/HCOOH-C/GBR/GBR.py:329: UserWarning: Glyph 65288 (\N{FULLWIDTH LEFT PARENTHESIS}) missing from font(s) DejaVu Sans.
  plt.show()
/home/ggx/wls/DAC-code/CR-X/HCOOH-C/GBR/GBR.py:329: UserWarning: Glyph 65289 (\N{FULLWIDTH RIGHT PARENTHESIS}) missing from font(s) DejaVu Sans.
  plt.show()
✅ Scatter plot saved as: /home/ggx/wls/DAC-code/CR-X/HCOOH-C/GBR/best_gbr_model_scatter_plot.png
✅ R² comparison plot saved as: /home/ggx/wls/DAC-code/CR-X/HCOOH-C/GBR/gbr_train_vs_test_r2_comparison.png
🔍 Performing SHAP analysis...
✅ SHAP analysis plot saved as: /home/ggx/wls/DAC-code/CR-X/HCOOH-C/GBR/best_gbr_model_shap_analysis.png

================================================================================
🎉 ALL GRADIENT BOOSTING ANALYSES COMPLETED SUCCESSFULLY!
================================================================================
