
Using random_state=1 for training
/home/ggx/software/anaconda3/lib/python3.10/site-packages/sklearn/model_selection/_validation.py:540: FitFailedWarning: 
10 fits failed out of a total of 100.
The score on these train-test partitions for these parameters will be set to nan.
If these failures are not expected, you can try to debug them by setting error_score='raise'.

Below are more details about the failures:
--------------------------------------------------------------------------------
10 fits failed with the following error:
Traceback (most recent call last):
  File "/home/ggx/software/anaconda3/lib/python3.10/site-packages/sklearn/model_selection/_validation.py", line 888, in _fit_and_score
    estimator.fit(X_train, y_train, **fit_params)
  File "/home/ggx/software/anaconda3/lib/python3.10/site-packages/sklearn/base.py", line 1466, in wrapper
    estimator._validate_params()
  File "/home/ggx/software/anaconda3/lib/python3.10/site-packages/sklearn/base.py", line 666, in _validate_params
    validate_parameter_constraints(
  File "/home/ggx/software/anaconda3/lib/python3.10/site-packages/sklearn/utils/_param_validation.py", line 95, in validate_parameter_constraints
    raise InvalidParameterError(
sklearn.utils._param_validation.InvalidParameterError: The 'min_samples_split' parameter of GradientBoostingRegressor must be an int in the range [2, inf) or a float in the range (0.0, 1.0]. Got 1 instead.

  warnings.warn(some_fits_failed_message, FitFailedWarning)
/home/ggx/software/anaconda3/lib/python3.10/site-packages/sklearn/model_selection/_search.py:1102: UserWarning: One or more of the test scores are non-finite: [0.4894697  0.89699088 0.94370001        nan 0.65533969 0.80698009
 0.67765823 0.45503746 0.93647459 0.94537553 0.91054415 0.92342982
        nan 0.48846395 0.94776494 0.94179131 0.93369778 0.67636467
 0.94409755 0.54942694]
  warnings.warn(
/home/ggx/software/anaconda3/lib/python3.10/site-packages/sklearn/model_selection/_validation.py:540: FitFailedWarning: 
5 fits failed out of a total of 100.
The score on these train-test partitions for these parameters will be set to nan.
If these failures are not expected, you can try to debug them by setting error_score='raise'.

Below are more details about the failures:
--------------------------------------------------------------------------------
5 fits failed with the following error:
Traceback (most recent call last):
  File "/home/ggx/software/anaconda3/lib/python3.10/site-packages/sklearn/model_selection/_validation.py", line 888, in _fit_and_score
    estimator.fit(X_train, y_train, **fit_params)
  File "/home/ggx/software/anaconda3/lib/python3.10/site-packages/sklearn/base.py", line 1466, in wrapper
    estimator._validate_params()
  File "/home/ggx/software/anaconda3/lib/python3.10/site-packages/sklearn/base.py", line 666, in _validate_params
    validate_parameter_constraints(
  File "/home/ggx/software/anaconda3/lib/python3.10/site-packages/sklearn/utils/_param_validation.py", line 95, in validate_parameter_constraints
    raise InvalidParameterError(
sklearn.utils._param_validation.InvalidParameterError: The 'min_samples_split' parameter of GradientBoostingRegressor must be an int in the range [2, inf) or a float in the range (0.0, 1.0]. Got 1 instead.

  warnings.warn(some_fits_failed_message, FitFailedWarning)
/home/ggx/software/anaconda3/lib/python3.10/site-packages/sklearn/model_selection/_search.py:1102: UserWarning: One or more of the test scores are non-finite: [-0.79014689  0.59968942  0.72392048  0.44964058  0.61179148 -0.41516316
  0.72102954  0.45508755  0.44610117  0.45175511  0.62653125         nan
  0.3734482   0.72176237  0.46147394  0.73114313  0.71676571  0.75328397
  0.4669224   0.6052598 ]
  warnings.warn(
/home/ggx/software/anaconda3/lib/python3.10/site-packages/sklearn/model_selection/_validation.py:540: FitFailedWarning: 
30 fits failed out of a total of 100.
The score on these train-test partitions for these parameters will be set to nan.
If these failures are not expected, you can try to debug them by setting error_score='raise'.

Below are more details about the failures:
--------------------------------------------------------------------------------
30 fits failed with the following error:
Traceback (most recent call last):
  File "/home/ggx/software/anaconda3/lib/python3.10/site-packages/sklearn/model_selection/_validation.py", line 888, in _fit_and_score
    estimator.fit(X_train, y_train, **fit_params)
  File "/home/ggx/software/anaconda3/lib/python3.10/site-packages/sklearn/base.py", line 1466, in wrapper
    estimator._validate_params()
  File "/home/ggx/software/anaconda3/lib/python3.10/site-packages/sklearn/base.py", line 666, in _validate_params
    validate_parameter_constraints(
  File "/home/ggx/software/anaconda3/lib/python3.10/site-packages/sklearn/utils/_param_validation.py", line 95, in validate_parameter_constraints
    raise InvalidParameterError(
sklearn.utils._param_validation.InvalidParameterError: The 'min_samples_split' parameter of GradientBoostingRegressor must be an int in the range [2, inf) or a float in the range (0.0, 1.0]. Got 1 instead.

  warnings.warn(some_fits_failed_message, FitFailedWarning)
/home/ggx/software/anaconda3/lib/python3.10/site-packages/sklearn/model_selection/_search.py:1102: UserWarning: One or more of the test scores are non-finite: [-0.14263077         nan  0.61171355  0.76445048  0.58847184  0.75174392
  0.77703987         nan  0.79166841         nan         nan         nan
 -0.24207551  0.58588682  0.75975607 -0.02775642  0.82104086  0.58588682
         nan  0.75316515]
  warnings.warn(
/home/ggx/software/anaconda3/lib/python3.10/site-packages/sklearn/model_selection/_validation.py:540: FitFailedWarning: 
5 fits failed out of a total of 100.
The score on these train-test partitions for these parameters will be set to nan.
If these failures are not expected, you can try to debug them by setting error_score='raise'.

Below are more details about the failures:
--------------------------------------------------------------------------------
5 fits failed with the following error:
Traceback (most recent call last):
  File "/home/ggx/software/anaconda3/lib/python3.10/site-packages/sklearn/model_selection/_validation.py", line 888, in _fit_and_score
    estimator.fit(X_train, y_train, **fit_params)
  File "/home/ggx/software/anaconda3/lib/python3.10/site-packages/sklearn/base.py", line 1466, in wrapper
    estimator._validate_params()
  File "/home/ggx/software/anaconda3/lib/python3.10/site-packages/sklearn/base.py", line 666, in _validate_params
    validate_parameter_constraints(
  File "/home/ggx/software/anaconda3/lib/python3.10/site-packages/sklearn/utils/_param_validation.py", line 95, in validate_parameter_constraints
    raise InvalidParameterError(
sklearn.utils._param_validation.InvalidParameterError: The 'min_samples_split' parameter of GradientBoostingRegressor must be an int in the range [2, inf) or a float in the range (0.0, 1.0]. Got 1 instead.

  warnings.warn(some_fits_failed_message, FitFailedWarning)
/home/ggx/software/anaconda3/lib/python3.10/site-packages/sklearn/model_selection/_search.py:1102: UserWarning: One or more of the test scores are non-finite: [0.46601259 0.79602606 0.91398959 0.50703916 0.60716962 0.88280788
 0.77928768 0.79077637 0.76710471 0.91369723 0.4379613  0.88632106
 0.43277399        nan 0.7755713  0.72487085 0.49802239 0.45216827
 0.44098978 0.88571017]
  warnings.warn(
/home/ggx/software/anaconda3/lib/python3.10/site-packages/sklearn/model_selection/_validation.py:540: FitFailedWarning: 
5 fits failed out of a total of 100.
The score on these train-test partitions for these parameters will be set to nan.
If these failures are not expected, you can try to debug them by setting error_score='raise'.

Below are more details about the failures:
--------------------------------------------------------------------------------
5 fits failed with the following error:
Traceback (most recent call last):
  File "/home/ggx/software/anaconda3/lib/python3.10/site-packages/sklearn/model_selection/_validation.py", line 888, in _fit_and_score
    estimator.fit(X_train, y_train, **fit_params)
  File "/home/ggx/software/anaconda3/lib/python3.10/site-packages/sklearn/base.py", line 1466, in wrapper
    estimator._validate_params()
  File "/home/ggx/software/anaconda3/lib/python3.10/site-packages/sklearn/base.py", line 666, in _validate_params
    validate_parameter_constraints(
  File "/home/ggx/software/anaconda3/lib/python3.10/site-packages/sklearn/utils/_param_validation.py", line 95, in validate_parameter_constraints
    raise InvalidParameterError(
sklearn.utils._param_validation.InvalidParameterError: The 'min_samples_split' parameter of GradientBoostingRegressor must be an int in the range [2, inf) or a float in the range (0.0, 1.0]. Got 1 instead.

  warnings.warn(some_fits_failed_message, FitFailedWarning)
/home/ggx/software/anaconda3/lib/python3.10/site-packages/sklearn/model_selection/_search.py:1102: UserWarning: One or more of the test scores are non-finite: [ 0.86039385  0.72026568  0.82029837 -0.08803416 -0.02259186  0.86575198
 -0.01523827  0.72845441  0.80678615  0.76455847 -0.08703684  0.87268808
 -0.01523827         nan  0.77028322  0.68720749  0.75006238 -0.02146594
  0.7665235  -0.02343716]
  warnings.warn(
/home/ggx/software/anaconda3/lib/python3.10/site-packages/sklearn/model_selection/_validation.py:540: FitFailedWarning: 
10 fits failed out of a total of 100.
The score on these train-test partitions for these parameters will be set to nan.
If these failures are not expected, you can try to debug them by setting error_score='raise'.

Below are more details about the failures:
--------------------------------------------------------------------------------
10 fits failed with the following error:
Traceback (most recent call last):
  File "/home/ggx/software/anaconda3/lib/python3.10/site-packages/sklearn/model_selection/_validation.py", line 888, in _fit_and_score
    estimator.fit(X_train, y_train, **fit_params)
  File "/home/ggx/software/anaconda3/lib/python3.10/site-packages/sklearn/base.py", line 1466, in wrapper
    estimator._validate_params()
  File "/home/ggx/software/anaconda3/lib/python3.10/site-packages/sklearn/base.py", line 666, in _validate_params
    validate_parameter_constraints(
  File "/home/ggx/software/anaconda3/lib/python3.10/site-packages/sklearn/utils/_param_validation.py", line 95, in validate_parameter_constraints
    raise InvalidParameterError(
sklearn.utils._param_validation.InvalidParameterError: The 'min_samples_split' parameter of GradientBoostingRegressor must be an int in the range [2, inf) or a float in the range (0.0, 1.0]. Got 1 instead.

  warnings.warn(some_fits_failed_message, FitFailedWarning)
/home/ggx/software/anaconda3/lib/python3.10/site-packages/sklearn/model_selection/_search.py:1102: UserWarning: One or more of the test scores are non-finite: [-0.70657554  0.26319452  0.44016551 -0.59888346 -0.6558716          nan
  0.51238249 -0.56277996 -0.70657554  0.51238249 -0.67091106  0.51238249
         nan  0.44634285 -0.70657554 -0.63575683  0.69726705 -0.42229238
  0.75079139  0.28547578]
  warnings.warn(
/home/ggx/software/anaconda3/lib/python3.10/site-packages/sklearn/model_selection/_validation.py:540: FitFailedWarning: 
15 fits failed out of a total of 100.
The score on these train-test partitions for these parameters will be set to nan.
If these failures are not expected, you can try to debug them by setting error_score='raise'.

Below are more details about the failures:
--------------------------------------------------------------------------------
15 fits failed with the following error:
Traceback (most recent call last):
  File "/home/ggx/software/anaconda3/lib/python3.10/site-packages/sklearn/model_selection/_validation.py", line 888, in _fit_and_score
    estimator.fit(X_train, y_train, **fit_params)
  File "/home/ggx/software/anaconda3/lib/python3.10/site-packages/sklearn/base.py", line 1466, in wrapper
    estimator._validate_params()
  File "/home/ggx/software/anaconda3/lib/python3.10/site-packages/sklearn/base.py", line 666, in _validate_params
    validate_parameter_constraints(
  File "/home/ggx/software/anaconda3/lib/python3.10/site-packages/sklearn/utils/_param_validation.py", line 95, in validate_parameter_constraints
    raise InvalidParameterError(
sklearn.utils._param_validation.InvalidParameterError: The 'min_samples_split' parameter of GradientBoostingRegressor must be an int in the range [2, inf) or a float in the range (0.0, 1.0]. Got 1 instead.

  warnings.warn(some_fits_failed_message, FitFailedWarning)
/home/ggx/software/anaconda3/lib/python3.10/site-packages/sklearn/model_selection/_search.py:1102: UserWarning: One or more of the test scores are non-finite: [0.78914123 0.88399526 0.86695169 0.79851405        nan 0.90594719
 0.82006102 0.86718547 0.84820862 0.75976565 0.89506625 0.8930615
 0.91925872        nan 0.86689777 0.8923567  0.87039019        nan
 0.89506625 0.8212109 ]
  warnings.warn(
/home/ggx/software/anaconda3/lib/python3.10/site-packages/sklearn/model_selection/_validation.py:540: FitFailedWarning: 
20 fits failed out of a total of 100.
The score on these train-test partitions for these parameters will be set to nan.
If these failures are not expected, you can try to debug them by setting error_score='raise'.

Below are more details about the failures:
--------------------------------------------------------------------------------
20 fits failed with the following error:
Traceback (most recent call last):
  File "/home/ggx/software/anaconda3/lib/python3.10/site-packages/sklearn/model_selection/_validation.py", line 888, in _fit_and_score
    estimator.fit(X_train, y_train, **fit_params)
  File "/home/ggx/software/anaconda3/lib/python3.10/site-packages/sklearn/base.py", line 1466, in wrapper
    estimator._validate_params()
  File "/home/ggx/software/anaconda3/lib/python3.10/site-packages/sklearn/base.py", line 666, in _validate_params
    validate_parameter_constraints(
  File "/home/ggx/software/anaconda3/lib/python3.10/site-packages/sklearn/utils/_param_validation.py", line 95, in validate_parameter_constraints
    raise InvalidParameterError(
sklearn.utils._param_validation.InvalidParameterError: The 'min_samples_split' parameter of GradientBoostingRegressor must be an int in the range [2, inf) or a float in the range (0.0, 1.0]. Got 1 instead.

  warnings.warn(some_fits_failed_message, FitFailedWarning)
/home/ggx/software/anaconda3/lib/python3.10/site-packages/sklearn/model_selection/_search.py:1102: UserWarning: One or more of the test scores are non-finite: [ 0.65907301         nan  0.54597685         nan  0.6090433          nan
  0.60402138 -0.42823244  0.58906503  0.66548108  0.55681141  0.68229058
         nan  0.37123977  0.55660558  0.49817704  0.78237833  0.68548951
 -0.42668439  0.55600136]
  warnings.warn(
/home/ggx/software/anaconda3/lib/python3.10/site-packages/sklearn/model_selection/_validation.py:540: FitFailedWarning: 
35 fits failed out of a total of 100.
The score on these train-test partitions for these parameters will be set to nan.
If these failures are not expected, you can try to debug them by setting error_score='raise'.

Below are more details about the failures:
--------------------------------------------------------------------------------
35 fits failed with the following error:
Traceback (most recent call last):
  File "/home/ggx/software/anaconda3/lib/python3.10/site-packages/sklearn/model_selection/_validation.py", line 888, in _fit_and_score
    estimator.fit(X_train, y_train, **fit_params)
  File "/home/ggx/software/anaconda3/lib/python3.10/site-packages/sklearn/base.py", line 1466, in wrapper
    estimator._validate_params()
  File "/home/ggx/software/anaconda3/lib/python3.10/site-packages/sklearn/base.py", line 666, in _validate_params
    validate_parameter_constraints(
  File "/home/ggx/software/anaconda3/lib/python3.10/site-packages/sklearn/utils/_param_validation.py", line 95, in validate_parameter_constraints
    raise InvalidParameterError(
sklearn.utils._param_validation.InvalidParameterError: The 'min_samples_split' parameter of GradientBoostingRegressor must be an int in the range [2, inf) or a float in the range (0.0, 1.0]. Got 1 instead.

  warnings.warn(some_fits_failed_message, FitFailedWarning)
/home/ggx/software/anaconda3/lib/python3.10/site-packages/sklearn/model_selection/_search.py:1102: UserWarning: One or more of the test scores are non-finite: [ 0.31926725         nan         nan -1.91049152  0.17882301         nan
         nan         nan  0.26572168  0.24853869         nan  0.46736281
  0.47570946  0.46417455 -1.21612126  0.09533532         nan -0.00591096
 -0.1942423   0.20532218]
  warnings.warn(
/home/ggx/software/anaconda3/lib/python3.10/site-packages/sklearn/model_selection/_validation.py:540: FitFailedWarning: 
15 fits failed out of a total of 100.
The score on these train-test partitions for these parameters will be set to nan.
If these failures are not expected, you can try to debug them by setting error_score='raise'.

Below are more details about the failures:
--------------------------------------------------------------------------------
15 fits failed with the following error:
Traceback (most recent call last):
  File "/home/ggx/software/anaconda3/lib/python3.10/site-packages/sklearn/model_selection/_validation.py", line 888, in _fit_and_score
    estimator.fit(X_train, y_train, **fit_params)
  File "/home/ggx/software/anaconda3/lib/python3.10/site-packages/sklearn/base.py", line 1466, in wrapper
    estimator._validate_params()
  File "/home/ggx/software/anaconda3/lib/python3.10/site-packages/sklearn/base.py", line 666, in _validate_params
    validate_parameter_constraints(
  File "/home/ggx/software/anaconda3/lib/python3.10/site-packages/sklearn/utils/_param_validation.py", line 95, in validate_parameter_constraints
    raise InvalidParameterError(
sklearn.utils._param_validation.InvalidParameterError: The 'min_samples_split' parameter of GradientBoostingRegressor must be an int in the range [2, inf) or a float in the range (0.0, 1.0]. Got 1 instead.

  warnings.warn(some_fits_failed_message, FitFailedWarning)
/home/ggx/software/anaconda3/lib/python3.10/site-packages/sklearn/model_selection/_search.py:1102: UserWarning: One or more of the test scores are non-finite: [-3.88670353  0.46309433  0.4253553   0.54790162  0.46309433  0.45626586
  0.38065481 -1.3241143  -1.35342919         nan  0.53271934 -3.71644016
  0.59800636 -1.44837521         nan  0.19935291 -1.80322248         nan
 -1.52593265 -1.79283723]
  warnings.warn(
/home/ggx/software/anaconda3/lib/python3.10/site-packages/sklearn/model_selection/_validation.py:540: FitFailedWarning: 
10 fits failed out of a total of 100.
The score on these train-test partitions for these parameters will be set to nan.
If these failures are not expected, you can try to debug them by setting error_score='raise'.

Below are more details about the failures:
--------------------------------------------------------------------------------
10 fits failed with the following error:
Traceback (most recent call last):
  File "/home/ggx/software/anaconda3/lib/python3.10/site-packages/sklearn/model_selection/_validation.py", line 888, in _fit_and_score
    estimator.fit(X_train, y_train, **fit_params)
  File "/home/ggx/software/anaconda3/lib/python3.10/site-packages/sklearn/base.py", line 1466, in wrapper
    estimator._validate_params()
  File "/home/ggx/software/anaconda3/lib/python3.10/site-packages/sklearn/base.py", line 666, in _validate_params
    validate_parameter_constraints(
  File "/home/ggx/software/anaconda3/lib/python3.10/site-packages/sklearn/utils/_param_validation.py", line 95, in validate_parameter_constraints
    raise InvalidParameterError(
sklearn.utils._param_validation.InvalidParameterError: The 'min_samples_split' parameter of GradientBoostingRegressor must be an int in the range [2, inf) or a float in the range (0.0, 1.0]. Got 1 instead.

  warnings.warn(some_fits_failed_message, FitFailedWarning)
/home/ggx/software/anaconda3/lib/python3.10/site-packages/sklearn/model_selection/_search.py:1102: UserWarning: One or more of the test scores are non-finite: [0.86962748 0.89559728 0.65368567 0.86580087 0.6562211  0.89399638
 0.69444775 0.86391975 0.63039881 0.86816185        nan 0.88451558
 0.52117862 0.74196042 0.8539655  0.87653854 0.59640743 0.68824901
 0.63188998        nan]
  warnings.warn(
/home/ggx/software/anaconda3/lib/python3.10/site-packages/sklearn/model_selection/_validation.py:540: FitFailedWarning: 
10 fits failed out of a total of 100.
The score on these train-test partitions for these parameters will be set to nan.
If these failures are not expected, you can try to debug them by setting error_score='raise'.

Below are more details about the failures:
--------------------------------------------------------------------------------
10 fits failed with the following error:
Traceback (most recent call last):
  File "/home/ggx/software/anaconda3/lib/python3.10/site-packages/sklearn/model_selection/_validation.py", line 888, in _fit_and_score
    estimator.fit(X_train, y_train, **fit_params)
  File "/home/ggx/software/anaconda3/lib/python3.10/site-packages/sklearn/base.py", line 1466, in wrapper
    estimator._validate_params()
  File "/home/ggx/software/anaconda3/lib/python3.10/site-packages/sklearn/base.py", line 666, in _validate_params
    validate_parameter_constraints(
  File "/home/ggx/software/anaconda3/lib/python3.10/site-packages/sklearn/utils/_param_validation.py", line 95, in validate_parameter_constraints
    raise InvalidParameterError(
sklearn.utils._param_validation.InvalidParameterError: The 'min_samples_split' parameter of GradientBoostingRegressor must be an int in the range [2, inf) or a float in the range (0.0, 1.0]. Got 1 instead.

  warnings.warn(some_fits_failed_message, FitFailedWarning)
/home/ggx/software/anaconda3/lib/python3.10/site-packages/sklearn/model_selection/_search.py:1102: UserWarning: One or more of the test scores are non-finite: [ 0.75229082  0.08606378  0.74989224         nan  0.78140243  0.71896108
  0.80108518  0.81636405  0.2004398          nan  0.81636405 -0.00116756
  0.75229082  0.72101191  0.1466944   0.1318827   0.84847427  0.08629776
  0.81798455  0.79667499]
  warnings.warn(
/home/ggx/software/anaconda3/lib/python3.10/site-packages/sklearn/model_selection/_validation.py:540: FitFailedWarning: 
20 fits failed out of a total of 100.
The score on these train-test partitions for these parameters will be set to nan.
If these failures are not expected, you can try to debug them by setting error_score='raise'.

Below are more details about the failures:
--------------------------------------------------------------------------------
20 fits failed with the following error:
Traceback (most recent call last):
  File "/home/ggx/software/anaconda3/lib/python3.10/site-packages/sklearn/model_selection/_validation.py", line 888, in _fit_and_score
    estimator.fit(X_train, y_train, **fit_params)
  File "/home/ggx/software/anaconda3/lib/python3.10/site-packages/sklearn/base.py", line 1466, in wrapper
    estimator._validate_params()
  File "/home/ggx/software/anaconda3/lib/python3.10/site-packages/sklearn/base.py", line 666, in _validate_params
    validate_parameter_constraints(
  File "/home/ggx/software/anaconda3/lib/python3.10/site-packages/sklearn/utils/_param_validation.py", line 95, in validate_parameter_constraints
    raise InvalidParameterError(
sklearn.utils._param_validation.InvalidParameterError: The 'min_samples_split' parameter of GradientBoostingRegressor must be an int in the range [2, inf) or a float in the range (0.0, 1.0]. Got 1 instead.

  warnings.warn(some_fits_failed_message, FitFailedWarning)
/home/ggx/software/anaconda3/lib/python3.10/site-packages/sklearn/model_selection/_search.py:1102: UserWarning: One or more of the test scores are non-finite: [0.71005985 0.29263444        nan 0.43223351 0.36557739 0.5819534
 0.60762868 0.59205571 0.63718776        nan 0.65280097 0.54824969
 0.62872851 0.64901977        nan 0.74984592 0.57874568 0.54402366
        nan 0.64813607]
  warnings.warn(
/home/ggx/software/anaconda3/lib/python3.10/site-packages/sklearn/model_selection/_validation.py:540: FitFailedWarning: 
20 fits failed out of a total of 100.
The score on these train-test partitions for these parameters will be set to nan.
If these failures are not expected, you can try to debug them by setting error_score='raise'.

Below are more details about the failures:
--------------------------------------------------------------------------------
20 fits failed with the following error:
Traceback (most recent call last):
  File "/home/ggx/software/anaconda3/lib/python3.10/site-packages/sklearn/model_selection/_validation.py", line 888, in _fit_and_score
    estimator.fit(X_train, y_train, **fit_params)
  File "/home/ggx/software/anaconda3/lib/python3.10/site-packages/sklearn/base.py", line 1466, in wrapper
    estimator._validate_params()
  File "/home/ggx/software/anaconda3/lib/python3.10/site-packages/sklearn/base.py", line 666, in _validate_params
    validate_parameter_constraints(
  File "/home/ggx/software/anaconda3/lib/python3.10/site-packages/sklearn/utils/_param_validation.py", line 95, in validate_parameter_constraints
    raise InvalidParameterError(
sklearn.utils._param_validation.InvalidParameterError: The 'min_samples_split' parameter of GradientBoostingRegressor must be an int in the range [2, inf) or a float in the range (0.0, 1.0]. Got 1 instead.

  warnings.warn(some_fits_failed_message, FitFailedWarning)
/home/ggx/software/anaconda3/lib/python3.10/site-packages/sklearn/model_selection/_search.py:1102: UserWarning: One or more of the test scores are non-finite: [0.77215817        nan 0.81952503 0.26197518 0.912685   0.80090276
 0.90702336 0.82729044        nan 0.91051313 0.90412493        nan
 0.90773345 0.90786792 0.82869668 0.82481333 0.81195068        nan
 0.89927839 0.25709044]
  warnings.warn(
/home/ggx/software/anaconda3/lib/python3.10/site-packages/sklearn/model_selection/_validation.py:540: FitFailedWarning: 
25 fits failed out of a total of 100.
The score on these train-test partitions for these parameters will be set to nan.
If these failures are not expected, you can try to debug them by setting error_score='raise'.

Below are more details about the failures:
--------------------------------------------------------------------------------
25 fits failed with the following error:
Traceback (most recent call last):
  File "/home/ggx/software/anaconda3/lib/python3.10/site-packages/sklearn/model_selection/_validation.py", line 888, in _fit_and_score
    estimator.fit(X_train, y_train, **fit_params)
  File "/home/ggx/software/anaconda3/lib/python3.10/site-packages/sklearn/base.py", line 1466, in wrapper
    estimator._validate_params()
  File "/home/ggx/software/anaconda3/lib/python3.10/site-packages/sklearn/base.py", line 666, in _validate_params
    validate_parameter_constraints(
  File "/home/ggx/software/anaconda3/lib/python3.10/site-packages/sklearn/utils/_param_validation.py", line 95, in validate_parameter_constraints
    raise InvalidParameterError(
sklearn.utils._param_validation.InvalidParameterError: The 'min_samples_split' parameter of GradientBoostingRegressor must be an int in the range [2, inf) or a float in the range (0.0, 1.0]. Got 1 instead.

  warnings.warn(some_fits_failed_message, FitFailedWarning)
/home/ggx/software/anaconda3/lib/python3.10/site-packages/sklearn/model_selection/_search.py:1102: UserWarning: One or more of the test scores are non-finite: [        nan  0.7271857   0.63817088 -0.35268074  0.7427361   0.735985
  0.71918978  0.17175369 -2.31210549         nan  0.69658018  0.71741624
         nan         nan  0.72792425         nan  0.69998118  0.70110095
  0.6111434  -1.40645189]
  warnings.warn(
/home/ggx/software/anaconda3/lib/python3.10/site-packages/sklearn/model_selection/_validation.py:540: FitFailedWarning: 
15 fits failed out of a total of 100.
The score on these train-test partitions for these parameters will be set to nan.
If these failures are not expected, you can try to debug them by setting error_score='raise'.

Below are more details about the failures:
--------------------------------------------------------------------------------
15 fits failed with the following error:
Traceback (most recent call last):
  File "/home/ggx/software/anaconda3/lib/python3.10/site-packages/sklearn/model_selection/_validation.py", line 888, in _fit_and_score
    estimator.fit(X_train, y_train, **fit_params)
  File "/home/ggx/software/anaconda3/lib/python3.10/site-packages/sklearn/base.py", line 1466, in wrapper
    estimator._validate_params()
  File "/home/ggx/software/anaconda3/lib/python3.10/site-packages/sklearn/base.py", line 666, in _validate_params
    validate_parameter_constraints(
  File "/home/ggx/software/anaconda3/lib/python3.10/site-packages/sklearn/utils/_param_validation.py", line 95, in validate_parameter_constraints
    raise InvalidParameterError(
sklearn.utils._param_validation.InvalidParameterError: The 'min_samples_split' parameter of GradientBoostingRegressor must be an int in the range [2, inf) or a float in the range (0.0, 1.0]. Got 1 instead.

  warnings.warn(some_fits_failed_message, FitFailedWarning)
/home/ggx/software/anaconda3/lib/python3.10/site-packages/sklearn/model_selection/_search.py:1102: UserWarning: One or more of the test scores are non-finite: [        nan -3.58223941  0.80216266  0.66838041         nan  0.76672616
  0.6575186  -4.08033408  0.74617451  0.80906527         nan  0.6450975
  0.7730577  -3.60473898 -3.76613458  0.45092321  0.77272187 -3.61442156
  0.59433144 -3.60473898]
  warnings.warn(
/home/ggx/software/anaconda3/lib/python3.10/site-packages/sklearn/model_selection/_validation.py:540: FitFailedWarning: 
10 fits failed out of a total of 100.
The score on these train-test partitions for these parameters will be set to nan.
If these failures are not expected, you can try to debug them by setting error_score='raise'.

Below are more details about the failures:
--------------------------------------------------------------------------------
10 fits failed with the following error:
Traceback (most recent call last):
  File "/home/ggx/software/anaconda3/lib/python3.10/site-packages/sklearn/model_selection/_validation.py", line 888, in _fit_and_score
    estimator.fit(X_train, y_train, **fit_params)
  File "/home/ggx/software/anaconda3/lib/python3.10/site-packages/sklearn/base.py", line 1466, in wrapper
    estimator._validate_params()
  File "/home/ggx/software/anaconda3/lib/python3.10/site-packages/sklearn/base.py", line 666, in _validate_params
    validate_parameter_constraints(
  File "/home/ggx/software/anaconda3/lib/python3.10/site-packages/sklearn/utils/_param_validation.py", line 95, in validate_parameter_constraints
    raise InvalidParameterError(
sklearn.utils._param_validation.InvalidParameterError: The 'min_samples_split' parameter of GradientBoostingRegressor must be an int in the range [2, inf) or a float in the range (0.0, 1.0]. Got 1 instead.

  warnings.warn(some_fits_failed_message, FitFailedWarning)
/home/ggx/software/anaconda3/lib/python3.10/site-packages/sklearn/model_selection/_search.py:1102: UserWarning: One or more of the test scores are non-finite: [ 0.79179013  0.7469876          nan  0.02274604 -0.63386376  0.25046921
  0.77885706  0.81554904  0.84602902  0.78698295  0.64804123  0.78139142
  0.86616112  0.81035132  0.35875834  0.76514695  0.86160257         nan
  0.76675928  0.81533435]
  warnings.warn(
/home/ggx/software/anaconda3/lib/python3.10/site-packages/sklearn/model_selection/_validation.py:540: FitFailedWarning: 
10 fits failed out of a total of 100.
The score on these train-test partitions for these parameters will be set to nan.
If these failures are not expected, you can try to debug them by setting error_score='raise'.

Below are more details about the failures:
--------------------------------------------------------------------------------
10 fits failed with the following error:
Traceback (most recent call last):
  File "/home/ggx/software/anaconda3/lib/python3.10/site-packages/sklearn/model_selection/_validation.py", line 888, in _fit_and_score
    estimator.fit(X_train, y_train, **fit_params)
  File "/home/ggx/software/anaconda3/lib/python3.10/site-packages/sklearn/base.py", line 1466, in wrapper
    estimator._validate_params()
  File "/home/ggx/software/anaconda3/lib/python3.10/site-packages/sklearn/base.py", line 666, in _validate_params
    validate_parameter_constraints(
  File "/home/ggx/software/anaconda3/lib/python3.10/site-packages/sklearn/utils/_param_validation.py", line 95, in validate_parameter_constraints
    raise InvalidParameterError(
sklearn.utils._param_validation.InvalidParameterError: The 'min_samples_split' parameter of GradientBoostingRegressor must be an int in the range [2, inf) or a float in the range (0.0, 1.0]. Got 1 instead.

  warnings.warn(some_fits_failed_message, FitFailedWarning)
/home/ggx/software/anaconda3/lib/python3.10/site-packages/sklearn/model_selection/_search.py:1102: UserWarning: One or more of the test scores are non-finite: [0.80032386 0.63830708 0.91789691 0.65717033        nan 0.63830708
 0.63904643 0.64181713 0.63420687 0.63863257 0.917641          nan
 0.63863257 0.81165867 0.60386348 0.63830708 0.62171036 0.87833028
 0.60548952 0.7364929 ]
  warnings.warn(
/home/ggx/software/anaconda3/lib/python3.10/site-packages/sklearn/model_selection/_validation.py:540: FitFailedWarning: 
10 fits failed out of a total of 100.
The score on these train-test partitions for these parameters will be set to nan.
If these failures are not expected, you can try to debug them by setting error_score='raise'.

Below are more details about the failures:
--------------------------------------------------------------------------------
10 fits failed with the following error:
Traceback (most recent call last):
  File "/home/ggx/software/anaconda3/lib/python3.10/site-packages/sklearn/model_selection/_validation.py", line 888, in _fit_and_score
    estimator.fit(X_train, y_train, **fit_params)
  File "/home/ggx/software/anaconda3/lib/python3.10/site-packages/sklearn/base.py", line 1466, in wrapper
    estimator._validate_params()
  File "/home/ggx/software/anaconda3/lib/python3.10/site-packages/sklearn/base.py", line 666, in _validate_params
    validate_parameter_constraints(
  File "/home/ggx/software/anaconda3/lib/python3.10/site-packages/sklearn/utils/_param_validation.py", line 95, in validate_parameter_constraints
    raise InvalidParameterError(
sklearn.utils._param_validation.InvalidParameterError: The 'min_samples_split' parameter of GradientBoostingRegressor must be an int in the range [2, inf) or a float in the range (0.0, 1.0]. Got 1 instead.

  warnings.warn(some_fits_failed_message, FitFailedWarning)
/home/ggx/software/anaconda3/lib/python3.10/site-packages/sklearn/model_selection/_search.py:1102: UserWarning: One or more of the test scores are non-finite: [0.83313747 0.287332   0.82865579 0.69422274 0.78419224 0.84551781
 0.83040054 0.83358879        nan 0.7823999         nan 0.29936776
 0.83441754 0.75713367 0.287332   0.45449699 0.84762947 0.83451234
 0.26024519 0.26024519]
  warnings.warn(
/home/ggx/software/anaconda3/lib/python3.10/site-packages/sklearn/model_selection/_validation.py:540: FitFailedWarning: 
10 fits failed out of a total of 100.
The score on these train-test partitions for these parameters will be set to nan.
If these failures are not expected, you can try to debug them by setting error_score='raise'.

Below are more details about the failures:
--------------------------------------------------------------------------------
10 fits failed with the following error:
Traceback (most recent call last):
  File "/home/ggx/software/anaconda3/lib/python3.10/site-packages/sklearn/model_selection/_validation.py", line 888, in _fit_and_score
    estimator.fit(X_train, y_train, **fit_params)
  File "/home/ggx/software/anaconda3/lib/python3.10/site-packages/sklearn/base.py", line 1466, in wrapper
    estimator._validate_params()
  File "/home/ggx/software/anaconda3/lib/python3.10/site-packages/sklearn/base.py", line 666, in _validate_params
    validate_parameter_constraints(
  File "/home/ggx/software/anaconda3/lib/python3.10/site-packages/sklearn/utils/_param_validation.py", line 95, in validate_parameter_constraints
    raise InvalidParameterError(
sklearn.utils._param_validation.InvalidParameterError: The 'min_samples_split' parameter of GradientBoostingRegressor must be an int in the range [2, inf) or a float in the range (0.0, 1.0]. Got 1 instead.

  warnings.warn(some_fits_failed_message, FitFailedWarning)
/home/ggx/software/anaconda3/lib/python3.10/site-packages/sklearn/model_selection/_search.py:1102: UserWarning: One or more of the test scores are non-finite: [-1.00130165         nan  0.59217232  0.19571196  0.56605881  0.45376868
  0.19571196  0.1686918   0.51545031  0.54359271  0.5759309   0.54167858
  0.11870405  0.45376868  0.52088746  0.26579935  0.12408243  0.02422976
  0.00928683         nan]
  warnings.warn(
/home/ggx/software/anaconda3/lib/python3.10/site-packages/sklearn/model_selection/_validation.py:540: FitFailedWarning: 
10 fits failed out of a total of 100.
The score on these train-test partitions for these parameters will be set to nan.
If these failures are not expected, you can try to debug them by setting error_score='raise'.

Below are more details about the failures:
--------------------------------------------------------------------------------
10 fits failed with the following error:
Traceback (most recent call last):
  File "/home/ggx/software/anaconda3/lib/python3.10/site-packages/sklearn/model_selection/_validation.py", line 888, in _fit_and_score
    estimator.fit(X_train, y_train, **fit_params)
  File "/home/ggx/software/anaconda3/lib/python3.10/site-packages/sklearn/base.py", line 1466, in wrapper
    estimator._validate_params()
  File "/home/ggx/software/anaconda3/lib/python3.10/site-packages/sklearn/base.py", line 666, in _validate_params
    validate_parameter_constraints(
  File "/home/ggx/software/anaconda3/lib/python3.10/site-packages/sklearn/utils/_param_validation.py", line 95, in validate_parameter_constraints
    raise InvalidParameterError(
sklearn.utils._param_validation.InvalidParameterError: The 'min_samples_split' parameter of GradientBoostingRegressor must be an int in the range [2, inf) or a float in the range (0.0, 1.0]. Got 1 instead.

  warnings.warn(some_fits_failed_message, FitFailedWarning)
/home/ggx/software/anaconda3/lib/python3.10/site-packages/sklearn/model_selection/_search.py:1102: UserWarning: One or more of the test scores are non-finite: [ 0.70645346  0.34336167         nan  0.66572146  0.69119138  0.69797853
  0.13041579  0.7172867   0.69584589  0.70016832 -0.28562268  0.66572146
  0.67643271         nan  0.69282616  0.52562689  0.66165867 -0.3000663
  0.63632352  0.70538994]
  warnings.warn(
/home/ggx/software/anaconda3/lib/python3.10/site-packages/sklearn/model_selection/_validation.py:540: FitFailedWarning: 
30 fits failed out of a total of 100.
The score on these train-test partitions for these parameters will be set to nan.
If these failures are not expected, you can try to debug them by setting error_score='raise'.

Below are more details about the failures:
--------------------------------------------------------------------------------
30 fits failed with the following error:
Traceback (most recent call last):
  File "/home/ggx/software/anaconda3/lib/python3.10/site-packages/sklearn/model_selection/_validation.py", line 888, in _fit_and_score
    estimator.fit(X_train, y_train, **fit_params)
  File "/home/ggx/software/anaconda3/lib/python3.10/site-packages/sklearn/base.py", line 1466, in wrapper
    estimator._validate_params()
  File "/home/ggx/software/anaconda3/lib/python3.10/site-packages/sklearn/base.py", line 666, in _validate_params
    validate_parameter_constraints(
  File "/home/ggx/software/anaconda3/lib/python3.10/site-packages/sklearn/utils/_param_validation.py", line 95, in validate_parameter_constraints
    raise InvalidParameterError(
sklearn.utils._param_validation.InvalidParameterError: The 'min_samples_split' parameter of GradientBoostingRegressor must be an int in the range [2, inf) or a float in the range (0.0, 1.0]. Got 1 instead.

  warnings.warn(some_fits_failed_message, FitFailedWarning)
/home/ggx/software/anaconda3/lib/python3.10/site-packages/sklearn/model_selection/_search.py:1102: UserWarning: One or more of the test scores are non-finite: [0.26209809 0.80995567        nan 0.46451002        nan 0.84951269
        nan 0.86754401 0.81786278 0.85053585 0.85394637        nan
 0.62567336        nan 0.44466622        nan 0.87401444 0.79220909
 0.49345943 0.79674035]
  warnings.warn(
/home/ggx/software/anaconda3/lib/python3.10/site-packages/sklearn/model_selection/_validation.py:540: FitFailedWarning: 
10 fits failed out of a total of 100.
The score on these train-test partitions for these parameters will be set to nan.
If these failures are not expected, you can try to debug them by setting error_score='raise'.

Below are more details about the failures:
--------------------------------------------------------------------------------
10 fits failed with the following error:
Traceback (most recent call last):
  File "/home/ggx/software/anaconda3/lib/python3.10/site-packages/sklearn/model_selection/_validation.py", line 888, in _fit_and_score
    estimator.fit(X_train, y_train, **fit_params)
  File "/home/ggx/software/anaconda3/lib/python3.10/site-packages/sklearn/base.py", line 1466, in wrapper
    estimator._validate_params()
  File "/home/ggx/software/anaconda3/lib/python3.10/site-packages/sklearn/base.py", line 666, in _validate_params
    validate_parameter_constraints(
  File "/home/ggx/software/anaconda3/lib/python3.10/site-packages/sklearn/utils/_param_validation.py", line 95, in validate_parameter_constraints
    raise InvalidParameterError(
sklearn.utils._param_validation.InvalidParameterError: The 'min_samples_split' parameter of GradientBoostingRegressor must be an int in the range [2, inf) or a float in the range (0.0, 1.0]. Got 1 instead.

  warnings.warn(some_fits_failed_message, FitFailedWarning)
/home/ggx/software/anaconda3/lib/python3.10/site-packages/sklearn/model_selection/_search.py:1102: UserWarning: One or more of the test scores are non-finite: [0.29614603 0.20348591 0.78093679 0.05151005 0.27758298 0.46567096
 0.02988572 0.74411828        nan 0.10473202 0.73880737 0.16986458
 0.77948055 0.80157039 0.10378501 0.09999191 0.08910414 0.79981871
 0.73500683        nan]
  warnings.warn(
/home/ggx/software/anaconda3/lib/python3.10/site-packages/sklearn/model_selection/_validation.py:540: FitFailedWarning: 
10 fits failed out of a total of 100.
The score on these train-test partitions for these parameters will be set to nan.
If these failures are not expected, you can try to debug them by setting error_score='raise'.

Below are more details about the failures:
--------------------------------------------------------------------------------
10 fits failed with the following error:
Traceback (most recent call last):
  File "/home/ggx/software/anaconda3/lib/python3.10/site-packages/sklearn/model_selection/_validation.py", line 888, in _fit_and_score
    estimator.fit(X_train, y_train, **fit_params)
  File "/home/ggx/software/anaconda3/lib/python3.10/site-packages/sklearn/base.py", line 1466, in wrapper
    estimator._validate_params()
  File "/home/ggx/software/anaconda3/lib/python3.10/site-packages/sklearn/base.py", line 666, in _validate_params
    validate_parameter_constraints(
  File "/home/ggx/software/anaconda3/lib/python3.10/site-packages/sklearn/utils/_param_validation.py", line 95, in validate_parameter_constraints
    raise InvalidParameterError(
sklearn.utils._param_validation.InvalidParameterError: The 'min_samples_split' parameter of GradientBoostingRegressor must be an int in the range [2, inf) or a float in the range (0.0, 1.0]. Got 1 instead.

  warnings.warn(some_fits_failed_message, FitFailedWarning)
/home/ggx/software/anaconda3/lib/python3.10/site-packages/sklearn/model_selection/_search.py:1102: UserWarning: One or more of the test scores are non-finite: [ 0.57946549  0.19833554  0.53577655 -0.15154091         nan -0.18519392
  0.29411406  0.32635197  0.19833554  0.54672953  0.39794858         nan
  0.39011606  0.39231787  0.41548089  0.12888185  0.60137423  0.19833554
 -0.31529307  0.3920274 ]
  warnings.warn(
/home/ggx/software/anaconda3/lib/python3.10/site-packages/sklearn/model_selection/_validation.py:540: FitFailedWarning: 
5 fits failed out of a total of 100.
The score on these train-test partitions for these parameters will be set to nan.
If these failures are not expected, you can try to debug them by setting error_score='raise'.

Below are more details about the failures:
--------------------------------------------------------------------------------
5 fits failed with the following error:
Traceback (most recent call last):
  File "/home/ggx/software/anaconda3/lib/python3.10/site-packages/sklearn/model_selection/_validation.py", line 888, in _fit_and_score
    estimator.fit(X_train, y_train, **fit_params)
  File "/home/ggx/software/anaconda3/lib/python3.10/site-packages/sklearn/base.py", line 1466, in wrapper
    estimator._validate_params()
  File "/home/ggx/software/anaconda3/lib/python3.10/site-packages/sklearn/base.py", line 666, in _validate_params
    validate_parameter_constraints(
  File "/home/ggx/software/anaconda3/lib/python3.10/site-packages/sklearn/utils/_param_validation.py", line 95, in validate_parameter_constraints
    raise InvalidParameterError(
sklearn.utils._param_validation.InvalidParameterError: The 'min_samples_split' parameter of GradientBoostingRegressor must be an int in the range [2, inf) or a float in the range (0.0, 1.0]. Got 1 instead.

  warnings.warn(some_fits_failed_message, FitFailedWarning)
/home/ggx/software/anaconda3/lib/python3.10/site-packages/sklearn/model_selection/_search.py:1102: UserWarning: One or more of the test scores are non-finite: [0.88909268 0.92299866 0.90981287 0.66968491 0.89121487 0.49058937
 0.66431318 0.63423793 0.90736637 0.86803613 0.63423793 0.89869359
        nan 0.60215605 0.86035327 0.66691459 0.87980548 0.83626995
 0.91277179 0.91877175]
  warnings.warn(

Best parameter combination:
{'n_estimators': 250, 'min_weight_fraction_leaf': 0.04, 'min_samples_split': 8, 'min_samples_leaf': 1, 'min_impurity_decrease': 0.01, 'max_features': 12, 'max_depth': 3, 'learning_rate': 0.02, 'alpha': 0.1}
Train R²: 0.9932, Test R²: 0.9022

Using random_state=2 for training

Best parameter combination:
{'n_estimators': 350, 'min_weight_fraction_leaf': 0.02, 'min_samples_split': 8, 'min_samples_leaf': 2, 'min_impurity_decrease': 0.008, 'max_features': 12, 'max_depth': 9, 'learning_rate': 0.8, 'alpha': 0.2}
Train R²: 0.9893, Test R²: 0.9640

Using random_state=3 for training

Best parameter combination:
{'n_estimators': 100, 'min_weight_fraction_leaf': 0.02, 'min_samples_split': 10, 'min_samples_leaf': 5, 'min_impurity_decrease': 0.008, 'max_features': 12, 'max_depth': 8, 'learning_rate': 0.5, 'alpha': 0.5}
Train R²: 0.9410, Test R²: 0.9436

Using random_state=4 for training

Best parameter combination:
{'n_estimators': 400, 'min_weight_fraction_leaf': 0.02, 'min_samples_split': 6, 'min_samples_leaf': 2, 'min_impurity_decrease': 0.008, 'max_features': 12, 'max_depth': 6, 'learning_rate': 0.02, 'alpha': 0.7}
Train R²: 0.9889, Test R²: 0.9395

Using random_state=5 for training

Best parameter combination:
{'n_estimators': 200, 'min_weight_fraction_leaf': 0, 'min_samples_split': 10, 'min_samples_leaf': 1, 'min_impurity_decrease': 0.01, 'max_features': 1, 'max_depth': 2, 'learning_rate': 0.02, 'alpha': 0.7}
Train R²: 0.9898, Test R²: 0.9122

Using random_state=6 for training

Best parameter combination:
{'n_estimators': 350, 'min_weight_fraction_leaf': 0, 'min_samples_split': 6, 'min_samples_leaf': 2, 'min_impurity_decrease': 0.008, 'max_features': 2, 'max_depth': 6, 'learning_rate': 0.8, 'alpha': 0.6}
Train R²: 0.9838, Test R²: 0.9426

Using random_state=7 for training

Best parameter combination:
{'n_estimators': 450, 'min_weight_fraction_leaf': 0.04, 'min_samples_split': 6, 'min_samples_leaf': 1, 'min_impurity_decrease': 0.008, 'max_features': 2, 'max_depth': 3, 'learning_rate': 0.01, 'alpha': 0.8}
Train R²: 0.9930, Test R²: 0.9338

Using random_state=8 for training

Best parameter combination:
{'n_estimators': 250, 'min_weight_fraction_leaf': 0.02, 'min_samples_split': 2, 'min_samples_leaf': 2, 'min_impurity_decrease': 0.008, 'max_features': 1, 'max_depth': 7, 'learning_rate': 0.06, 'alpha': 0.9}
Train R²: 0.9892, Test R²: 0.9293

Using random_state=9 for training

Best parameter combination:
{'n_estimators': 200, 'min_weight_fraction_leaf': 0.06, 'min_samples_split': 8, 'min_samples_leaf': 1, 'min_impurity_decrease': 0.008, 'max_features': 3, 'max_depth': 5, 'learning_rate': 0.06, 'alpha': 0.6}
Train R²: 0.9774, Test R²: 0.9360

Using random_state=10 for training

Best parameter combination:
{'n_estimators': 250, 'min_weight_fraction_leaf': 0.02, 'min_samples_split': 12, 'min_samples_leaf': 2, 'min_impurity_decrease': 0.008, 'max_features': 12, 'max_depth': 6, 'learning_rate': 0.02, 'alpha': 0.92}
Train R²: 0.9861, Test R²: 0.9411

Using random_state=11 for training

Best parameter combination:
{'n_estimators': 450, 'min_weight_fraction_leaf': 0.02, 'min_samples_split': 4, 'min_samples_leaf': 2, 'min_impurity_decrease': 0.01, 'max_features': 1, 'max_depth': 8, 'learning_rate': 0.06, 'alpha': 0.2}
Train R²: 0.9825, Test R²: 0.8791

Using random_state=12 for training

Best parameter combination:
{'n_estimators': 400, 'min_weight_fraction_leaf': 0.08, 'min_samples_split': 8, 'min_samples_leaf': 1, 'min_impurity_decrease': 0.008, 'max_features': 6, 'max_depth': 8, 'learning_rate': 0.02, 'alpha': 0.8}
Train R²: 0.9809, Test R²: 0.9526

Using random_state=13 for training

Best parameter combination:
{'n_estimators': 100, 'min_weight_fraction_leaf': 0.06, 'min_samples_split': 6, 'min_samples_leaf': 1, 'min_impurity_decrease': 0.01, 'max_features': 12, 'max_depth': 5, 'learning_rate': 0.5, 'alpha': 0.92}
Train R²: 0.9825, Test R²: 0.9235

Using random_state=14 for training

Best parameter combination:
{'n_estimators': 150, 'min_weight_fraction_leaf': 0.06, 'min_samples_split': 12, 'min_samples_leaf': 7, 'min_impurity_decrease': 0.008, 'max_features': 1, 'max_depth': 7, 'learning_rate': 0.8, 'alpha': 0.2}
Train R²: 0.8191, Test R²: 0.5636

Using random_state=15 for training

Best parameter combination:
{'n_estimators': 400, 'min_weight_fraction_leaf': 0.02, 'min_samples_split': 10, 'min_samples_leaf': 2, 'min_impurity_decrease': 0.01, 'max_features': 8, 'max_depth': 4, 'learning_rate': 0.5, 'alpha': 0.8}
Train R²: 0.9778, Test R²: 0.9431

Using random_state=16 for training

Best parameter combination:
{'n_estimators': 300, 'min_weight_fraction_leaf': 0.06, 'min_samples_split': 6, 'min_samples_leaf': 1, 'min_impurity_decrease': 0.008, 'max_features': 8, 'max_depth': 8, 'learning_rate': 0.8, 'alpha': 0.2}
Train R²: 0.9893, Test R²: 0.9106

Using random_state=17 for training

Best parameter combination:
{'n_estimators': 150, 'min_weight_fraction_leaf': 0.06, 'min_samples_split': 8, 'min_samples_leaf': 1, 'min_impurity_decrease': 0.01, 'max_features': 8, 'max_depth': 5, 'learning_rate': 0.5, 'alpha': 0.5}
Train R²: 0.9905, Test R²: 0.8798

Using random_state=18 for training

Best parameter combination:
{'n_estimators': 400, 'min_weight_fraction_leaf': 0, 'min_samples_split': 10, 'min_samples_leaf': 2, 'min_impurity_decrease': 0.008, 'max_features': 12, 'max_depth': 4, 'learning_rate': 0.5, 'alpha': 0.8}
Train R²: 0.9887, Test R²: 0.9135

Using random_state=19 for training

Best parameter combination:
{'n_estimators': 100, 'min_weight_fraction_leaf': 0.06, 'min_samples_split': 4, 'min_samples_leaf': 1, 'min_impurity_decrease': 0.008, 'max_features': 1, 'max_depth': 8, 'learning_rate': 0.5, 'alpha': 0.8}
Train R²: 0.9898, Test R²: 0.9137

Using random_state=20 for training

Best parameter combination:
{'n_estimators': 350, 'min_weight_fraction_leaf': 0, 'min_samples_split': 2, 'min_samples_leaf': 2, 'min_impurity_decrease': 0.008, 'max_features': 6, 'max_depth': 4, 'learning_rate': 0.06, 'alpha': 0.92}
Train R²: 0.9820, Test R²: 0.9237

Using random_state=21 for training

Best parameter combination:
{'n_estimators': 350, 'min_weight_fraction_leaf': 0, 'min_samples_split': 4, 'min_samples_leaf': 1, 'min_impurity_decrease': 0.01, 'max_features': 2, 'max_depth': 8, 'learning_rate': 0.8, 'alpha': 0.2}
Train R²: 0.9928, Test R²: 0.8857

Using random_state=22 for training

Best parameter combination:
{'n_estimators': 450, 'min_weight_fraction_leaf': 0.04, 'min_samples_split': 2, 'min_samples_leaf': 2, 'min_impurity_decrease': 0.008, 'max_features': 4, 'max_depth': 5, 'learning_rate': 0.8, 'alpha': 0.92}
Train R²: 0.9838, Test R²: 0.9170

Using random_state=23 for training

Best parameter combination:
{'n_estimators': 400, 'min_weight_fraction_leaf': 0.02, 'min_samples_split': 2, 'min_samples_leaf': 2, 'min_impurity_decrease': 0.008, 'max_features': 1, 'max_depth': 3, 'learning_rate': 0.02, 'alpha': 0.1}
Train R²: 0.9783, Test R²: 0.8936

Using random_state=24 for training

Best parameter combination:
{'n_estimators': 350, 'min_weight_fraction_leaf': 0.04, 'min_samples_split': 10, 'min_samples_leaf': 2, 'min_impurity_decrease': 0.01, 'max_features': 1, 'max_depth': 2, 'learning_rate': 0.06, 'alpha': 0.1}
Train R²: 0.9871, Test R²: 0.8817

Using random_state=25 for training

Best parameter combination:
{'n_estimators': 450, 'min_weight_fraction_leaf': 0.08, 'min_samples_split': 6, 'min_samples_leaf': 2, 'min_impurity_decrease': 0.01, 'max_features': 1, 'max_depth': 4, 'learning_rate': 0.01, 'alpha': 0.7}
Train R²: 0.9836, Test R²: 0.9584

Using random_state=26 for training

Best parameter combination:
{'n_estimators': 100, 'min_weight_fraction_leaf': 0.04, 'min_samples_split': 2, 'min_samples_leaf': 2, 'min_impurity_decrease': 0.008, 'max_features': 3, 'max_depth': 6, 'learning_rate': 0.02, 'alpha': 0.2}
Train R²: 0.9646, Test R²: 0.9246

Using random_state=27 for training

Best parameter combination:
/home/ggx/software/anaconda3/lib/python3.10/site-packages/sklearn/model_selection/_validation.py:540: FitFailedWarning: 
10 fits failed out of a total of 100.
The score on these train-test partitions for these parameters will be set to nan.
If these failures are not expected, you can try to debug them by setting error_score='raise'.

Below are more details about the failures:
--------------------------------------------------------------------------------
10 fits failed with the following error:
Traceback (most recent call last):
  File "/home/ggx/software/anaconda3/lib/python3.10/site-packages/sklearn/model_selection/_validation.py", line 888, in _fit_and_score
    estimator.fit(X_train, y_train, **fit_params)
  File "/home/ggx/software/anaconda3/lib/python3.10/site-packages/sklearn/base.py", line 1466, in wrapper
    estimator._validate_params()
  File "/home/ggx/software/anaconda3/lib/python3.10/site-packages/sklearn/base.py", line 666, in _validate_params
    validate_parameter_constraints(
  File "/home/ggx/software/anaconda3/lib/python3.10/site-packages/sklearn/utils/_param_validation.py", line 95, in validate_parameter_constraints
    raise InvalidParameterError(
sklearn.utils._param_validation.InvalidParameterError: The 'min_samples_split' parameter of GradientBoostingRegressor must be an int in the range [2, inf) or a float in the range (0.0, 1.0]. Got 1 instead.

  warnings.warn(some_fits_failed_message, FitFailedWarning)
/home/ggx/software/anaconda3/lib/python3.10/site-packages/sklearn/model_selection/_search.py:1102: UserWarning: One or more of the test scores are non-finite: [0.39608673 0.45726034 0.89650267        nan 0.855383   0.87956385
 0.27369199        nan 0.39608673 0.8765703  0.87964314 0.87597936
 0.887962   0.86332949 0.2501499  0.42779658 0.74409566 0.27478503
 0.86332949 0.87454807]
  warnings.warn(
/home/ggx/software/anaconda3/lib/python3.10/site-packages/sklearn/model_selection/_validation.py:540: FitFailedWarning: 
5 fits failed out of a total of 100.
The score on these train-test partitions for these parameters will be set to nan.
If these failures are not expected, you can try to debug them by setting error_score='raise'.

Below are more details about the failures:
--------------------------------------------------------------------------------
5 fits failed with the following error:
Traceback (most recent call last):
  File "/home/ggx/software/anaconda3/lib/python3.10/site-packages/sklearn/model_selection/_validation.py", line 888, in _fit_and_score
    estimator.fit(X_train, y_train, **fit_params)
  File "/home/ggx/software/anaconda3/lib/python3.10/site-packages/sklearn/base.py", line 1466, in wrapper
    estimator._validate_params()
  File "/home/ggx/software/anaconda3/lib/python3.10/site-packages/sklearn/base.py", line 666, in _validate_params
    validate_parameter_constraints(
  File "/home/ggx/software/anaconda3/lib/python3.10/site-packages/sklearn/utils/_param_validation.py", line 95, in validate_parameter_constraints
    raise InvalidParameterError(
sklearn.utils._param_validation.InvalidParameterError: The 'min_samples_split' parameter of GradientBoostingRegressor must be an int in the range [2, inf) or a float in the range (0.0, 1.0]. Got 1 instead.

  warnings.warn(some_fits_failed_message, FitFailedWarning)
/home/ggx/software/anaconda3/lib/python3.10/site-packages/sklearn/model_selection/_search.py:1102: UserWarning: One or more of the test scores are non-finite: [0.85751371 0.66946698 0.851699   0.89972513 0.76535339 0.58283371
        nan 0.91649684 0.68490943 0.91649684 0.91082072 0.85255604
 0.85176288 0.68399703 0.85751371 0.85194495 0.85017829 0.90887975
 0.89730444 0.92220198]
  warnings.warn(
/home/ggx/software/anaconda3/lib/python3.10/site-packages/sklearn/model_selection/_validation.py:540: FitFailedWarning: 
30 fits failed out of a total of 100.
The score on these train-test partitions for these parameters will be set to nan.
If these failures are not expected, you can try to debug them by setting error_score='raise'.

Below are more details about the failures:
--------------------------------------------------------------------------------
30 fits failed with the following error:
Traceback (most recent call last):
  File "/home/ggx/software/anaconda3/lib/python3.10/site-packages/sklearn/model_selection/_validation.py", line 888, in _fit_and_score
    estimator.fit(X_train, y_train, **fit_params)
  File "/home/ggx/software/anaconda3/lib/python3.10/site-packages/sklearn/base.py", line 1466, in wrapper
    estimator._validate_params()
  File "/home/ggx/software/anaconda3/lib/python3.10/site-packages/sklearn/base.py", line 666, in _validate_params
    validate_parameter_constraints(
  File "/home/ggx/software/anaconda3/lib/python3.10/site-packages/sklearn/utils/_param_validation.py", line 95, in validate_parameter_constraints
    raise InvalidParameterError(
sklearn.utils._param_validation.InvalidParameterError: The 'min_samples_split' parameter of GradientBoostingRegressor must be an int in the range [2, inf) or a float in the range (0.0, 1.0]. Got 1 instead.

  warnings.warn(some_fits_failed_message, FitFailedWarning)
/home/ggx/software/anaconda3/lib/python3.10/site-packages/sklearn/model_selection/_search.py:1102: UserWarning: One or more of the test scores are non-finite: [0.75132569 0.76791353 0.8831138  0.87358776        nan        nan
 0.88144728 0.82353085        nan 0.82059423 0.88062047 0.87755088
 0.8496618  0.89553254 0.75604952        nan        nan 0.90583749
 0.82185807        nan]
  warnings.warn(
/home/ggx/software/anaconda3/lib/python3.10/site-packages/sklearn/model_selection/_validation.py:540: FitFailedWarning: 
25 fits failed out of a total of 100.
The score on these train-test partitions for these parameters will be set to nan.
If these failures are not expected, you can try to debug them by setting error_score='raise'.

Below are more details about the failures:
--------------------------------------------------------------------------------
25 fits failed with the following error:
Traceback (most recent call last):
  File "/home/ggx/software/anaconda3/lib/python3.10/site-packages/sklearn/model_selection/_validation.py", line 888, in _fit_and_score
    estimator.fit(X_train, y_train, **fit_params)
  File "/home/ggx/software/anaconda3/lib/python3.10/site-packages/sklearn/base.py", line 1466, in wrapper
    estimator._validate_params()
  File "/home/ggx/software/anaconda3/lib/python3.10/site-packages/sklearn/base.py", line 666, in _validate_params
    validate_parameter_constraints(
  File "/home/ggx/software/anaconda3/lib/python3.10/site-packages/sklearn/utils/_param_validation.py", line 95, in validate_parameter_constraints
    raise InvalidParameterError(
sklearn.utils._param_validation.InvalidParameterError: The 'min_samples_split' parameter of GradientBoostingRegressor must be an int in the range [2, inf) or a float in the range (0.0, 1.0]. Got 1 instead.

  warnings.warn(some_fits_failed_message, FitFailedWarning)
/home/ggx/software/anaconda3/lib/python3.10/site-packages/sklearn/model_selection/_search.py:1102: UserWarning: One or more of the test scores are non-finite: [ 0.40961287         nan  0.30011127 -0.67112102  0.02337694         nan
  0.44633478  0.18311774  0.49932396  0.30322237  0.40453538  0.04312545
  0.55962744         nan -0.64913369  0.16903697         nan  0.45993336
         nan  0.48932441]
  warnings.warn(
/home/ggx/software/anaconda3/lib/python3.10/site-packages/sklearn/model_selection/_validation.py:540: FitFailedWarning: 
10 fits failed out of a total of 100.
The score on these train-test partitions for these parameters will be set to nan.
If these failures are not expected, you can try to debug them by setting error_score='raise'.

Below are more details about the failures:
--------------------------------------------------------------------------------
10 fits failed with the following error:
Traceback (most recent call last):
  File "/home/ggx/software/anaconda3/lib/python3.10/site-packages/sklearn/model_selection/_validation.py", line 888, in _fit_and_score
    estimator.fit(X_train, y_train, **fit_params)
  File "/home/ggx/software/anaconda3/lib/python3.10/site-packages/sklearn/base.py", line 1466, in wrapper
    estimator._validate_params()
  File "/home/ggx/software/anaconda3/lib/python3.10/site-packages/sklearn/base.py", line 666, in _validate_params
    validate_parameter_constraints(
  File "/home/ggx/software/anaconda3/lib/python3.10/site-packages/sklearn/utils/_param_validation.py", line 95, in validate_parameter_constraints
    raise InvalidParameterError(
sklearn.utils._param_validation.InvalidParameterError: The 'min_samples_split' parameter of GradientBoostingRegressor must be an int in the range [2, inf) or a float in the range (0.0, 1.0]. Got 1 instead.

  warnings.warn(some_fits_failed_message, FitFailedWarning)
/home/ggx/software/anaconda3/lib/python3.10/site-packages/sklearn/model_selection/_search.py:1102: UserWarning: One or more of the test scores are non-finite: [-0.5201092  -0.84830228  0.3751398  -0.55196182 -0.84830228         nan
  0.47627985  0.30908145         nan  0.38597448 -0.5355405  -0.55196182
 -0.79062072  0.47627985 -0.55224054  0.41764688  0.44854398  0.45457529
 -0.8425025   0.13465952]
  warnings.warn(
/home/ggx/software/anaconda3/lib/python3.10/site-packages/sklearn/model_selection/_validation.py:540: FitFailedWarning: 
20 fits failed out of a total of 100.
The score on these train-test partitions for these parameters will be set to nan.
If these failures are not expected, you can try to debug them by setting error_score='raise'.

Below are more details about the failures:
--------------------------------------------------------------------------------
20 fits failed with the following error:
Traceback (most recent call last):
  File "/home/ggx/software/anaconda3/lib/python3.10/site-packages/sklearn/model_selection/_validation.py", line 888, in _fit_and_score
    estimator.fit(X_train, y_train, **fit_params)
  File "/home/ggx/software/anaconda3/lib/python3.10/site-packages/sklearn/base.py", line 1466, in wrapper
    estimator._validate_params()
  File "/home/ggx/software/anaconda3/lib/python3.10/site-packages/sklearn/base.py", line 666, in _validate_params
    validate_parameter_constraints(
  File "/home/ggx/software/anaconda3/lib/python3.10/site-packages/sklearn/utils/_param_validation.py", line 95, in validate_parameter_constraints
    raise InvalidParameterError(
sklearn.utils._param_validation.InvalidParameterError: The 'min_samples_split' parameter of GradientBoostingRegressor must be an int in the range [2, inf) or a float in the range (0.0, 1.0]. Got 1 instead.

  warnings.warn(some_fits_failed_message, FitFailedWarning)
/home/ggx/software/anaconda3/lib/python3.10/site-packages/sklearn/model_selection/_search.py:1102: UserWarning: One or more of the test scores are non-finite: [       nan 0.4979627  0.77997387        nan 0.28580123 0.25056138
 0.7776522  0.38186792 0.66201966 0.28689452 0.87185117 0.61010829
 0.87255081 0.78038031 0.45609902        nan 0.8415328  0.88351117
 0.77786633        nan]
  warnings.warn(
/home/ggx/software/anaconda3/lib/python3.10/site-packages/sklearn/model_selection/_validation.py:540: FitFailedWarning: 
15 fits failed out of a total of 100.
The score on these train-test partitions for these parameters will be set to nan.
If these failures are not expected, you can try to debug them by setting error_score='raise'.

Below are more details about the failures:
--------------------------------------------------------------------------------
15 fits failed with the following error:
Traceback (most recent call last):
  File "/home/ggx/software/anaconda3/lib/python3.10/site-packages/sklearn/model_selection/_validation.py", line 888, in _fit_and_score
    estimator.fit(X_train, y_train, **fit_params)
  File "/home/ggx/software/anaconda3/lib/python3.10/site-packages/sklearn/base.py", line 1466, in wrapper
    estimator._validate_params()
  File "/home/ggx/software/anaconda3/lib/python3.10/site-packages/sklearn/base.py", line 666, in _validate_params
    validate_parameter_constraints(
  File "/home/ggx/software/anaconda3/lib/python3.10/site-packages/sklearn/utils/_param_validation.py", line 95, in validate_parameter_constraints
    raise InvalidParameterError(
sklearn.utils._param_validation.InvalidParameterError: The 'min_samples_split' parameter of GradientBoostingRegressor must be an int in the range [2, inf) or a float in the range (0.0, 1.0]. Got 1 instead.

  warnings.warn(some_fits_failed_message, FitFailedWarning)
/home/ggx/software/anaconda3/lib/python3.10/site-packages/sklearn/model_selection/_search.py:1102: UserWarning: One or more of the test scores are non-finite: [0.76099112        nan 0.76099112 0.787292   0.08692125 0.46474246
 0.08692125        nan 0.77505236 0.4605643  0.73494626 0.5880286
 0.41604983 0.58144138        nan 0.77693328 0.70569111 0.77024688
 0.58144138 0.60172034]
  warnings.warn(
/home/ggx/software/anaconda3/lib/python3.10/site-packages/sklearn/model_selection/_validation.py:540: FitFailedWarning: 
15 fits failed out of a total of 100.
The score on these train-test partitions for these parameters will be set to nan.
If these failures are not expected, you can try to debug them by setting error_score='raise'.

Below are more details about the failures:
--------------------------------------------------------------------------------
15 fits failed with the following error:
Traceback (most recent call last):
  File "/home/ggx/software/anaconda3/lib/python3.10/site-packages/sklearn/model_selection/_validation.py", line 888, in _fit_and_score
    estimator.fit(X_train, y_train, **fit_params)
  File "/home/ggx/software/anaconda3/lib/python3.10/site-packages/sklearn/base.py", line 1466, in wrapper
    estimator._validate_params()
  File "/home/ggx/software/anaconda3/lib/python3.10/site-packages/sklearn/base.py", line 666, in _validate_params
    validate_parameter_constraints(
  File "/home/ggx/software/anaconda3/lib/python3.10/site-packages/sklearn/utils/_param_validation.py", line 95, in validate_parameter_constraints
    raise InvalidParameterError(
sklearn.utils._param_validation.InvalidParameterError: The 'min_samples_split' parameter of GradientBoostingRegressor must be an int in the range [2, inf) or a float in the range (0.0, 1.0]. Got 1 instead.

  warnings.warn(some_fits_failed_message, FitFailedWarning)
/home/ggx/software/anaconda3/lib/python3.10/site-packages/sklearn/model_selection/_search.py:1102: UserWarning: One or more of the test scores are non-finite: [ 0.47755853  0.57419535 -0.98887325 -0.68446536         nan  0.574605
  0.42371435 -0.69831807  0.51907225         nan -0.67425091  0.36602361
 -0.67358278  0.55044153 -0.48909618         nan -0.68446536  0.58262685
  0.57985575  0.54686393]
  warnings.warn(
/home/ggx/software/anaconda3/lib/python3.10/site-packages/sklearn/model_selection/_validation.py:540: FitFailedWarning: 
10 fits failed out of a total of 100.
The score on these train-test partitions for these parameters will be set to nan.
If these failures are not expected, you can try to debug them by setting error_score='raise'.

Below are more details about the failures:
--------------------------------------------------------------------------------
10 fits failed with the following error:
Traceback (most recent call last):
  File "/home/ggx/software/anaconda3/lib/python3.10/site-packages/sklearn/model_selection/_validation.py", line 888, in _fit_and_score
    estimator.fit(X_train, y_train, **fit_params)
  File "/home/ggx/software/anaconda3/lib/python3.10/site-packages/sklearn/base.py", line 1466, in wrapper
    estimator._validate_params()
  File "/home/ggx/software/anaconda3/lib/python3.10/site-packages/sklearn/base.py", line 666, in _validate_params
    validate_parameter_constraints(
  File "/home/ggx/software/anaconda3/lib/python3.10/site-packages/sklearn/utils/_param_validation.py", line 95, in validate_parameter_constraints
    raise InvalidParameterError(
sklearn.utils._param_validation.InvalidParameterError: The 'min_samples_split' parameter of GradientBoostingRegressor must be an int in the range [2, inf) or a float in the range (0.0, 1.0]. Got 1 instead.

  warnings.warn(some_fits_failed_message, FitFailedWarning)
/home/ggx/software/anaconda3/lib/python3.10/site-packages/sklearn/model_selection/_search.py:1102: UserWarning: One or more of the test scores are non-finite: [0.83384906 0.62295239 0.73006518 0.35938498 0.75921206 0.81023866
 0.67872358 0.83470928 0.71660678 0.35109853        nan 0.8373927
        nan 0.82236034 0.12403732 0.73328816 0.72409611 0.83136351
 0.83296517 0.82686052]
  warnings.warn(
/home/ggx/software/anaconda3/lib/python3.10/site-packages/sklearn/model_selection/_validation.py:540: FitFailedWarning: 
25 fits failed out of a total of 100.
The score on these train-test partitions for these parameters will be set to nan.
If these failures are not expected, you can try to debug them by setting error_score='raise'.

Below are more details about the failures:
--------------------------------------------------------------------------------
25 fits failed with the following error:
Traceback (most recent call last):
  File "/home/ggx/software/anaconda3/lib/python3.10/site-packages/sklearn/model_selection/_validation.py", line 888, in _fit_and_score
    estimator.fit(X_train, y_train, **fit_params)
  File "/home/ggx/software/anaconda3/lib/python3.10/site-packages/sklearn/base.py", line 1466, in wrapper
    estimator._validate_params()
  File "/home/ggx/software/anaconda3/lib/python3.10/site-packages/sklearn/base.py", line 666, in _validate_params
    validate_parameter_constraints(
  File "/home/ggx/software/anaconda3/lib/python3.10/site-packages/sklearn/utils/_param_validation.py", line 95, in validate_parameter_constraints
    raise InvalidParameterError(
sklearn.utils._param_validation.InvalidParameterError: The 'min_samples_split' parameter of GradientBoostingRegressor must be an int in the range [2, inf) or a float in the range (0.0, 1.0]. Got 1 instead.

  warnings.warn(some_fits_failed_message, FitFailedWarning)
/home/ggx/software/anaconda3/lib/python3.10/site-packages/sklearn/model_selection/_search.py:1102: UserWarning: One or more of the test scores are non-finite: [ 0.66305318  0.67009534  0.29066673  0.29079658  0.6705769   0.68330269
 -0.62073802  0.3766454   0.29066673 -0.76854395  0.67332608         nan
  0.66917012         nan  0.6057341   0.67612175         nan  0.12550749
         nan         nan]
  warnings.warn(
/home/ggx/software/anaconda3/lib/python3.10/site-packages/sklearn/model_selection/_validation.py:540: FitFailedWarning: 
5 fits failed out of a total of 100.
The score on these train-test partitions for these parameters will be set to nan.
If these failures are not expected, you can try to debug them by setting error_score='raise'.

Below are more details about the failures:
--------------------------------------------------------------------------------
5 fits failed with the following error:
Traceback (most recent call last):
  File "/home/ggx/software/anaconda3/lib/python3.10/site-packages/sklearn/model_selection/_validation.py", line 888, in _fit_and_score
    estimator.fit(X_train, y_train, **fit_params)
  File "/home/ggx/software/anaconda3/lib/python3.10/site-packages/sklearn/base.py", line 1466, in wrapper
    estimator._validate_params()
  File "/home/ggx/software/anaconda3/lib/python3.10/site-packages/sklearn/base.py", line 666, in _validate_params
    validate_parameter_constraints(
  File "/home/ggx/software/anaconda3/lib/python3.10/site-packages/sklearn/utils/_param_validation.py", line 95, in validate_parameter_constraints
    raise InvalidParameterError(
sklearn.utils._param_validation.InvalidParameterError: The 'min_samples_split' parameter of GradientBoostingRegressor must be an int in the range [2, inf) or a float in the range (0.0, 1.0]. Got 1 instead.

  warnings.warn(some_fits_failed_message, FitFailedWarning)
/home/ggx/software/anaconda3/lib/python3.10/site-packages/sklearn/model_selection/_search.py:1102: UserWarning: One or more of the test scores are non-finite: [0.69335688 0.65403962 0.28625856 0.66284192 0.56105805        nan
 0.66548433 0.6667162  0.70537629 0.66298689 0.64451274 0.55435584
 0.65730416 0.67638502 0.56108923 0.06952149 0.66327017 0.64682038
 0.21907067 0.38398004]
  warnings.warn(
/home/ggx/software/anaconda3/lib/python3.10/site-packages/sklearn/model_selection/_validation.py:540: FitFailedWarning: 
20 fits failed out of a total of 100.
The score on these train-test partitions for these parameters will be set to nan.
If these failures are not expected, you can try to debug them by setting error_score='raise'.

Below are more details about the failures:
--------------------------------------------------------------------------------
20 fits failed with the following error:
Traceback (most recent call last):
  File "/home/ggx/software/anaconda3/lib/python3.10/site-packages/sklearn/model_selection/_validation.py", line 888, in _fit_and_score
    estimator.fit(X_train, y_train, **fit_params)
  File "/home/ggx/software/anaconda3/lib/python3.10/site-packages/sklearn/base.py", line 1466, in wrapper
    estimator._validate_params()
  File "/home/ggx/software/anaconda3/lib/python3.10/site-packages/sklearn/base.py", line 666, in _validate_params
    validate_parameter_constraints(
  File "/home/ggx/software/anaconda3/lib/python3.10/site-packages/sklearn/utils/_param_validation.py", line 95, in validate_parameter_constraints
    raise InvalidParameterError(
sklearn.utils._param_validation.InvalidParameterError: The 'min_samples_split' parameter of GradientBoostingRegressor must be an int in the range [2, inf) or a float in the range (0.0, 1.0]. Got 1 instead.

  warnings.warn(some_fits_failed_message, FitFailedWarning)
/home/ggx/software/anaconda3/lib/python3.10/site-packages/sklearn/model_selection/_search.py:1102: UserWarning: One or more of the test scores are non-finite: [       nan 0.90205115        nan 0.88525726 0.88426267 0.80427272
 0.90393626 0.8951701  0.81988312 0.67122566 0.89642477 0.90192731
 0.90192731 0.85195762 0.67122566 0.89028128        nan        nan
 0.89964095 0.86062945]
  warnings.warn(
/home/ggx/software/anaconda3/lib/python3.10/site-packages/sklearn/model_selection/_validation.py:540: FitFailedWarning: 
25 fits failed out of a total of 100.
The score on these train-test partitions for these parameters will be set to nan.
If these failures are not expected, you can try to debug them by setting error_score='raise'.

Below are more details about the failures:
--------------------------------------------------------------------------------
25 fits failed with the following error:
Traceback (most recent call last):
  File "/home/ggx/software/anaconda3/lib/python3.10/site-packages/sklearn/model_selection/_validation.py", line 888, in _fit_and_score
    estimator.fit(X_train, y_train, **fit_params)
  File "/home/ggx/software/anaconda3/lib/python3.10/site-packages/sklearn/base.py", line 1466, in wrapper
    estimator._validate_params()
  File "/home/ggx/software/anaconda3/lib/python3.10/site-packages/sklearn/base.py", line 666, in _validate_params
    validate_parameter_constraints(
  File "/home/ggx/software/anaconda3/lib/python3.10/site-packages/sklearn/utils/_param_validation.py", line 95, in validate_parameter_constraints
    raise InvalidParameterError(
sklearn.utils._param_validation.InvalidParameterError: The 'min_samples_split' parameter of GradientBoostingRegressor must be an int in the range [2, inf) or a float in the range (0.0, 1.0]. Got 1 instead.

  warnings.warn(some_fits_failed_message, FitFailedWarning)
/home/ggx/software/anaconda3/lib/python3.10/site-packages/sklearn/model_selection/_search.py:1102: UserWarning: One or more of the test scores are non-finite: [-3.37275765         nan -3.56846499 -0.33646462 -1.28194516         nan
 -0.66555402 -2.00466065 -0.29802617         nan -3.65723775 -4.69846835
 -0.38323375 -1.27953155 -0.49804091 -1.74240218 -0.66299374         nan
         nan -0.31240377]
  warnings.warn(
/home/ggx/software/anaconda3/lib/python3.10/site-packages/sklearn/model_selection/_validation.py:540: FitFailedWarning: 
10 fits failed out of a total of 100.
The score on these train-test partitions for these parameters will be set to nan.
If these failures are not expected, you can try to debug them by setting error_score='raise'.

Below are more details about the failures:
--------------------------------------------------------------------------------
10 fits failed with the following error:
Traceback (most recent call last):
  File "/home/ggx/software/anaconda3/lib/python3.10/site-packages/sklearn/model_selection/_validation.py", line 888, in _fit_and_score
    estimator.fit(X_train, y_train, **fit_params)
  File "/home/ggx/software/anaconda3/lib/python3.10/site-packages/sklearn/base.py", line 1466, in wrapper
    estimator._validate_params()
  File "/home/ggx/software/anaconda3/lib/python3.10/site-packages/sklearn/base.py", line 666, in _validate_params
    validate_parameter_constraints(
  File "/home/ggx/software/anaconda3/lib/python3.10/site-packages/sklearn/utils/_param_validation.py", line 95, in validate_parameter_constraints
    raise InvalidParameterError(
sklearn.utils._param_validation.InvalidParameterError: The 'min_samples_split' parameter of GradientBoostingRegressor must be an int in the range [2, inf) or a float in the range (0.0, 1.0]. Got 1 instead.

  warnings.warn(some_fits_failed_message, FitFailedWarning)
/home/ggx/software/anaconda3/lib/python3.10/site-packages/sklearn/model_selection/_search.py:1102: UserWarning: One or more of the test scores are non-finite: [ 0.58668852         nan  0.58818338  0.59146217  0.12895273  0.22476487
 -0.8674067   0.7954054          nan  0.81073823  0.57074248 -1.0167723
  0.01372067  0.83748711  0.57774244  0.86918222  0.81332705  0.85184921
  0.80324663 -0.78402814]
  warnings.warn(
/home/ggx/software/anaconda3/lib/python3.10/site-packages/sklearn/model_selection/_validation.py:540: FitFailedWarning: 
20 fits failed out of a total of 100.
The score on these train-test partitions for these parameters will be set to nan.
If these failures are not expected, you can try to debug them by setting error_score='raise'.

Below are more details about the failures:
--------------------------------------------------------------------------------
20 fits failed with the following error:
Traceback (most recent call last):
  File "/home/ggx/software/anaconda3/lib/python3.10/site-packages/sklearn/model_selection/_validation.py", line 888, in _fit_and_score
    estimator.fit(X_train, y_train, **fit_params)
  File "/home/ggx/software/anaconda3/lib/python3.10/site-packages/sklearn/base.py", line 1466, in wrapper
    estimator._validate_params()
  File "/home/ggx/software/anaconda3/lib/python3.10/site-packages/sklearn/base.py", line 666, in _validate_params
    validate_parameter_constraints(
  File "/home/ggx/software/anaconda3/lib/python3.10/site-packages/sklearn/utils/_param_validation.py", line 95, in validate_parameter_constraints
    raise InvalidParameterError(
sklearn.utils._param_validation.InvalidParameterError: The 'min_samples_split' parameter of GradientBoostingRegressor must be an int in the range [2, inf) or a float in the range (0.0, 1.0]. Got 1 instead.

  warnings.warn(some_fits_failed_message, FitFailedWarning)
/home/ggx/software/anaconda3/lib/python3.10/site-packages/sklearn/model_selection/_search.py:1102: UserWarning: One or more of the test scores are non-finite: [0.74260698        nan 0.59307726 0.68681779 0.69567047 0.74482369
 0.68687966 0.69125947 0.45846801        nan 0.68393078 0.2211693
        nan 0.72994327        nan 0.66452626 0.45846801 0.71449439
 0.67108184 0.72735009]
  warnings.warn(
/home/ggx/software/anaconda3/lib/python3.10/site-packages/sklearn/model_selection/_validation.py:540: FitFailedWarning: 
30 fits failed out of a total of 100.
The score on these train-test partitions for these parameters will be set to nan.
If these failures are not expected, you can try to debug them by setting error_score='raise'.

Below are more details about the failures:
--------------------------------------------------------------------------------
30 fits failed with the following error:
Traceback (most recent call last):
  File "/home/ggx/software/anaconda3/lib/python3.10/site-packages/sklearn/model_selection/_validation.py", line 888, in _fit_and_score
    estimator.fit(X_train, y_train, **fit_params)
  File "/home/ggx/software/anaconda3/lib/python3.10/site-packages/sklearn/base.py", line 1466, in wrapper
    estimator._validate_params()
  File "/home/ggx/software/anaconda3/lib/python3.10/site-packages/sklearn/base.py", line 666, in _validate_params
    validate_parameter_constraints(
  File "/home/ggx/software/anaconda3/lib/python3.10/site-packages/sklearn/utils/_param_validation.py", line 95, in validate_parameter_constraints
    raise InvalidParameterError(
sklearn.utils._param_validation.InvalidParameterError: The 'min_samples_split' parameter of GradientBoostingRegressor must be an int in the range [2, inf) or a float in the range (0.0, 1.0]. Got 1 instead.

  warnings.warn(some_fits_failed_message, FitFailedWarning)
/home/ggx/software/anaconda3/lib/python3.10/site-packages/sklearn/model_selection/_search.py:1102: UserWarning: One or more of the test scores are non-finite: [        nan  0.5325884   0.60136406  0.53866515  0.31508693  0.52596156
         nan  0.6026414   0.64905675         nan -0.37730706         nan
 -1.3585642  -0.16869186         nan  0.5325884   0.58694059  0.46720075
  0.64497853         nan]
  warnings.warn(
/home/ggx/software/anaconda3/lib/python3.10/site-packages/sklearn/model_selection/_validation.py:540: FitFailedWarning: 
15 fits failed out of a total of 100.
The score on these train-test partitions for these parameters will be set to nan.
If these failures are not expected, you can try to debug them by setting error_score='raise'.

Below are more details about the failures:
--------------------------------------------------------------------------------
15 fits failed with the following error:
Traceback (most recent call last):
  File "/home/ggx/software/anaconda3/lib/python3.10/site-packages/sklearn/model_selection/_validation.py", line 888, in _fit_and_score
    estimator.fit(X_train, y_train, **fit_params)
  File "/home/ggx/software/anaconda3/lib/python3.10/site-packages/sklearn/base.py", line 1466, in wrapper
    estimator._validate_params()
  File "/home/ggx/software/anaconda3/lib/python3.10/site-packages/sklearn/base.py", line 666, in _validate_params
    validate_parameter_constraints(
  File "/home/ggx/software/anaconda3/lib/python3.10/site-packages/sklearn/utils/_param_validation.py", line 95, in validate_parameter_constraints
    raise InvalidParameterError(
sklearn.utils._param_validation.InvalidParameterError: The 'min_samples_split' parameter of GradientBoostingRegressor must be an int in the range [2, inf) or a float in the range (0.0, 1.0]. Got 1 instead.

  warnings.warn(some_fits_failed_message, FitFailedWarning)
/home/ggx/software/anaconda3/lib/python3.10/site-packages/sklearn/model_selection/_search.py:1102: UserWarning: One or more of the test scores are non-finite: [0.00186442 0.43190131 0.43435597        nan 0.26540768        nan
 0.23340246 0.33061452 0.41517181 0.406711   0.42199957 0.40587161
 0.40450221 0.53920165 0.41997408 0.43588158        nan 0.53920165
 0.45338216 0.29374859]
  warnings.warn(
/home/ggx/software/anaconda3/lib/python3.10/site-packages/sklearn/model_selection/_validation.py:540: FitFailedWarning: 
15 fits failed out of a total of 100.
The score on these train-test partitions for these parameters will be set to nan.
If these failures are not expected, you can try to debug them by setting error_score='raise'.

Below are more details about the failures:
--------------------------------------------------------------------------------
15 fits failed with the following error:
Traceback (most recent call last):
  File "/home/ggx/software/anaconda3/lib/python3.10/site-packages/sklearn/model_selection/_validation.py", line 888, in _fit_and_score
    estimator.fit(X_train, y_train, **fit_params)
  File "/home/ggx/software/anaconda3/lib/python3.10/site-packages/sklearn/base.py", line 1466, in wrapper
    estimator._validate_params()
  File "/home/ggx/software/anaconda3/lib/python3.10/site-packages/sklearn/base.py", line 666, in _validate_params
    validate_parameter_constraints(
  File "/home/ggx/software/anaconda3/lib/python3.10/site-packages/sklearn/utils/_param_validation.py", line 95, in validate_parameter_constraints
    raise InvalidParameterError(
sklearn.utils._param_validation.InvalidParameterError: The 'min_samples_split' parameter of GradientBoostingRegressor must be an int in the range [2, inf) or a float in the range (0.0, 1.0]. Got 1 instead.

  warnings.warn(some_fits_failed_message, FitFailedWarning)
/home/ggx/software/anaconda3/lib/python3.10/site-packages/sklearn/model_selection/_search.py:1102: UserWarning: One or more of the test scores are non-finite: [0.51582423 0.66702404        nan 0.23920828 0.71540629 0.70117997
 0.47836987        nan 0.70033907 0.23920828 0.48160212 0.72182588
 0.67751741 0.72166604 0.71010661 0.65492146 0.60304529        nan
 0.52454754 0.59644749]
  warnings.warn(
/home/ggx/software/anaconda3/lib/python3.10/site-packages/sklearn/model_selection/_validation.py:540: FitFailedWarning: 
20 fits failed out of a total of 100.
The score on these train-test partitions for these parameters will be set to nan.
If these failures are not expected, you can try to debug them by setting error_score='raise'.

Below are more details about the failures:
--------------------------------------------------------------------------------
20 fits failed with the following error:
Traceback (most recent call last):
  File "/home/ggx/software/anaconda3/lib/python3.10/site-packages/sklearn/model_selection/_validation.py", line 888, in _fit_and_score
    estimator.fit(X_train, y_train, **fit_params)
  File "/home/ggx/software/anaconda3/lib/python3.10/site-packages/sklearn/base.py", line 1466, in wrapper
    estimator._validate_params()
  File "/home/ggx/software/anaconda3/lib/python3.10/site-packages/sklearn/base.py", line 666, in _validate_params
    validate_parameter_constraints(
  File "/home/ggx/software/anaconda3/lib/python3.10/site-packages/sklearn/utils/_param_validation.py", line 95, in validate_parameter_constraints
    raise InvalidParameterError(
sklearn.utils._param_validation.InvalidParameterError: The 'min_samples_split' parameter of GradientBoostingRegressor must be an int in the range [2, inf) or a float in the range (0.0, 1.0]. Got 1 instead.

  warnings.warn(some_fits_failed_message, FitFailedWarning)
/home/ggx/software/anaconda3/lib/python3.10/site-packages/sklearn/model_selection/_search.py:1102: UserWarning: One or more of the test scores are non-finite: [-0.82202462  0.44367663 -0.32406977 -0.74034912         nan  0.05712608
  0.51327977 -0.29396995         nan  0.43132656  0.49583453  0.24119987
  0.50899196         nan -0.74204937  0.53686123         nan  0.44829267
  0.53537957  0.4326354 ]
  warnings.warn(
/home/ggx/software/anaconda3/lib/python3.10/site-packages/sklearn/model_selection/_validation.py:540: FitFailedWarning: 
15 fits failed out of a total of 100.
The score on these train-test partitions for these parameters will be set to nan.
If these failures are not expected, you can try to debug them by setting error_score='raise'.

Below are more details about the failures:
--------------------------------------------------------------------------------
15 fits failed with the following error:
Traceback (most recent call last):
  File "/home/ggx/software/anaconda3/lib/python3.10/site-packages/sklearn/model_selection/_validation.py", line 888, in _fit_and_score
    estimator.fit(X_train, y_train, **fit_params)
  File "/home/ggx/software/anaconda3/lib/python3.10/site-packages/sklearn/base.py", line 1466, in wrapper
    estimator._validate_params()
  File "/home/ggx/software/anaconda3/lib/python3.10/site-packages/sklearn/base.py", line 666, in _validate_params
    validate_parameter_constraints(
  File "/home/ggx/software/anaconda3/lib/python3.10/site-packages/sklearn/utils/_param_validation.py", line 95, in validate_parameter_constraints
    raise InvalidParameterError(
sklearn.utils._param_validation.InvalidParameterError: The 'min_samples_split' parameter of GradientBoostingRegressor must be an int in the range [2, inf) or a float in the range (0.0, 1.0]. Got 1 instead.

  warnings.warn(some_fits_failed_message, FitFailedWarning)
/home/ggx/software/anaconda3/lib/python3.10/site-packages/sklearn/model_selection/_search.py:1102: UserWarning: One or more of the test scores are non-finite: [-0.06677763 -0.36420252 -0.29666047 -0.30925744 -0.29078533 -0.15046976
         nan -0.15685361 -1.26233909 -0.21115066  0.11438472 -0.2736762
         nan -0.47976849         nan -0.28947342 -0.21115066 -1.31769232
 -1.06741685 -0.15046976]
  warnings.warn(
/home/ggx/software/anaconda3/lib/python3.10/site-packages/sklearn/model_selection/_validation.py:540: FitFailedWarning: 
20 fits failed out of a total of 100.
The score on these train-test partitions for these parameters will be set to nan.
If these failures are not expected, you can try to debug them by setting error_score='raise'.

Below are more details about the failures:
--------------------------------------------------------------------------------
20 fits failed with the following error:
Traceback (most recent call last):
  File "/home/ggx/software/anaconda3/lib/python3.10/site-packages/sklearn/model_selection/_validation.py", line 888, in _fit_and_score
    estimator.fit(X_train, y_train, **fit_params)
  File "/home/ggx/software/anaconda3/lib/python3.10/site-packages/sklearn/base.py", line 1466, in wrapper
    estimator._validate_params()
  File "/home/ggx/software/anaconda3/lib/python3.10/site-packages/sklearn/base.py", line 666, in _validate_params
    validate_parameter_constraints(
  File "/home/ggx/software/anaconda3/lib/python3.10/site-packages/sklearn/utils/_param_validation.py", line 95, in validate_parameter_constraints
    raise InvalidParameterError(
sklearn.utils._param_validation.InvalidParameterError: The 'min_samples_split' parameter of GradientBoostingRegressor must be an int in the range [2, inf) or a float in the range (0.0, 1.0]. Got 1 instead.

  warnings.warn(some_fits_failed_message, FitFailedWarning)
/home/ggx/software/anaconda3/lib/python3.10/site-packages/sklearn/model_selection/_search.py:1102: UserWarning: One or more of the test scores are non-finite: [       nan 0.29772289 0.42405325 0.48406655 0.51210911 0.44985128
        nan 0.49081971 0.36506767 0.51218706 0.29840214        nan
 0.34697988 0.32974486 0.34367291 0.34090491 0.49031131 0.49523725
        nan 0.68431346]
  warnings.warn(
/home/ggx/software/anaconda3/lib/python3.10/site-packages/sklearn/model_selection/_validation.py:540: FitFailedWarning: 
35 fits failed out of a total of 100.
The score on these train-test partitions for these parameters will be set to nan.
If these failures are not expected, you can try to debug them by setting error_score='raise'.

Below are more details about the failures:
--------------------------------------------------------------------------------
35 fits failed with the following error:
Traceback (most recent call last):
  File "/home/ggx/software/anaconda3/lib/python3.10/site-packages/sklearn/model_selection/_validation.py", line 888, in _fit_and_score
    estimator.fit(X_train, y_train, **fit_params)
  File "/home/ggx/software/anaconda3/lib/python3.10/site-packages/sklearn/base.py", line 1466, in wrapper
    estimator._validate_params()
  File "/home/ggx/software/anaconda3/lib/python3.10/site-packages/sklearn/base.py", line 666, in _validate_params
    validate_parameter_constraints(
  File "/home/ggx/software/anaconda3/lib/python3.10/site-packages/sklearn/utils/_param_validation.py", line 95, in validate_parameter_constraints
    raise InvalidParameterError(
sklearn.utils._param_validation.InvalidParameterError: The 'min_samples_split' parameter of GradientBoostingRegressor must be an int in the range [2, inf) or a float in the range (0.0, 1.0]. Got 1 instead.

  warnings.warn(some_fits_failed_message, FitFailedWarning)
/home/ggx/software/anaconda3/lib/python3.10/site-packages/sklearn/model_selection/_search.py:1102: UserWarning: One or more of the test scores are non-finite: [ 0.7677764   0.71260494         nan  0.77915332         nan  0.68949531
  0.7591539   0.23054522 -0.0940542   0.16471939         nan  0.1589465
         nan         nan  0.73498477  0.77227885  0.68949531         nan
         nan  0.69365249]
  warnings.warn(
/home/ggx/software/anaconda3/lib/python3.10/site-packages/sklearn/model_selection/_validation.py:540: FitFailedWarning: 
10 fits failed out of a total of 100.
The score on these train-test partitions for these parameters will be set to nan.
If these failures are not expected, you can try to debug them by setting error_score='raise'.

Below are more details about the failures:
--------------------------------------------------------------------------------
10 fits failed with the following error:
Traceback (most recent call last):
  File "/home/ggx/software/anaconda3/lib/python3.10/site-packages/sklearn/model_selection/_validation.py", line 888, in _fit_and_score
    estimator.fit(X_train, y_train, **fit_params)
  File "/home/ggx/software/anaconda3/lib/python3.10/site-packages/sklearn/base.py", line 1466, in wrapper
    estimator._validate_params()
  File "/home/ggx/software/anaconda3/lib/python3.10/site-packages/sklearn/base.py", line 666, in _validate_params
    validate_parameter_constraints(
  File "/home/ggx/software/anaconda3/lib/python3.10/site-packages/sklearn/utils/_param_validation.py", line 95, in validate_parameter_constraints
    raise InvalidParameterError(
sklearn.utils._param_validation.InvalidParameterError: The 'min_samples_split' parameter of GradientBoostingRegressor must be an int in the range [2, inf) or a float in the range (0.0, 1.0]. Got 1 instead.

  warnings.warn(some_fits_failed_message, FitFailedWarning)
/home/ggx/software/anaconda3/lib/python3.10/site-packages/sklearn/model_selection/_search.py:1102: UserWarning: One or more of the test scores are non-finite: [0.94057864 0.94548784 0.79797035 0.72102032 0.947402   0.78368876
 0.93821565 0.79825922        nan 0.88771996 0.72447302 0.47339098
 0.92131944 0.80377558 0.48730762 0.92275473 0.78368876        nan
 0.57113357 0.94299366]
  warnings.warn(
/home/ggx/software/anaconda3/lib/python3.10/site-packages/sklearn/model_selection/_validation.py:540: FitFailedWarning: 
15 fits failed out of a total of 100.
The score on these train-test partitions for these parameters will be set to nan.
If these failures are not expected, you can try to debug them by setting error_score='raise'.

Below are more details about the failures:
--------------------------------------------------------------------------------
15 fits failed with the following error:
Traceback (most recent call last):
  File "/home/ggx/software/anaconda3/lib/python3.10/site-packages/sklearn/model_selection/_validation.py", line 888, in _fit_and_score
    estimator.fit(X_train, y_train, **fit_params)
  File "/home/ggx/software/anaconda3/lib/python3.10/site-packages/sklearn/base.py", line 1466, in wrapper
    estimator._validate_params()
  File "/home/ggx/software/anaconda3/lib/python3.10/site-packages/sklearn/base.py", line 666, in _validate_params
    validate_parameter_constraints(
  File "/home/ggx/software/anaconda3/lib/python3.10/site-packages/sklearn/utils/_param_validation.py", line 95, in validate_parameter_constraints
    raise InvalidParameterError(
sklearn.utils._param_validation.InvalidParameterError: The 'min_samples_split' parameter of GradientBoostingRegressor must be an int in the range [2, inf) or a float in the range (0.0, 1.0]. Got 1 instead.

  warnings.warn(some_fits_failed_message, FitFailedWarning)
/home/ggx/software/anaconda3/lib/python3.10/site-packages/sklearn/model_selection/_search.py:1102: UserWarning: One or more of the test scores are non-finite: [-0.01984553 -0.34200824 -0.85643666         nan -0.30653706  0.09281021
 -0.29862833 -5.86072644 -0.78400395 -0.10402188 -0.12169439 -0.74235221
 -0.1096421          nan -1.74620429 -0.1176774          nan  0.16223356
 -0.14585445 -0.12214786]
  warnings.warn(
/home/ggx/software/anaconda3/lib/python3.10/site-packages/sklearn/model_selection/_validation.py:540: FitFailedWarning: 
20 fits failed out of a total of 100.
The score on these train-test partitions for these parameters will be set to nan.
If these failures are not expected, you can try to debug them by setting error_score='raise'.

Below are more details about the failures:
--------------------------------------------------------------------------------
20 fits failed with the following error:
Traceback (most recent call last):
  File "/home/ggx/software/anaconda3/lib/python3.10/site-packages/sklearn/model_selection/_validation.py", line 888, in _fit_and_score
    estimator.fit(X_train, y_train, **fit_params)
  File "/home/ggx/software/anaconda3/lib/python3.10/site-packages/sklearn/base.py", line 1466, in wrapper
    estimator._validate_params()
  File "/home/ggx/software/anaconda3/lib/python3.10/site-packages/sklearn/base.py", line 666, in _validate_params
    validate_parameter_constraints(
  File "/home/ggx/software/anaconda3/lib/python3.10/site-packages/sklearn/utils/_param_validation.py", line 95, in validate_parameter_constraints
    raise InvalidParameterError(
sklearn.utils._param_validation.InvalidParameterError: The 'min_samples_split' parameter of GradientBoostingRegressor must be an int in the range [2, inf) or a float in the range (0.0, 1.0]. Got 1 instead.

  warnings.warn(some_fits_failed_message, FitFailedWarning)
/home/ggx/software/anaconda3/lib/python3.10/site-packages/sklearn/model_selection/_search.py:1102: UserWarning: One or more of the test scores are non-finite: [        nan -1.08724715 -1.07680432  0.64830072  0.51951719  0.4259491
         nan  0.64987452  0.65656764 -0.17319982         nan -0.23256826
  0.60164384  0.66687046         nan  0.65135123  0.61181427 -0.17889626
 -0.85249725 -0.85249725]
  warnings.warn(
/home/ggx/software/anaconda3/lib/python3.10/site-packages/sklearn/model_selection/_validation.py:540: FitFailedWarning: 
20 fits failed out of a total of 100.
The score on these train-test partitions for these parameters will be set to nan.
If these failures are not expected, you can try to debug them by setting error_score='raise'.

Below are more details about the failures:
--------------------------------------------------------------------------------
20 fits failed with the following error:
Traceback (most recent call last):
  File "/home/ggx/software/anaconda3/lib/python3.10/site-packages/sklearn/model_selection/_validation.py", line 888, in _fit_and_score
    estimator.fit(X_train, y_train, **fit_params)
  File "/home/ggx/software/anaconda3/lib/python3.10/site-packages/sklearn/base.py", line 1466, in wrapper
    estimator._validate_params()
  File "/home/ggx/software/anaconda3/lib/python3.10/site-packages/sklearn/base.py", line 666, in _validate_params
    validate_parameter_constraints(
  File "/home/ggx/software/anaconda3/lib/python3.10/site-packages/sklearn/utils/_param_validation.py", line 95, in validate_parameter_constraints
    raise InvalidParameterError(
sklearn.utils._param_validation.InvalidParameterError: The 'min_samples_split' parameter of GradientBoostingRegressor must be an int in the range [2, inf) or a float in the range (0.0, 1.0]. Got 1 instead.

  warnings.warn(some_fits_failed_message, FitFailedWarning)
/home/ggx/software/anaconda3/lib/python3.10/site-packages/sklearn/model_selection/_search.py:1102: UserWarning: One or more of the test scores are non-finite: [ 0.7755214   0.7270425   0.61319385  0.7771345  -0.0715498  -1.02043023
  0.71102796  0.74948156  0.65573794  0.7569326  -1.00894596         nan
 -0.76708288 -0.81869314         nan -0.81061495         nan  0.25805168
 -1.00894596         nan]
  warnings.warn(
{'n_estimators': 200, 'min_weight_fraction_leaf': 0.06, 'min_samples_split': 12, 'min_samples_leaf': 2, 'min_impurity_decrease': 0.008, 'max_features': 1, 'max_depth': 7, 'learning_rate': 0.02, 'alpha': 0.8}
Train R²: 0.9796, Test R²: 0.9255

Using random_state=28 for training

Best parameter combination:
{'n_estimators': 250, 'min_weight_fraction_leaf': 0, 'min_samples_split': 12, 'min_samples_leaf': 1, 'min_impurity_decrease': 0.008, 'max_features': 2, 'max_depth': 6, 'learning_rate': 0.06, 'alpha': 0.2}
Train R²: 0.9885, Test R²: 0.9504

Using random_state=29 for training

Best parameter combination:
{'n_estimators': 450, 'min_weight_fraction_leaf': 0.06, 'min_samples_split': 8, 'min_samples_leaf': 2, 'min_impurity_decrease': 0.01, 'max_features': 1, 'max_depth': 2, 'learning_rate': 0.5, 'alpha': 0.8}
Train R²: 0.9848, Test R²: 0.9559

Using random_state=30 for training

Best parameter combination:
{'n_estimators': 350, 'min_weight_fraction_leaf': 0, 'min_samples_split': 4, 'min_samples_leaf': 1, 'min_impurity_decrease': 0.008, 'max_features': 12, 'max_depth': 4, 'learning_rate': 0.06, 'alpha': 0.92}
Train R²: 0.9869, Test R²: 0.9305

Using random_state=31 for training

Best parameter combination:
{'n_estimators': 150, 'min_weight_fraction_leaf': 0.06, 'min_samples_split': 10, 'min_samples_leaf': 1, 'min_impurity_decrease': 0.01, 'max_features': 1, 'max_depth': 9, 'learning_rate': 0.02, 'alpha': 0.7}
Train R²: 0.9766, Test R²: 0.8503

Using random_state=32 for training

Best parameter combination:
{'n_estimators': 100, 'min_weight_fraction_leaf': 0, 'min_samples_split': 10, 'min_samples_leaf': 2, 'min_impurity_decrease': 0.008, 'max_features': 3, 'max_depth': 3, 'learning_rate': 0.06, 'alpha': 0.9}
Train R²: 0.9804, Test R²: 0.9096

Using random_state=33 for training

Best parameter combination:
{'n_estimators': 50, 'min_weight_fraction_leaf': 0, 'min_samples_split': 10, 'min_samples_leaf': 1, 'min_impurity_decrease': 0.008, 'max_features': 3, 'max_depth': 2, 'learning_rate': 0.5, 'alpha': 0.9}
Train R²: 0.9828, Test R²: 0.9212

Using random_state=34 for training

Best parameter combination:
{'n_estimators': 200, 'min_weight_fraction_leaf': 0.04, 'min_samples_split': 12, 'min_samples_leaf': 1, 'min_impurity_decrease': 0.01, 'max_features': 4, 'max_depth': 9, 'learning_rate': 0.02, 'alpha': 0.9}
Train R²: 0.9862, Test R²: 0.9480

Using random_state=35 for training

Best parameter combination:
{'n_estimators': 350, 'min_weight_fraction_leaf': 0, 'min_samples_split': 10, 'min_samples_leaf': 1, 'min_impurity_decrease': 0.01, 'max_features': 1, 'max_depth': 3, 'learning_rate': 0.5, 'alpha': 0.7}
Train R²: 0.9827, Test R²: 0.9454

Using random_state=36 for training

Best parameter combination:
{'n_estimators': 350, 'min_weight_fraction_leaf': 0.06, 'min_samples_split': 12, 'min_samples_leaf': 2, 'min_impurity_decrease': 0.01, 'max_features': 1, 'max_depth': 8, 'learning_rate': 0.06, 'alpha': 0.7}
Train R²: 0.9843, Test R²: 0.9024

Using random_state=37 for training

Best parameter combination:
{'n_estimators': 400, 'min_weight_fraction_leaf': 0.02, 'min_samples_split': 8, 'min_samples_leaf': 2, 'min_impurity_decrease': 0.008, 'max_features': 12, 'max_depth': 6, 'learning_rate': 0.02, 'alpha': 0.7}
Train R²: 0.9706, Test R²: 0.9621

Using random_state=38 for training

Best parameter combination:
{'n_estimators': 200, 'min_weight_fraction_leaf': 0.06, 'min_samples_split': 10, 'min_samples_leaf': 1, 'min_impurity_decrease': 0.008, 'max_features': 1, 'max_depth': 3, 'learning_rate': 0.02, 'alpha': 0.6}
Train R²: 0.9818, Test R²: 0.9521

Using random_state=39 for training

Best parameter combination:
{'n_estimators': 350, 'min_weight_fraction_leaf': 0.02, 'min_samples_split': 8, 'min_samples_leaf': 1, 'min_impurity_decrease': 0.01, 'max_features': 1, 'max_depth': 2, 'learning_rate': 0.02, 'alpha': 0.9}
Train R²: 0.9916, Test R²: 0.3749

Using random_state=40 for training

Best parameter combination:
{'n_estimators': 100, 'min_weight_fraction_leaf': 0.08, 'min_samples_split': 10, 'min_samples_leaf': 1, 'min_impurity_decrease': 0.01, 'max_features': 1, 'max_depth': 2, 'learning_rate': 0.5, 'alpha': 0.92}
Train R²: 0.9828, Test R²: 0.9206

Using random_state=41 for training

Best parameter combination:
{'n_estimators': 400, 'min_weight_fraction_leaf': 0.02, 'min_samples_split': 4, 'min_samples_leaf': 1, 'min_impurity_decrease': 0.01, 'max_features': 2, 'max_depth': 6, 'learning_rate': 0.8, 'alpha': 0.1}
Train R²: 0.9921, Test R²: 0.9016

Using random_state=42 for training

Best parameter combination:
{'n_estimators': 200, 'min_weight_fraction_leaf': 0.08, 'min_samples_split': 2, 'min_samples_leaf': 2, 'min_impurity_decrease': 0.01, 'max_features': 3, 'max_depth': 5, 'learning_rate': 0.06, 'alpha': 0.1}
Train R²: 0.9817, Test R²: 0.9215

Using random_state=43 for training

Best parameter combination:
{'n_estimators': 300, 'min_weight_fraction_leaf': 0.04, 'min_samples_split': 12, 'min_samples_leaf': 1, 'min_impurity_decrease': 0.008, 'max_features': 1, 'max_depth': 2, 'learning_rate': 0.5, 'alpha': 0.9}
Train R²: 0.9858, Test R²: 0.9020

Using random_state=44 for training

Best parameter combination:
{'n_estimators': 300, 'min_weight_fraction_leaf': 0.06, 'min_samples_split': 8, 'min_samples_leaf': 1, 'min_impurity_decrease': 0.008, 'max_features': 6, 'max_depth': 9, 'learning_rate': 0.8, 'alpha': 0.9}
Train R²: 0.9854, Test R²: 0.9369

Using random_state=45 for training

Best parameter combination:
{'n_estimators': 300, 'min_weight_fraction_leaf': 0.06, 'min_samples_split': 12, 'min_samples_leaf': 1, 'min_impurity_decrease': 0.008, 'max_features': 4, 'max_depth': 8, 'learning_rate': 0.06, 'alpha': 0.5}
Train R²: 0.9773, Test R²: 0.9727

Using random_state=46 for training

Best parameter combination:
{'n_estimators': 450, 'min_weight_fraction_leaf': 0.04, 'min_samples_split': 6, 'min_samples_leaf': 1, 'min_impurity_decrease': 0.01, 'max_features': 4, 'max_depth': 6, 'learning_rate': 0.02, 'alpha': 0.1}
Train R²: 0.9868, Test R²: 0.9357

Using random_state=47 for training

Best parameter combination:
{'n_estimators': 50, 'min_weight_fraction_leaf': 0.02, 'min_samples_split': 2, 'min_samples_leaf': 7, 'min_impurity_decrease': 0.01, 'max_features': 12, 'max_depth': 8, 'learning_rate': 0.5, 'alpha': 0.6}
Train R²: 0.9051, Test R²: 0.8926

Using random_state=48 for training

Best parameter combination:
{'n_estimators': 350, 'min_weight_fraction_leaf': 0.02, 'min_samples_split': 12, 'min_samples_leaf': 2, 'min_impurity_decrease': 0.008, 'max_features': 1, 'max_depth': 5, 'learning_rate': 0.8, 'alpha': 0.5}
Train R²: 0.9702, Test R²: 0.9290

Using random_state=49 for training

Best parameter combination:
{'n_estimators': 150, 'min_weight_fraction_leaf': 0.08, 'min_samples_split': 6, 'min_samples_leaf': 1, 'min_impurity_decrease': 0.008, 'max_features': 12, 'max_depth': 9, 'learning_rate': 0.02, 'alpha': 0.7}
Train R²: 0.9859, Test R²: 0.9413

Using random_state=50 for training

Best parameter combination:
{'n_estimators': 450, 'min_weight_fraction_leaf': 0.04, 'min_samples_split': 12, 'min_samples_leaf': 1, 'min_impurity_decrease': 0.01, 'max_features': 2, 'max_depth': 2, 'learning_rate': 0.02, 'alpha': 0.6}
Train R²: 0.9873, Test R²: 0.8783

Using random_state=51 for training

Best parameter combination:
{'n_estimators': 400, 'min_weight_fraction_leaf': 0.08, 'min_samples_split': 8, 'min_samples_leaf': 5, 'min_impurity_decrease': 0.008, 'max_features': 2, 'max_depth': 4, 'learning_rate': 0.5, 'alpha': 0.5}
Train R²: 0.9530, Test R²: 0.9130

Using random_state=52 for training

Best parameter combination:
{'n_estimators': 400, 'min_weight_fraction_leaf': 0, 'min_samples_split': 2, 'min_samples_leaf': 2, 'min_impurity_decrease': 0.01, 'max_features': 6, 'max_depth': 9, 'learning_rate': 0.06, 'alpha': 0.9}
Train R²: 0.9667, Test R²: 0.7465

Using random_state=53 for training

Best parameter combination:
{'n_estimators': 200, 'min_weight_fraction_leaf': 0.02, 'min_samples_split': 12, 'min_samples_leaf': 1, 'min_impurity_decrease': 0.01, 'max_features': 1, 'max_depth': 2, 'learning_rate': 0.5, 'alpha': 0.92}
/home/ggx/software/anaconda3/lib/python3.10/site-packages/sklearn/model_selection/_validation.py:540: FitFailedWarning: 
30 fits failed out of a total of 100.
The score on these train-test partitions for these parameters will be set to nan.
If these failures are not expected, you can try to debug them by setting error_score='raise'.

Below are more details about the failures:
--------------------------------------------------------------------------------
30 fits failed with the following error:
Traceback (most recent call last):
  File "/home/ggx/software/anaconda3/lib/python3.10/site-packages/sklearn/model_selection/_validation.py", line 888, in _fit_and_score
    estimator.fit(X_train, y_train, **fit_params)
  File "/home/ggx/software/anaconda3/lib/python3.10/site-packages/sklearn/base.py", line 1466, in wrapper
    estimator._validate_params()
  File "/home/ggx/software/anaconda3/lib/python3.10/site-packages/sklearn/base.py", line 666, in _validate_params
    validate_parameter_constraints(
  File "/home/ggx/software/anaconda3/lib/python3.10/site-packages/sklearn/utils/_param_validation.py", line 95, in validate_parameter_constraints
    raise InvalidParameterError(
sklearn.utils._param_validation.InvalidParameterError: The 'min_samples_split' parameter of GradientBoostingRegressor must be an int in the range [2, inf) or a float in the range (0.0, 1.0]. Got 1 instead.

  warnings.warn(some_fits_failed_message, FitFailedWarning)
/home/ggx/software/anaconda3/lib/python3.10/site-packages/sklearn/model_selection/_search.py:1102: UserWarning: One or more of the test scores are non-finite: [ 0.48215399 -1.28731622  0.60493924  0.2725007  -0.64239643 -1.60161381
         nan         nan  0.41402687 -0.79257986 -1.67429154         nan
  0.60493924         nan         nan         nan  0.37698492  0.39603569
 -1.27317106 -1.60161381]
  warnings.warn(
/home/ggx/software/anaconda3/lib/python3.10/site-packages/sklearn/model_selection/_validation.py:540: FitFailedWarning: 
15 fits failed out of a total of 100.
The score on these train-test partitions for these parameters will be set to nan.
If these failures are not expected, you can try to debug them by setting error_score='raise'.

Below are more details about the failures:
--------------------------------------------------------------------------------
15 fits failed with the following error:
Traceback (most recent call last):
  File "/home/ggx/software/anaconda3/lib/python3.10/site-packages/sklearn/model_selection/_validation.py", line 888, in _fit_and_score
    estimator.fit(X_train, y_train, **fit_params)
  File "/home/ggx/software/anaconda3/lib/python3.10/site-packages/sklearn/base.py", line 1466, in wrapper
    estimator._validate_params()
  File "/home/ggx/software/anaconda3/lib/python3.10/site-packages/sklearn/base.py", line 666, in _validate_params
    validate_parameter_constraints(
  File "/home/ggx/software/anaconda3/lib/python3.10/site-packages/sklearn/utils/_param_validation.py", line 95, in validate_parameter_constraints
    raise InvalidParameterError(
sklearn.utils._param_validation.InvalidParameterError: The 'min_samples_split' parameter of GradientBoostingRegressor must be an int in the range [2, inf) or a float in the range (0.0, 1.0]. Got 1 instead.

  warnings.warn(some_fits_failed_message, FitFailedWarning)
/home/ggx/software/anaconda3/lib/python3.10/site-packages/sklearn/model_selection/_search.py:1102: UserWarning: One or more of the test scores are non-finite: [0.86986629 0.8663692  0.8966841  0.6157386  0.59373393 0.79369006
 0.86658283 0.90479461        nan        nan 0.89745226 0.67302157
        nan 0.88424843 0.89517974 0.84470568 0.51416804 0.67302157
 0.5523495  0.89342403]
  warnings.warn(
/home/ggx/software/anaconda3/lib/python3.10/site-packages/sklearn/model_selection/_validation.py:540: FitFailedWarning: 
20 fits failed out of a total of 100.
The score on these train-test partitions for these parameters will be set to nan.
If these failures are not expected, you can try to debug them by setting error_score='raise'.

Below are more details about the failures:
--------------------------------------------------------------------------------
20 fits failed with the following error:
Traceback (most recent call last):
  File "/home/ggx/software/anaconda3/lib/python3.10/site-packages/sklearn/model_selection/_validation.py", line 888, in _fit_and_score
    estimator.fit(X_train, y_train, **fit_params)
  File "/home/ggx/software/anaconda3/lib/python3.10/site-packages/sklearn/base.py", line 1466, in wrapper
    estimator._validate_params()
  File "/home/ggx/software/anaconda3/lib/python3.10/site-packages/sklearn/base.py", line 666, in _validate_params
    validate_parameter_constraints(
  File "/home/ggx/software/anaconda3/lib/python3.10/site-packages/sklearn/utils/_param_validation.py", line 95, in validate_parameter_constraints
    raise InvalidParameterError(
sklearn.utils._param_validation.InvalidParameterError: The 'min_samples_split' parameter of GradientBoostingRegressor must be an int in the range [2, inf) or a float in the range (0.0, 1.0]. Got 1 instead.

  warnings.warn(some_fits_failed_message, FitFailedWarning)
/home/ggx/software/anaconda3/lib/python3.10/site-packages/sklearn/model_selection/_search.py:1102: UserWarning: One or more of the test scores are non-finite: [0.88852568 0.26634764 0.30193629        nan 0.87134271 0.81910393
 0.8873952  0.83461703 0.52839281 0.05904501        nan 0.83972842
 0.05904501 0.83444788 0.87810726        nan 0.89967782 0.69049621
 0.88253768        nan]
  warnings.warn(
/home/ggx/software/anaconda3/lib/python3.10/site-packages/sklearn/model_selection/_validation.py:540: FitFailedWarning: 
25 fits failed out of a total of 100.
The score on these train-test partitions for these parameters will be set to nan.
If these failures are not expected, you can try to debug them by setting error_score='raise'.

Below are more details about the failures:
--------------------------------------------------------------------------------
25 fits failed with the following error:
Traceback (most recent call last):
  File "/home/ggx/software/anaconda3/lib/python3.10/site-packages/sklearn/model_selection/_validation.py", line 888, in _fit_and_score
    estimator.fit(X_train, y_train, **fit_params)
  File "/home/ggx/software/anaconda3/lib/python3.10/site-packages/sklearn/base.py", line 1466, in wrapper
    estimator._validate_params()
  File "/home/ggx/software/anaconda3/lib/python3.10/site-packages/sklearn/base.py", line 666, in _validate_params
    validate_parameter_constraints(
  File "/home/ggx/software/anaconda3/lib/python3.10/site-packages/sklearn/utils/_param_validation.py", line 95, in validate_parameter_constraints
    raise InvalidParameterError(
sklearn.utils._param_validation.InvalidParameterError: The 'min_samples_split' parameter of GradientBoostingRegressor must be an int in the range [2, inf) or a float in the range (0.0, 1.0]. Got 1 instead.

  warnings.warn(some_fits_failed_message, FitFailedWarning)
/home/ggx/software/anaconda3/lib/python3.10/site-packages/sklearn/model_selection/_search.py:1102: UserWarning: One or more of the test scores are non-finite: [        nan  0.17827325  0.2030993          nan -3.0096486          nan
 -1.62910271  0.28107224 -4.46943248 -0.79167547  0.20447162  0.21404082
 -0.02618154         nan         nan  0.17838277  0.27634325 -0.22598885
  0.3108177  -0.9233068 ]
  warnings.warn(
/home/ggx/software/anaconda3/lib/python3.10/site-packages/sklearn/model_selection/_validation.py:540: FitFailedWarning: 
20 fits failed out of a total of 100.
The score on these train-test partitions for these parameters will be set to nan.
If these failures are not expected, you can try to debug them by setting error_score='raise'.

Below are more details about the failures:
--------------------------------------------------------------------------------
20 fits failed with the following error:
Traceback (most recent call last):
  File "/home/ggx/software/anaconda3/lib/python3.10/site-packages/sklearn/model_selection/_validation.py", line 888, in _fit_and_score
    estimator.fit(X_train, y_train, **fit_params)
  File "/home/ggx/software/anaconda3/lib/python3.10/site-packages/sklearn/base.py", line 1466, in wrapper
    estimator._validate_params()
  File "/home/ggx/software/anaconda3/lib/python3.10/site-packages/sklearn/base.py", line 666, in _validate_params
    validate_parameter_constraints(
  File "/home/ggx/software/anaconda3/lib/python3.10/site-packages/sklearn/utils/_param_validation.py", line 95, in validate_parameter_constraints
    raise InvalidParameterError(
sklearn.utils._param_validation.InvalidParameterError: The 'min_samples_split' parameter of GradientBoostingRegressor must be an int in the range [2, inf) or a float in the range (0.0, 1.0]. Got 1 instead.

  warnings.warn(some_fits_failed_message, FitFailedWarning)
/home/ggx/software/anaconda3/lib/python3.10/site-packages/sklearn/model_selection/_search.py:1102: UserWarning: One or more of the test scores are non-finite: [0.27760293        nan        nan 0.39148744 0.61280505 0.00830448
 0.27592326 0.51235689 0.55425448 0.01530862        nan 0.00744797
        nan 0.51235689 0.63091281 0.55684755 0.27714477 0.0513675
 0.01322994 0.3500942 ]
  warnings.warn(
/home/ggx/software/anaconda3/lib/python3.10/site-packages/sklearn/model_selection/_validation.py:540: FitFailedWarning: 
10 fits failed out of a total of 100.
The score on these train-test partitions for these parameters will be set to nan.
If these failures are not expected, you can try to debug them by setting error_score='raise'.

Below are more details about the failures:
--------------------------------------------------------------------------------
10 fits failed with the following error:
Traceback (most recent call last):
  File "/home/ggx/software/anaconda3/lib/python3.10/site-packages/sklearn/model_selection/_validation.py", line 888, in _fit_and_score
    estimator.fit(X_train, y_train, **fit_params)
  File "/home/ggx/software/anaconda3/lib/python3.10/site-packages/sklearn/base.py", line 1466, in wrapper
    estimator._validate_params()
  File "/home/ggx/software/anaconda3/lib/python3.10/site-packages/sklearn/base.py", line 666, in _validate_params
    validate_parameter_constraints(
  File "/home/ggx/software/anaconda3/lib/python3.10/site-packages/sklearn/utils/_param_validation.py", line 95, in validate_parameter_constraints
    raise InvalidParameterError(
sklearn.utils._param_validation.InvalidParameterError: The 'min_samples_split' parameter of GradientBoostingRegressor must be an int in the range [2, inf) or a float in the range (0.0, 1.0]. Got 1 instead.

  warnings.warn(some_fits_failed_message, FitFailedWarning)
/home/ggx/software/anaconda3/lib/python3.10/site-packages/sklearn/model_selection/_search.py:1102: UserWarning: One or more of the test scores are non-finite: [ 0.79733514 -1.17367494 -1.43733373  0.75588366 -1.22485533 -1.17703977
  0.76340064 -0.90609973 -1.04603941  0.81238931  0.75497034         nan
  0.81942504         nan  0.65437211 -0.91827533  0.76954771  0.7528538
  0.74710031 -0.89600639]
  warnings.warn(
/home/ggx/software/anaconda3/lib/python3.10/site-packages/sklearn/model_selection/_validation.py:540: FitFailedWarning: 
5 fits failed out of a total of 100.
The score on these train-test partitions for these parameters will be set to nan.
If these failures are not expected, you can try to debug them by setting error_score='raise'.

Below are more details about the failures:
--------------------------------------------------------------------------------
5 fits failed with the following error:
Traceback (most recent call last):
  File "/home/ggx/software/anaconda3/lib/python3.10/site-packages/sklearn/model_selection/_validation.py", line 888, in _fit_and_score
    estimator.fit(X_train, y_train, **fit_params)
  File "/home/ggx/software/anaconda3/lib/python3.10/site-packages/sklearn/base.py", line 1466, in wrapper
    estimator._validate_params()
  File "/home/ggx/software/anaconda3/lib/python3.10/site-packages/sklearn/base.py", line 666, in _validate_params
    validate_parameter_constraints(
  File "/home/ggx/software/anaconda3/lib/python3.10/site-packages/sklearn/utils/_param_validation.py", line 95, in validate_parameter_constraints
    raise InvalidParameterError(
sklearn.utils._param_validation.InvalidParameterError: The 'min_samples_split' parameter of GradientBoostingRegressor must be an int in the range [2, inf) or a float in the range (0.0, 1.0]. Got 1 instead.

  warnings.warn(some_fits_failed_message, FitFailedWarning)
/home/ggx/software/anaconda3/lib/python3.10/site-packages/sklearn/model_selection/_search.py:1102: UserWarning: One or more of the test scores are non-finite: [-0.26300537  0.69924318  0.69080973  0.59327728  0.75262477  0.69924318
 -0.08268082 -0.66230223  0.6774626   0.6659232  -0.07905453  0.69924318
  0.72097696 -0.0750478   0.68959479  0.73375495         nan  0.71608708
  0.69637415  0.55921373]
  warnings.warn(
/home/ggx/software/anaconda3/lib/python3.10/site-packages/sklearn/model_selection/_validation.py:540: FitFailedWarning: 
25 fits failed out of a total of 100.
The score on these train-test partitions for these parameters will be set to nan.
If these failures are not expected, you can try to debug them by setting error_score='raise'.

Below are more details about the failures:
--------------------------------------------------------------------------------
25 fits failed with the following error:
Traceback (most recent call last):
  File "/home/ggx/software/anaconda3/lib/python3.10/site-packages/sklearn/model_selection/_validation.py", line 888, in _fit_and_score
    estimator.fit(X_train, y_train, **fit_params)
  File "/home/ggx/software/anaconda3/lib/python3.10/site-packages/sklearn/base.py", line 1466, in wrapper
    estimator._validate_params()
  File "/home/ggx/software/anaconda3/lib/python3.10/site-packages/sklearn/base.py", line 666, in _validate_params
    validate_parameter_constraints(
  File "/home/ggx/software/anaconda3/lib/python3.10/site-packages/sklearn/utils/_param_validation.py", line 95, in validate_parameter_constraints
    raise InvalidParameterError(
sklearn.utils._param_validation.InvalidParameterError: The 'min_samples_split' parameter of GradientBoostingRegressor must be an int in the range [2, inf) or a float in the range (0.0, 1.0]. Got 1 instead.

  warnings.warn(some_fits_failed_message, FitFailedWarning)
/home/ggx/software/anaconda3/lib/python3.10/site-packages/sklearn/model_selection/_search.py:1102: UserWarning: One or more of the test scores are non-finite: [ 0.46240236 -0.48808847  0.28161399  0.49116733         nan -0.73106811
  0.50569739 -1.14621709         nan  0.27423218         nan -0.21686324
         nan  0.48456886  0.00781096 -2.08034809 -0.95655666 -2.17984902
         nan -0.77914795]
  warnings.warn(
/home/ggx/software/anaconda3/lib/python3.10/site-packages/sklearn/model_selection/_validation.py:540: FitFailedWarning: 
25 fits failed out of a total of 100.
The score on these train-test partitions for these parameters will be set to nan.
If these failures are not expected, you can try to debug them by setting error_score='raise'.

Below are more details about the failures:
--------------------------------------------------------------------------------
25 fits failed with the following error:
Traceback (most recent call last):
  File "/home/ggx/software/anaconda3/lib/python3.10/site-packages/sklearn/model_selection/_validation.py", line 888, in _fit_and_score
    estimator.fit(X_train, y_train, **fit_params)
  File "/home/ggx/software/anaconda3/lib/python3.10/site-packages/sklearn/base.py", line 1466, in wrapper
    estimator._validate_params()
  File "/home/ggx/software/anaconda3/lib/python3.10/site-packages/sklearn/base.py", line 666, in _validate_params
    validate_parameter_constraints(
  File "/home/ggx/software/anaconda3/lib/python3.10/site-packages/sklearn/utils/_param_validation.py", line 95, in validate_parameter_constraints
    raise InvalidParameterError(
sklearn.utils._param_validation.InvalidParameterError: The 'min_samples_split' parameter of GradientBoostingRegressor must be an int in the range [2, inf) or a float in the range (0.0, 1.0]. Got 1 instead.

  warnings.warn(some_fits_failed_message, FitFailedWarning)
/home/ggx/software/anaconda3/lib/python3.10/site-packages/sklearn/model_selection/_search.py:1102: UserWarning: One or more of the test scores are non-finite: [0.5318857  0.86338409 0.90471893 0.82035488 0.5318857         nan
        nan 0.84778691 0.7322924  0.89593063        nan 0.89630786
 0.86878672        nan        nan 0.7376953  0.88293944 0.54481597
 0.89984201 0.73929662]
  warnings.warn(
/home/ggx/software/anaconda3/lib/python3.10/site-packages/sklearn/model_selection/_validation.py:540: FitFailedWarning: 
15 fits failed out of a total of 100.
The score on these train-test partitions for these parameters will be set to nan.
If these failures are not expected, you can try to debug them by setting error_score='raise'.

Below are more details about the failures:
--------------------------------------------------------------------------------
15 fits failed with the following error:
Traceback (most recent call last):
  File "/home/ggx/software/anaconda3/lib/python3.10/site-packages/sklearn/model_selection/_validation.py", line 888, in _fit_and_score
    estimator.fit(X_train, y_train, **fit_params)
  File "/home/ggx/software/anaconda3/lib/python3.10/site-packages/sklearn/base.py", line 1466, in wrapper
    estimator._validate_params()
  File "/home/ggx/software/anaconda3/lib/python3.10/site-packages/sklearn/base.py", line 666, in _validate_params
    validate_parameter_constraints(
  File "/home/ggx/software/anaconda3/lib/python3.10/site-packages/sklearn/utils/_param_validation.py", line 95, in validate_parameter_constraints
    raise InvalidParameterError(
sklearn.utils._param_validation.InvalidParameterError: The 'min_samples_split' parameter of GradientBoostingRegressor must be an int in the range [2, inf) or a float in the range (0.0, 1.0]. Got 1 instead.

  warnings.warn(some_fits_failed_message, FitFailedWarning)
/home/ggx/software/anaconda3/lib/python3.10/site-packages/sklearn/model_selection/_search.py:1102: UserWarning: One or more of the test scores are non-finite: [0.64909508 0.78692583 0.78559215 0.81531438 0.70418611 0.78416185
 0.79825033 0.64909508 0.70418611 0.78723181 0.64083249 0.48718605
        nan 0.64730851 0.71242528 0.79566615 0.65410855        nan
        nan 0.64909508]
  warnings.warn(
/home/ggx/software/anaconda3/lib/python3.10/site-packages/sklearn/model_selection/_validation.py:540: FitFailedWarning: 
20 fits failed out of a total of 100.
The score on these train-test partitions for these parameters will be set to nan.
If these failures are not expected, you can try to debug them by setting error_score='raise'.

Below are more details about the failures:
--------------------------------------------------------------------------------
20 fits failed with the following error:
Traceback (most recent call last):
  File "/home/ggx/software/anaconda3/lib/python3.10/site-packages/sklearn/model_selection/_validation.py", line 888, in _fit_and_score
    estimator.fit(X_train, y_train, **fit_params)
  File "/home/ggx/software/anaconda3/lib/python3.10/site-packages/sklearn/base.py", line 1466, in wrapper
    estimator._validate_params()
  File "/home/ggx/software/anaconda3/lib/python3.10/site-packages/sklearn/base.py", line 666, in _validate_params
    validate_parameter_constraints(
  File "/home/ggx/software/anaconda3/lib/python3.10/site-packages/sklearn/utils/_param_validation.py", line 95, in validate_parameter_constraints
    raise InvalidParameterError(
sklearn.utils._param_validation.InvalidParameterError: The 'min_samples_split' parameter of GradientBoostingRegressor must be an int in the range [2, inf) or a float in the range (0.0, 1.0]. Got 1 instead.

  warnings.warn(some_fits_failed_message, FitFailedWarning)
/home/ggx/software/anaconda3/lib/python3.10/site-packages/sklearn/model_selection/_search.py:1102: UserWarning: One or more of the test scores are non-finite: [        nan -0.08531312 -0.59518597         nan -0.15669904 -0.30904275
 -0.60856589 -0.05809684 -0.60410961 -0.13579781 -0.16995466         nan
 -1.86695121 -1.63048455 -0.17850494 -0.17250942  0.19171133 -0.65091698
         nan  0.21389179]
  warnings.warn(
/home/ggx/software/anaconda3/lib/python3.10/site-packages/sklearn/model_selection/_validation.py:540: FitFailedWarning: 
20 fits failed out of a total of 100.
The score on these train-test partitions for these parameters will be set to nan.
If these failures are not expected, you can try to debug them by setting error_score='raise'.

Below are more details about the failures:
--------------------------------------------------------------------------------
20 fits failed with the following error:
Traceback (most recent call last):
  File "/home/ggx/software/anaconda3/lib/python3.10/site-packages/sklearn/model_selection/_validation.py", line 888, in _fit_and_score
    estimator.fit(X_train, y_train, **fit_params)
  File "/home/ggx/software/anaconda3/lib/python3.10/site-packages/sklearn/base.py", line 1466, in wrapper
    estimator._validate_params()
  File "/home/ggx/software/anaconda3/lib/python3.10/site-packages/sklearn/base.py", line 666, in _validate_params
    validate_parameter_constraints(
  File "/home/ggx/software/anaconda3/lib/python3.10/site-packages/sklearn/utils/_param_validation.py", line 95, in validate_parameter_constraints
    raise InvalidParameterError(
sklearn.utils._param_validation.InvalidParameterError: The 'min_samples_split' parameter of GradientBoostingRegressor must be an int in the range [2, inf) or a float in the range (0.0, 1.0]. Got 1 instead.

  warnings.warn(some_fits_failed_message, FitFailedWarning)
/home/ggx/software/anaconda3/lib/python3.10/site-packages/sklearn/model_selection/_search.py:1102: UserWarning: One or more of the test scores are non-finite: [0.91528102 0.70087351 0.69712969 0.93426367 0.919088          nan
        nan 0.93276051 0.75972325 0.93170718        nan 0.9070106
 0.85749003 0.92291504 0.9315422  0.8997548  0.9070106  0.69572004
 0.9070106         nan]
  warnings.warn(
/home/ggx/software/anaconda3/lib/python3.10/site-packages/sklearn/model_selection/_validation.py:540: FitFailedWarning: 
10 fits failed out of a total of 100.
The score on these train-test partitions for these parameters will be set to nan.
If these failures are not expected, you can try to debug them by setting error_score='raise'.

Below are more details about the failures:
--------------------------------------------------------------------------------
10 fits failed with the following error:
Traceback (most recent call last):
  File "/home/ggx/software/anaconda3/lib/python3.10/site-packages/sklearn/model_selection/_validation.py", line 888, in _fit_and_score
    estimator.fit(X_train, y_train, **fit_params)
  File "/home/ggx/software/anaconda3/lib/python3.10/site-packages/sklearn/base.py", line 1466, in wrapper
    estimator._validate_params()
  File "/home/ggx/software/anaconda3/lib/python3.10/site-packages/sklearn/base.py", line 666, in _validate_params
    validate_parameter_constraints(
  File "/home/ggx/software/anaconda3/lib/python3.10/site-packages/sklearn/utils/_param_validation.py", line 95, in validate_parameter_constraints
    raise InvalidParameterError(
sklearn.utils._param_validation.InvalidParameterError: The 'min_samples_split' parameter of GradientBoostingRegressor must be an int in the range [2, inf) or a float in the range (0.0, 1.0]. Got 1 instead.

  warnings.warn(some_fits_failed_message, FitFailedWarning)
/home/ggx/software/anaconda3/lib/python3.10/site-packages/sklearn/model_selection/_search.py:1102: UserWarning: One or more of the test scores are non-finite: [0.26632937 0.20807164        nan        nan 0.73908721 0.10613813
 0.73440192 0.31134698 0.66532671 0.73600698 0.22976265 0.21612069
 0.31358894 0.37268962 0.26632937 0.17035934 0.31090325 0.20807164
 0.20769552 0.10613813]
  warnings.warn(
/home/ggx/software/anaconda3/lib/python3.10/site-packages/sklearn/model_selection/_validation.py:540: FitFailedWarning: 
30 fits failed out of a total of 100.
The score on these train-test partitions for these parameters will be set to nan.
If these failures are not expected, you can try to debug them by setting error_score='raise'.

Below are more details about the failures:
--------------------------------------------------------------------------------
30 fits failed with the following error:
Traceback (most recent call last):
  File "/home/ggx/software/anaconda3/lib/python3.10/site-packages/sklearn/model_selection/_validation.py", line 888, in _fit_and_score
    estimator.fit(X_train, y_train, **fit_params)
  File "/home/ggx/software/anaconda3/lib/python3.10/site-packages/sklearn/base.py", line 1466, in wrapper
    estimator._validate_params()
  File "/home/ggx/software/anaconda3/lib/python3.10/site-packages/sklearn/base.py", line 666, in _validate_params
    validate_parameter_constraints(
  File "/home/ggx/software/anaconda3/lib/python3.10/site-packages/sklearn/utils/_param_validation.py", line 95, in validate_parameter_constraints
    raise InvalidParameterError(
sklearn.utils._param_validation.InvalidParameterError: The 'min_samples_split' parameter of GradientBoostingRegressor must be an int in the range [2, inf) or a float in the range (0.0, 1.0]. Got 1 instead.

  warnings.warn(some_fits_failed_message, FitFailedWarning)
/home/ggx/software/anaconda3/lib/python3.10/site-packages/sklearn/model_selection/_search.py:1102: UserWarning: One or more of the test scores are non-finite: [       nan        nan        nan        nan 0.6023087  0.8507871
 0.87361097 0.86538171 0.00369977 0.83367973 0.83959935        nan
 0.00192119 0.84069348        nan 0.88258261 0.83932525 0.90647922
 0.82877209 0.87656762]
  warnings.warn(
/home/ggx/software/anaconda3/lib/python3.10/site-packages/sklearn/model_selection/_validation.py:540: FitFailedWarning: 
5 fits failed out of a total of 100.
The score on these train-test partitions for these parameters will be set to nan.
If these failures are not expected, you can try to debug them by setting error_score='raise'.

Below are more details about the failures:
--------------------------------------------------------------------------------
5 fits failed with the following error:
Traceback (most recent call last):
  File "/home/ggx/software/anaconda3/lib/python3.10/site-packages/sklearn/model_selection/_validation.py", line 888, in _fit_and_score
    estimator.fit(X_train, y_train, **fit_params)
  File "/home/ggx/software/anaconda3/lib/python3.10/site-packages/sklearn/base.py", line 1466, in wrapper
    estimator._validate_params()
  File "/home/ggx/software/anaconda3/lib/python3.10/site-packages/sklearn/base.py", line 666, in _validate_params
    validate_parameter_constraints(
  File "/home/ggx/software/anaconda3/lib/python3.10/site-packages/sklearn/utils/_param_validation.py", line 95, in validate_parameter_constraints
    raise InvalidParameterError(
sklearn.utils._param_validation.InvalidParameterError: The 'min_samples_split' parameter of GradientBoostingRegressor must be an int in the range [2, inf) or a float in the range (0.0, 1.0]. Got 1 instead.

  warnings.warn(some_fits_failed_message, FitFailedWarning)
/home/ggx/software/anaconda3/lib/python3.10/site-packages/sklearn/model_selection/_search.py:1102: UserWarning: One or more of the test scores are non-finite: [-0.09017289 -0.87921562 -0.23411672 -0.21477641 -0.09188409 -7.11775697
 -9.39692686 -0.87921562 -0.1445706          nan -9.90874348 -0.77791353
 -1.11540288 -0.04808219 -0.35237876 -0.1280716  -0.46392609 -0.82117951
 -9.65732519 -0.20138735]
  warnings.warn(
/home/ggx/software/anaconda3/lib/python3.10/site-packages/sklearn/model_selection/_validation.py:540: FitFailedWarning: 
10 fits failed out of a total of 100.
The score on these train-test partitions for these parameters will be set to nan.
If these failures are not expected, you can try to debug them by setting error_score='raise'.

Below are more details about the failures:
--------------------------------------------------------------------------------
10 fits failed with the following error:
Traceback (most recent call last):
  File "/home/ggx/software/anaconda3/lib/python3.10/site-packages/sklearn/model_selection/_validation.py", line 888, in _fit_and_score
    estimator.fit(X_train, y_train, **fit_params)
  File "/home/ggx/software/anaconda3/lib/python3.10/site-packages/sklearn/base.py", line 1466, in wrapper
    estimator._validate_params()
  File "/home/ggx/software/anaconda3/lib/python3.10/site-packages/sklearn/base.py", line 666, in _validate_params
    validate_parameter_constraints(
  File "/home/ggx/software/anaconda3/lib/python3.10/site-packages/sklearn/utils/_param_validation.py", line 95, in validate_parameter_constraints
    raise InvalidParameterError(
sklearn.utils._param_validation.InvalidParameterError: The 'min_samples_split' parameter of GradientBoostingRegressor must be an int in the range [2, inf) or a float in the range (0.0, 1.0]. Got 1 instead.

  warnings.warn(some_fits_failed_message, FitFailedWarning)
/home/ggx/software/anaconda3/lib/python3.10/site-packages/sklearn/model_selection/_search.py:1102: UserWarning: One or more of the test scores are non-finite: [ 0.36358391  0.49521399  0.66820361  0.66998754  0.80128766  0.81497602
  0.59784703         nan         nan  0.59496425  0.78949414  0.81524315
  0.0472865   0.82029516  0.84955669  0.80835052  0.61134841  0.35409114
 -0.31636527  0.66843967]
  warnings.warn(
/home/ggx/software/anaconda3/lib/python3.10/site-packages/sklearn/model_selection/_validation.py:540: FitFailedWarning: 
5 fits failed out of a total of 100.
The score on these train-test partitions for these parameters will be set to nan.
If these failures are not expected, you can try to debug them by setting error_score='raise'.

Below are more details about the failures:
--------------------------------------------------------------------------------
5 fits failed with the following error:
Traceback (most recent call last):
  File "/home/ggx/software/anaconda3/lib/python3.10/site-packages/sklearn/model_selection/_validation.py", line 888, in _fit_and_score
    estimator.fit(X_train, y_train, **fit_params)
  File "/home/ggx/software/anaconda3/lib/python3.10/site-packages/sklearn/base.py", line 1466, in wrapper
    estimator._validate_params()
  File "/home/ggx/software/anaconda3/lib/python3.10/site-packages/sklearn/base.py", line 666, in _validate_params
    validate_parameter_constraints(
  File "/home/ggx/software/anaconda3/lib/python3.10/site-packages/sklearn/utils/_param_validation.py", line 95, in validate_parameter_constraints
    raise InvalidParameterError(
sklearn.utils._param_validation.InvalidParameterError: The 'min_samples_split' parameter of GradientBoostingRegressor must be an int in the range [2, inf) or a float in the range (0.0, 1.0]. Got 1 instead.

  warnings.warn(some_fits_failed_message, FitFailedWarning)
/home/ggx/software/anaconda3/lib/python3.10/site-packages/sklearn/model_selection/_search.py:1102: UserWarning: One or more of the test scores are non-finite: [-0.65137813  0.74694758  0.60310362 -0.83889767 -0.56127788  0.76072643
  0.68971551 -0.16290932  0.64232165 -0.88895622  0.67742354  0.68927529
 -0.88895622  0.66976819  0.74632789  0.6796549          nan  0.63483851
  0.58334685  0.70683389]
  warnings.warn(
/home/ggx/software/anaconda3/lib/python3.10/site-packages/sklearn/model_selection/_validation.py:540: FitFailedWarning: 
20 fits failed out of a total of 100.
The score on these train-test partitions for these parameters will be set to nan.
If these failures are not expected, you can try to debug them by setting error_score='raise'.

Below are more details about the failures:
--------------------------------------------------------------------------------
20 fits failed with the following error:
Traceback (most recent call last):
  File "/home/ggx/software/anaconda3/lib/python3.10/site-packages/sklearn/model_selection/_validation.py", line 888, in _fit_and_score
    estimator.fit(X_train, y_train, **fit_params)
  File "/home/ggx/software/anaconda3/lib/python3.10/site-packages/sklearn/base.py", line 1466, in wrapper
    estimator._validate_params()
  File "/home/ggx/software/anaconda3/lib/python3.10/site-packages/sklearn/base.py", line 666, in _validate_params
    validate_parameter_constraints(
  File "/home/ggx/software/anaconda3/lib/python3.10/site-packages/sklearn/utils/_param_validation.py", line 95, in validate_parameter_constraints
    raise InvalidParameterError(
sklearn.utils._param_validation.InvalidParameterError: The 'min_samples_split' parameter of GradientBoostingRegressor must be an int in the range [2, inf) or a float in the range (0.0, 1.0]. Got 1 instead.

  warnings.warn(some_fits_failed_message, FitFailedWarning)
/home/ggx/software/anaconda3/lib/python3.10/site-packages/sklearn/model_selection/_search.py:1102: UserWarning: One or more of the test scores are non-finite: [       nan 0.42248189 0.92441329 0.92100255        nan 0.93512033
 0.75603782 0.70484612 0.70773327 0.7166756  0.93925702 0.9250597
        nan 0.9259205  0.78632098 0.93030134 0.92752266 0.8532877
 0.92016886        nan]
  warnings.warn(
/home/ggx/software/anaconda3/lib/python3.10/site-packages/sklearn/model_selection/_validation.py:540: FitFailedWarning: 
15 fits failed out of a total of 100.
The score on these train-test partitions for these parameters will be set to nan.
If these failures are not expected, you can try to debug them by setting error_score='raise'.

Below are more details about the failures:
--------------------------------------------------------------------------------
15 fits failed with the following error:
Traceback (most recent call last):
  File "/home/ggx/software/anaconda3/lib/python3.10/site-packages/sklearn/model_selection/_validation.py", line 888, in _fit_and_score
    estimator.fit(X_train, y_train, **fit_params)
  File "/home/ggx/software/anaconda3/lib/python3.10/site-packages/sklearn/base.py", line 1466, in wrapper
    estimator._validate_params()
  File "/home/ggx/software/anaconda3/lib/python3.10/site-packages/sklearn/base.py", line 666, in _validate_params
    validate_parameter_constraints(
  File "/home/ggx/software/anaconda3/lib/python3.10/site-packages/sklearn/utils/_param_validation.py", line 95, in validate_parameter_constraints
    raise InvalidParameterError(
sklearn.utils._param_validation.InvalidParameterError: The 'min_samples_split' parameter of GradientBoostingRegressor must be an int in the range [2, inf) or a float in the range (0.0, 1.0]. Got 1 instead.

  warnings.warn(some_fits_failed_message, FitFailedWarning)
/home/ggx/software/anaconda3/lib/python3.10/site-packages/sklearn/model_selection/_search.py:1102: UserWarning: One or more of the test scores are non-finite: [ 0.5575785          nan  0.67620469  0.6903997   0.34952713  0.55148409
  0.35135571  0.30780693  0.70614565  0.70376554         nan  0.39332233
  0.71069847  0.54909771         nan -0.15935095  0.55801752 -0.16517434
  0.5573493   0.70622218]
  warnings.warn(
/home/ggx/software/anaconda3/lib/python3.10/site-packages/sklearn/model_selection/_validation.py:540: FitFailedWarning: 
15 fits failed out of a total of 100.
The score on these train-test partitions for these parameters will be set to nan.
If these failures are not expected, you can try to debug them by setting error_score='raise'.

Below are more details about the failures:
--------------------------------------------------------------------------------
15 fits failed with the following error:
Traceback (most recent call last):
  File "/home/ggx/software/anaconda3/lib/python3.10/site-packages/sklearn/model_selection/_validation.py", line 888, in _fit_and_score
    estimator.fit(X_train, y_train, **fit_params)
  File "/home/ggx/software/anaconda3/lib/python3.10/site-packages/sklearn/base.py", line 1466, in wrapper
    estimator._validate_params()
  File "/home/ggx/software/anaconda3/lib/python3.10/site-packages/sklearn/base.py", line 666, in _validate_params
    validate_parameter_constraints(
  File "/home/ggx/software/anaconda3/lib/python3.10/site-packages/sklearn/utils/_param_validation.py", line 95, in validate_parameter_constraints
    raise InvalidParameterError(
sklearn.utils._param_validation.InvalidParameterError: The 'min_samples_split' parameter of GradientBoostingRegressor must be an int in the range [2, inf) or a float in the range (0.0, 1.0]. Got 1 instead.

  warnings.warn(some_fits_failed_message, FitFailedWarning)
/home/ggx/software/anaconda3/lib/python3.10/site-packages/sklearn/model_selection/_search.py:1102: UserWarning: One or more of the test scores are non-finite: [       nan 0.35396706 0.50033543        nan 0.91922273 0.91991268
 0.84458527 0.50521021 0.88789498 0.51292383 0.84407227        nan
 0.89217505 0.90614666 0.85362488 0.71737861 0.92181232 0.88669078
 0.845272   0.92037941]
  warnings.warn(
/home/ggx/software/anaconda3/lib/python3.10/site-packages/sklearn/model_selection/_validation.py:540: FitFailedWarning: 
20 fits failed out of a total of 100.
The score on these train-test partitions for these parameters will be set to nan.
If these failures are not expected, you can try to debug them by setting error_score='raise'.

Below are more details about the failures:
--------------------------------------------------------------------------------
20 fits failed with the following error:
Traceback (most recent call last):
  File "/home/ggx/software/anaconda3/lib/python3.10/site-packages/sklearn/model_selection/_validation.py", line 888, in _fit_and_score
    estimator.fit(X_train, y_train, **fit_params)
  File "/home/ggx/software/anaconda3/lib/python3.10/site-packages/sklearn/base.py", line 1466, in wrapper
    estimator._validate_params()
  File "/home/ggx/software/anaconda3/lib/python3.10/site-packages/sklearn/base.py", line 666, in _validate_params
    validate_parameter_constraints(
  File "/home/ggx/software/anaconda3/lib/python3.10/site-packages/sklearn/utils/_param_validation.py", line 95, in validate_parameter_constraints
    raise InvalidParameterError(
sklearn.utils._param_validation.InvalidParameterError: The 'min_samples_split' parameter of GradientBoostingRegressor must be an int in the range [2, inf) or a float in the range (0.0, 1.0]. Got 1 instead.

  warnings.warn(some_fits_failed_message, FitFailedWarning)
/home/ggx/software/anaconda3/lib/python3.10/site-packages/sklearn/model_selection/_search.py:1102: UserWarning: One or more of the test scores are non-finite: [0.11661675 0.81750931 0.32883215        nan 0.32588108 0.32883215
 0.11661675 0.09987857 0.85648233 0.12194892 0.68665096 0.87590083
        nan 0.69011853        nan        nan 0.87226793 0.80553504
 0.83530222 0.32556878]
  warnings.warn(
/home/ggx/software/anaconda3/lib/python3.10/site-packages/sklearn/model_selection/_validation.py:540: FitFailedWarning: 
15 fits failed out of a total of 100.
The score on these train-test partitions for these parameters will be set to nan.
If these failures are not expected, you can try to debug them by setting error_score='raise'.

Below are more details about the failures:
--------------------------------------------------------------------------------
15 fits failed with the following error:
Traceback (most recent call last):
  File "/home/ggx/software/anaconda3/lib/python3.10/site-packages/sklearn/model_selection/_validation.py", line 888, in _fit_and_score
    estimator.fit(X_train, y_train, **fit_params)
  File "/home/ggx/software/anaconda3/lib/python3.10/site-packages/sklearn/base.py", line 1466, in wrapper
    estimator._validate_params()
  File "/home/ggx/software/anaconda3/lib/python3.10/site-packages/sklearn/base.py", line 666, in _validate_params
    validate_parameter_constraints(
  File "/home/ggx/software/anaconda3/lib/python3.10/site-packages/sklearn/utils/_param_validation.py", line 95, in validate_parameter_constraints
    raise InvalidParameterError(
sklearn.utils._param_validation.InvalidParameterError: The 'min_samples_split' parameter of GradientBoostingRegressor must be an int in the range [2, inf) or a float in the range (0.0, 1.0]. Got 1 instead.

  warnings.warn(some_fits_failed_message, FitFailedWarning)
/home/ggx/software/anaconda3/lib/python3.10/site-packages/sklearn/model_selection/_search.py:1102: UserWarning: One or more of the test scores are non-finite: [0.72036137        nan 0.41546205 0.89280821 0.59882191 0.37257165
 0.86232456        nan 0.88720141 0.3906867  0.86248097 0.89828857
 0.91243344        nan 0.86876999 0.89804906 0.78857933 0.35374053
 0.89270867 0.85994411]
  warnings.warn(
/home/ggx/software/anaconda3/lib/python3.10/site-packages/sklearn/model_selection/_validation.py:540: FitFailedWarning: 
15 fits failed out of a total of 100.
The score on these train-test partitions for these parameters will be set to nan.
If these failures are not expected, you can try to debug them by setting error_score='raise'.

Below are more details about the failures:
--------------------------------------------------------------------------------
15 fits failed with the following error:
Traceback (most recent call last):
  File "/home/ggx/software/anaconda3/lib/python3.10/site-packages/sklearn/model_selection/_validation.py", line 888, in _fit_and_score
    estimator.fit(X_train, y_train, **fit_params)
  File "/home/ggx/software/anaconda3/lib/python3.10/site-packages/sklearn/base.py", line 1466, in wrapper
    estimator._validate_params()
  File "/home/ggx/software/anaconda3/lib/python3.10/site-packages/sklearn/base.py", line 666, in _validate_params
    validate_parameter_constraints(
  File "/home/ggx/software/anaconda3/lib/python3.10/site-packages/sklearn/utils/_param_validation.py", line 95, in validate_parameter_constraints
    raise InvalidParameterError(
sklearn.utils._param_validation.InvalidParameterError: The 'min_samples_split' parameter of GradientBoostingRegressor must be an int in the range [2, inf) or a float in the range (0.0, 1.0]. Got 1 instead.

  warnings.warn(some_fits_failed_message, FitFailedWarning)
/home/ggx/software/anaconda3/lib/python3.10/site-packages/sklearn/model_selection/_search.py:1102: UserWarning: One or more of the test scores are non-finite: [0.89707187 0.57575275 0.90653962 0.64350809        nan 0.80980708
 0.91081642        nan 0.7897533         nan 0.73351373 0.65014006
 0.65014006 0.71894284 0.7802071  0.76128432 0.64032669 0.80160167
 0.63492315 0.79309613]
  warnings.warn(
/home/ggx/software/anaconda3/lib/python3.10/site-packages/sklearn/model_selection/_validation.py:540: FitFailedWarning: 
10 fits failed out of a total of 100.
The score on these train-test partitions for these parameters will be set to nan.
If these failures are not expected, you can try to debug them by setting error_score='raise'.

Below are more details about the failures:
--------------------------------------------------------------------------------
10 fits failed with the following error:
Traceback (most recent call last):
  File "/home/ggx/software/anaconda3/lib/python3.10/site-packages/sklearn/model_selection/_validation.py", line 888, in _fit_and_score
    estimator.fit(X_train, y_train, **fit_params)
  File "/home/ggx/software/anaconda3/lib/python3.10/site-packages/sklearn/base.py", line 1466, in wrapper
    estimator._validate_params()
  File "/home/ggx/software/anaconda3/lib/python3.10/site-packages/sklearn/base.py", line 666, in _validate_params
    validate_parameter_constraints(
  File "/home/ggx/software/anaconda3/lib/python3.10/site-packages/sklearn/utils/_param_validation.py", line 95, in validate_parameter_constraints
    raise InvalidParameterError(
sklearn.utils._param_validation.InvalidParameterError: The 'min_samples_split' parameter of GradientBoostingRegressor must be an int in the range [2, inf) or a float in the range (0.0, 1.0]. Got 1 instead.

  warnings.warn(some_fits_failed_message, FitFailedWarning)
/home/ggx/software/anaconda3/lib/python3.10/site-packages/sklearn/model_selection/_search.py:1102: UserWarning: One or more of the test scores are non-finite: [ 0.8816869   0.87674081  0.88973535 -0.02347947  0.87501684  0.45622266
         nan  0.88067035  0.88771306  0.85842164  0.88760643 -0.30997765
  0.87902599  0.87708978  0.86250691         nan -0.31465364  0.61488729
  0.85456928  0.75961991]
  warnings.warn(
/home/ggx/software/anaconda3/lib/python3.10/site-packages/sklearn/model_selection/_validation.py:540: FitFailedWarning: 
20 fits failed out of a total of 100.
The score on these train-test partitions for these parameters will be set to nan.
If these failures are not expected, you can try to debug them by setting error_score='raise'.

Below are more details about the failures:
--------------------------------------------------------------------------------
20 fits failed with the following error:
Traceback (most recent call last):
  File "/home/ggx/software/anaconda3/lib/python3.10/site-packages/sklearn/model_selection/_validation.py", line 888, in _fit_and_score
    estimator.fit(X_train, y_train, **fit_params)
  File "/home/ggx/software/anaconda3/lib/python3.10/site-packages/sklearn/base.py", line 1466, in wrapper
    estimator._validate_params()
  File "/home/ggx/software/anaconda3/lib/python3.10/site-packages/sklearn/base.py", line 666, in _validate_params
    validate_parameter_constraints(
  File "/home/ggx/software/anaconda3/lib/python3.10/site-packages/sklearn/utils/_param_validation.py", line 95, in validate_parameter_constraints
    raise InvalidParameterError(
sklearn.utils._param_validation.InvalidParameterError: The 'min_samples_split' parameter of GradientBoostingRegressor must be an int in the range [2, inf) or a float in the range (0.0, 1.0]. Got 1 instead.

  warnings.warn(some_fits_failed_message, FitFailedWarning)
/home/ggx/software/anaconda3/lib/python3.10/site-packages/sklearn/model_selection/_search.py:1102: UserWarning: One or more of the test scores are non-finite: [        nan  0.77243493  0.40920128 -0.03182931  0.56580178         nan
  0.56146195  0.59128166  0.20013852         nan  0.78480397  0.32372302
  0.39244945  0.55171137         nan  0.24597928  0.56146195  0.4127696
  0.73497223  0.73890358]
  warnings.warn(
/home/ggx/software/anaconda3/lib/python3.10/site-packages/sklearn/model_selection/_validation.py:540: FitFailedWarning: 
10 fits failed out of a total of 100.
The score on these train-test partitions for these parameters will be set to nan.
If these failures are not expected, you can try to debug them by setting error_score='raise'.

Below are more details about the failures:
--------------------------------------------------------------------------------
10 fits failed with the following error:
Traceback (most recent call last):
  File "/home/ggx/software/anaconda3/lib/python3.10/site-packages/sklearn/model_selection/_validation.py", line 888, in _fit_and_score
    estimator.fit(X_train, y_train, **fit_params)
  File "/home/ggx/software/anaconda3/lib/python3.10/site-packages/sklearn/base.py", line 1466, in wrapper
    estimator._validate_params()
  File "/home/ggx/software/anaconda3/lib/python3.10/site-packages/sklearn/base.py", line 666, in _validate_params
    validate_parameter_constraints(
  File "/home/ggx/software/anaconda3/lib/python3.10/site-packages/sklearn/utils/_param_validation.py", line 95, in validate_parameter_constraints
    raise InvalidParameterError(
sklearn.utils._param_validation.InvalidParameterError: The 'min_samples_split' parameter of GradientBoostingRegressor must be an int in the range [2, inf) or a float in the range (0.0, 1.0]. Got 1 instead.

  warnings.warn(some_fits_failed_message, FitFailedWarning)
/home/ggx/software/anaconda3/lib/python3.10/site-packages/sklearn/model_selection/_search.py:1102: UserWarning: One or more of the test scores are non-finite: [-1.41531699  0.51281726 -0.20970413  0.45875819         nan -1.47511552
 -1.49859528 -1.44853749  0.58906813 -1.40205391  0.40787863 -1.41225333
 -1.65848218  0.4987243  -1.62456968  0.50293931 -1.43876079  0.4855637
 -1.19652877         nan]
  warnings.warn(
/home/ggx/software/anaconda3/lib/python3.10/site-packages/sklearn/model_selection/_validation.py:540: FitFailedWarning: 
10 fits failed out of a total of 100.
The score on these train-test partitions for these parameters will be set to nan.
If these failures are not expected, you can try to debug them by setting error_score='raise'.

Below are more details about the failures:
--------------------------------------------------------------------------------
10 fits failed with the following error:
Traceback (most recent call last):
  File "/home/ggx/software/anaconda3/lib/python3.10/site-packages/sklearn/model_selection/_validation.py", line 888, in _fit_and_score
    estimator.fit(X_train, y_train, **fit_params)
  File "/home/ggx/software/anaconda3/lib/python3.10/site-packages/sklearn/base.py", line 1466, in wrapper
    estimator._validate_params()
  File "/home/ggx/software/anaconda3/lib/python3.10/site-packages/sklearn/base.py", line 666, in _validate_params
    validate_parameter_constraints(
  File "/home/ggx/software/anaconda3/lib/python3.10/site-packages/sklearn/utils/_param_validation.py", line 95, in validate_parameter_constraints
    raise InvalidParameterError(
sklearn.utils._param_validation.InvalidParameterError: The 'min_samples_split' parameter of GradientBoostingRegressor must be an int in the range [2, inf) or a float in the range (0.0, 1.0]. Got 1 instead.

  warnings.warn(some_fits_failed_message, FitFailedWarning)
/home/ggx/software/anaconda3/lib/python3.10/site-packages/sklearn/model_selection/_search.py:1102: UserWarning: One or more of the test scores are non-finite: [ 0.53133635  0.57005698 -1.57269888  0.54761318  0.50403391         nan
  0.55607924  0.52389255  0.01689637  0.53793354         nan  0.61457539
  0.52695937  0.53023411  0.5272572   0.58574959  0.47558908  0.6141277
  0.52107089  0.54566201]
  warnings.warn(
Train R²: 0.9793, Test R²: 0.9391

Using random_state=54 for training

Best parameter combination:
{'n_estimators': 200, 'min_weight_fraction_leaf': 0, 'min_samples_split': 6, 'min_samples_leaf': 2, 'min_impurity_decrease': 0.008, 'max_features': 2, 'max_depth': 7, 'learning_rate': 0.06, 'alpha': 0.5}
Train R²: 0.9846, Test R²: 0.9215

Using random_state=55 for training

Best parameter combination:
{'n_estimators': 150, 'min_weight_fraction_leaf': 0, 'min_samples_split': 12, 'min_samples_leaf': 1, 'min_impurity_decrease': 0.01, 'max_features': 4, 'max_depth': 4, 'learning_rate': 0.02, 'alpha': 0.6}
Train R²: 0.9832, Test R²: 0.9244

Using random_state=56 for training

Best parameter combination:
{'n_estimators': 400, 'min_weight_fraction_leaf': 0, 'min_samples_split': 4, 'min_samples_leaf': 1, 'min_impurity_decrease': 0.01, 'max_features': 1, 'max_depth': 9, 'learning_rate': 0.02, 'alpha': 0.5}
Train R²: 0.9856, Test R²: 0.9146

Using random_state=57 for training

Best parameter combination:
{'n_estimators': 350, 'min_weight_fraction_leaf': 0.04, 'min_samples_split': 4, 'min_samples_leaf': 2, 'min_impurity_decrease': 0.01, 'max_features': 12, 'max_depth': 3, 'learning_rate': 0.06, 'alpha': 0.92}
Train R²: 0.9829, Test R²: 0.9671

Using random_state=58 for training

Best parameter combination:
{'n_estimators': 100, 'min_weight_fraction_leaf': 0.08, 'min_samples_split': 8, 'min_samples_leaf': 1, 'min_impurity_decrease': 0.01, 'max_features': 12, 'max_depth': 8, 'learning_rate': 0.02, 'alpha': 0.1}
Train R²: 0.9472, Test R²: 0.9635

Using random_state=59 for training

Best parameter combination:
{'n_estimators': 100, 'min_weight_fraction_leaf': 0.06, 'min_samples_split': 2, 'min_samples_leaf': 5, 'min_impurity_decrease': 0.008, 'max_features': 8, 'max_depth': 3, 'learning_rate': 0.06, 'alpha': 0.5}
Train R²: 0.9240, Test R²: 0.9196

Using random_state=60 for training

Best parameter combination:
{'n_estimators': 100, 'min_weight_fraction_leaf': 0.08, 'min_samples_split': 10, 'min_samples_leaf': 2, 'min_impurity_decrease': 0.008, 'max_features': 1, 'max_depth': 2, 'learning_rate': 0.06, 'alpha': 0.5}
Train R²: 0.9772, Test R²: 0.9332

Using random_state=61 for training

Best parameter combination:
{'n_estimators': 450, 'min_weight_fraction_leaf': 0.06, 'min_samples_split': 4, 'min_samples_leaf': 1, 'min_impurity_decrease': 0.01, 'max_features': 4, 'max_depth': 3, 'learning_rate': 0.5, 'alpha': 0.1}
Train R²: 0.9728, Test R²: 0.9623

Using random_state=62 for training

Best parameter combination:
{'n_estimators': 200, 'min_weight_fraction_leaf': 0, 'min_samples_split': 10, 'min_samples_leaf': 1, 'min_impurity_decrease': 0.01, 'max_features': 1, 'max_depth': 7, 'learning_rate': 0.02, 'alpha': 0.6}
Train R²: 0.9857, Test R²: 0.9519

Using random_state=63 for training

Best parameter combination:
{'n_estimators': 50, 'min_weight_fraction_leaf': 0, 'min_samples_split': 4, 'min_samples_leaf': 5, 'min_impurity_decrease': 0.008, 'max_features': 4, 'max_depth': 7, 'learning_rate': 0.5, 'alpha': 0.2}
Train R²: 0.9446, Test R²: 0.8961

Using random_state=64 for training

Best parameter combination:
{'n_estimators': 200, 'min_weight_fraction_leaf': 0.04, 'min_samples_split': 2, 'min_samples_leaf': 7, 'min_impurity_decrease': 0.008, 'max_features': 2, 'max_depth': 2, 'learning_rate': 0.02, 'alpha': 0.92}
Train R²: 0.9028, Test R²: 0.9115

Using random_state=65 for training

Best parameter combination:
{'n_estimators': 200, 'min_weight_fraction_leaf': 0.06, 'min_samples_split': 8, 'min_samples_leaf': 1, 'min_impurity_decrease': 0.008, 'max_features': 1, 'max_depth': 4, 'learning_rate': 0.06, 'alpha': 0.2}
Train R²: 0.9871, Test R²: 0.8887

Using random_state=66 for training

Best parameter combination:
{'n_estimators': 200, 'min_weight_fraction_leaf': 0.08, 'min_samples_split': 4, 'min_samples_leaf': 5, 'min_impurity_decrease': 0.008, 'max_features': 1, 'max_depth': 8, 'learning_rate': 0.06, 'alpha': 0.2}
Train R²: 0.8854, Test R²: 0.9196

Using random_state=67 for training

Best parameter combination:
{'n_estimators': 300, 'min_weight_fraction_leaf': 0.04, 'min_samples_split': 8, 'min_samples_leaf': 1, 'min_impurity_decrease': 0.008, 'max_features': 1, 'max_depth': 6, 'learning_rate': 0.8, 'alpha': 0.9}
Train R²: 0.9933, Test R²: 0.9386

Using random_state=68 for training

Best parameter combination:
{'n_estimators': 300, 'min_weight_fraction_leaf': 0.08, 'min_samples_split': 2, 'min_samples_leaf': 5, 'min_impurity_decrease': 0.01, 'max_features': 1, 'max_depth': 7, 'learning_rate': 0.02, 'alpha': 0.6}
Train R²: 0.9152, Test R²: 0.9433

Using random_state=69 for training

Best parameter combination:
{'n_estimators': 50, 'min_weight_fraction_leaf': 0, 'min_samples_split': 12, 'min_samples_leaf': 1, 'min_impurity_decrease': 0.01, 'max_features': 4, 'max_depth': 9, 'learning_rate': 0.5, 'alpha': 0.8}
Train R²: 0.9873, Test R²: 0.9368

Using random_state=70 for training

Best parameter combination:
{'n_estimators': 200, 'min_weight_fraction_leaf': 0.02, 'min_samples_split': 4, 'min_samples_leaf': 2, 'min_impurity_decrease': 0.01, 'max_features': 4, 'max_depth': 9, 'learning_rate': 0.8, 'alpha': 0.92}
Train R²: 0.9912, Test R²: 0.9567

Using random_state=71 for training

Best parameter combination:
{'n_estimators': 150, 'min_weight_fraction_leaf': 0.02, 'min_samples_split': 4, 'min_samples_leaf': 1, 'min_impurity_decrease': 0.008, 'max_features': 4, 'max_depth': 3, 'learning_rate': 0.06, 'alpha': 0.2}
Train R²: 0.9952, Test R²: 0.9456

Using random_state=72 for training

Best parameter combination:
{'n_estimators': 400, 'min_weight_fraction_leaf': 0.02, 'min_samples_split': 12, 'min_samples_leaf': 2, 'min_impurity_decrease': 0.01, 'max_features': 3, 'max_depth': 8, 'learning_rate': 0.01, 'alpha': 0.7}
Train R²: 0.9657, Test R²: 0.9589

Using random_state=73 for training

Best parameter combination:
{'n_estimators': 250, 'min_weight_fraction_leaf': 0.04, 'min_samples_split': 6, 'min_samples_leaf': 1, 'min_impurity_decrease': 0.008, 'max_features': 8, 'max_depth': 9, 'learning_rate': 0.06, 'alpha': 0.6}
Train R²: 0.9924, Test R²: 0.9158

Using random_state=74 for training

Best parameter combination:
{'n_estimators': 250, 'min_weight_fraction_leaf': 0, 'min_samples_split': 6, 'min_samples_leaf': 2, 'min_impurity_decrease': 0.01, 'max_features': 8, 'max_depth': 7, 'learning_rate': 0.02, 'alpha': 0.7}
Train R²: 0.9827, Test R²: 0.9614

Using random_state=75 for training

Best parameter combination:
{'n_estimators': 300, 'min_weight_fraction_leaf': 0.06, 'min_samples_split': 12, 'min_samples_leaf': 2, 'min_impurity_decrease': 0.01, 'max_features': 1, 'max_depth': 8, 'learning_rate': 0.06, 'alpha': 0.2}
Train R²: 0.9726, Test R²: 0.9401

Using random_state=76 for training

Best parameter combination:
{'n_estimators': 250, 'min_weight_fraction_leaf': 0.04, 'min_samples_split': 10, 'min_samples_leaf': 2, 'min_impurity_decrease': 0.008, 'max_features': 2, 'max_depth': 7, 'learning_rate': 0.02, 'alpha': 0.1}
Train R²: 0.9813, Test R²: 0.9508

Using random_state=77 for training

Best parameter combination:
{'n_estimators': 400, 'min_weight_fraction_leaf': 0.02, 'min_samples_split': 12, 'min_samples_leaf': 5, 'min_impurity_decrease': 0.008, 'max_features': 2, 'max_depth': 5, 'learning_rate': 0.8, 'alpha': 0.1}
Train R²: 0.9438, Test R²: 0.8151

Using random_state=78 for training

Best parameter combination:
{'n_estimators': 400, 'min_weight_fraction_leaf': 0.08, 'min_samples_split': 10, 'min_samples_leaf': 2, 'min_impurity_decrease': 0.008, 'max_features': 12, 'max_depth': 6, 'learning_rate': 0.06, 'alpha': 0.5}
Train R²: 0.9784, Test R²: 0.9004

Using random_state=79 for training

Best parameter combination:
{'n_estimators': 350, 'min_weight_fraction_leaf': 0.08, 'min_samples_split': 4, 'min_samples_leaf': 1, 'min_impurity_decrease': 0.01, 'max_features': 1, 'max_depth': 2, 'learning_rate': 0.8, 'alpha': 0.8}
Train R²: 0.9868, Test R²: 0.8883

Using random_state=80 for training

Best parameter combination:
/home/ggx/software/anaconda3/lib/python3.10/site-packages/sklearn/model_selection/_validation.py:540: FitFailedWarning: 
20 fits failed out of a total of 100.
The score on these train-test partitions for these parameters will be set to nan.
If these failures are not expected, you can try to debug them by setting error_score='raise'.

Below are more details about the failures:
--------------------------------------------------------------------------------
20 fits failed with the following error:
Traceback (most recent call last):
  File "/home/ggx/software/anaconda3/lib/python3.10/site-packages/sklearn/model_selection/_validation.py", line 888, in _fit_and_score
    estimator.fit(X_train, y_train, **fit_params)
  File "/home/ggx/software/anaconda3/lib/python3.10/site-packages/sklearn/base.py", line 1466, in wrapper
    estimator._validate_params()
  File "/home/ggx/software/anaconda3/lib/python3.10/site-packages/sklearn/base.py", line 666, in _validate_params
    validate_parameter_constraints(
  File "/home/ggx/software/anaconda3/lib/python3.10/site-packages/sklearn/utils/_param_validation.py", line 95, in validate_parameter_constraints
    raise InvalidParameterError(
sklearn.utils._param_validation.InvalidParameterError: The 'min_samples_split' parameter of GradientBoostingRegressor must be an int in the range [2, inf) or a float in the range (0.0, 1.0]. Got 1 instead.

  warnings.warn(some_fits_failed_message, FitFailedWarning)
/home/ggx/software/anaconda3/lib/python3.10/site-packages/sklearn/model_selection/_search.py:1102: UserWarning: One or more of the test scores are non-finite: [ 0.50260992  0.53758945  0.63554895         nan         nan  0.46420912
         nan  0.61442343  0.53219833 -0.16159901  0.53062505  0.64231458
  0.53511362 -0.99360565         nan  0.53219833 -0.18133007  0.56549944
  0.56006837 -0.1739633 ]
  warnings.warn(
/home/ggx/software/anaconda3/lib/python3.10/site-packages/sklearn/model_selection/_validation.py:540: FitFailedWarning: 
15 fits failed out of a total of 100.
The score on these train-test partitions for these parameters will be set to nan.
If these failures are not expected, you can try to debug them by setting error_score='raise'.

Below are more details about the failures:
--------------------------------------------------------------------------------
15 fits failed with the following error:
Traceback (most recent call last):
  File "/home/ggx/software/anaconda3/lib/python3.10/site-packages/sklearn/model_selection/_validation.py", line 888, in _fit_and_score
    estimator.fit(X_train, y_train, **fit_params)
  File "/home/ggx/software/anaconda3/lib/python3.10/site-packages/sklearn/base.py", line 1466, in wrapper
    estimator._validate_params()
  File "/home/ggx/software/anaconda3/lib/python3.10/site-packages/sklearn/base.py", line 666, in _validate_params
    validate_parameter_constraints(
  File "/home/ggx/software/anaconda3/lib/python3.10/site-packages/sklearn/utils/_param_validation.py", line 95, in validate_parameter_constraints
    raise InvalidParameterError(
sklearn.utils._param_validation.InvalidParameterError: The 'min_samples_split' parameter of GradientBoostingRegressor must be an int in the range [2, inf) or a float in the range (0.0, 1.0]. Got 1 instead.

  warnings.warn(some_fits_failed_message, FitFailedWarning)
/home/ggx/software/anaconda3/lib/python3.10/site-packages/sklearn/model_selection/_search.py:1102: UserWarning: One or more of the test scores are non-finite: [ 0.73452864 -0.59577435  0.30381687  0.75712378 -1.40847537  0.74384977
         nan  0.6288662   0.74179497 -0.41053738  0.73565978         nan
  0.05089036 -0.65312865  0.73452864 -0.59577435         nan -0.58174228
  0.75443795  0.32917571]
  warnings.warn(
/home/ggx/software/anaconda3/lib/python3.10/site-packages/sklearn/model_selection/_validation.py:540: FitFailedWarning: 
25 fits failed out of a total of 100.
The score on these train-test partitions for these parameters will be set to nan.
If these failures are not expected, you can try to debug them by setting error_score='raise'.

Below are more details about the failures:
--------------------------------------------------------------------------------
25 fits failed with the following error:
Traceback (most recent call last):
  File "/home/ggx/software/anaconda3/lib/python3.10/site-packages/sklearn/model_selection/_validation.py", line 888, in _fit_and_score
    estimator.fit(X_train, y_train, **fit_params)
  File "/home/ggx/software/anaconda3/lib/python3.10/site-packages/sklearn/base.py", line 1466, in wrapper
    estimator._validate_params()
  File "/home/ggx/software/anaconda3/lib/python3.10/site-packages/sklearn/base.py", line 666, in _validate_params
    validate_parameter_constraints(
  File "/home/ggx/software/anaconda3/lib/python3.10/site-packages/sklearn/utils/_param_validation.py", line 95, in validate_parameter_constraints
    raise InvalidParameterError(
sklearn.utils._param_validation.InvalidParameterError: The 'min_samples_split' parameter of GradientBoostingRegressor must be an int in the range [2, inf) or a float in the range (0.0, 1.0]. Got 1 instead.

  warnings.warn(some_fits_failed_message, FitFailedWarning)
/home/ggx/software/anaconda3/lib/python3.10/site-packages/sklearn/model_selection/_search.py:1102: UserWarning: One or more of the test scores are non-finite: [0.80808332 0.5030862  0.7720465  0.78181704 0.54449427        nan
 0.29271962        nan 0.29700505        nan        nan 0.75809503
 0.04993727 0.29271962 0.04128951        nan 0.65861794 0.78272377
 0.75137385 0.77754605]
  warnings.warn(
/home/ggx/software/anaconda3/lib/python3.10/site-packages/sklearn/model_selection/_validation.py:540: FitFailedWarning: 
10 fits failed out of a total of 100.
The score on these train-test partitions for these parameters will be set to nan.
If these failures are not expected, you can try to debug them by setting error_score='raise'.

Below are more details about the failures:
--------------------------------------------------------------------------------
10 fits failed with the following error:
Traceback (most recent call last):
  File "/home/ggx/software/anaconda3/lib/python3.10/site-packages/sklearn/model_selection/_validation.py", line 888, in _fit_and_score
    estimator.fit(X_train, y_train, **fit_params)
  File "/home/ggx/software/anaconda3/lib/python3.10/site-packages/sklearn/base.py", line 1466, in wrapper
    estimator._validate_params()
  File "/home/ggx/software/anaconda3/lib/python3.10/site-packages/sklearn/base.py", line 666, in _validate_params
    validate_parameter_constraints(
  File "/home/ggx/software/anaconda3/lib/python3.10/site-packages/sklearn/utils/_param_validation.py", line 95, in validate_parameter_constraints
    raise InvalidParameterError(
sklearn.utils._param_validation.InvalidParameterError: The 'min_samples_split' parameter of GradientBoostingRegressor must be an int in the range [2, inf) or a float in the range (0.0, 1.0]. Got 1 instead.

  warnings.warn(some_fits_failed_message, FitFailedWarning)
/home/ggx/software/anaconda3/lib/python3.10/site-packages/sklearn/model_selection/_search.py:1102: UserWarning: One or more of the test scores are non-finite: [0.52301196 0.50635272 0.51880339 0.55693074 0.52284799 0.5239677
 0.58490867 0.67892195 0.56768441 0.65613756 0.54720209 0.55126785
 0.63366901 0.59455612 0.63480344 0.67568454 0.67242105        nan
        nan 0.49373257]
  warnings.warn(
/home/ggx/software/anaconda3/lib/python3.10/site-packages/sklearn/model_selection/_validation.py:540: FitFailedWarning: 
10 fits failed out of a total of 100.
The score on these train-test partitions for these parameters will be set to nan.
If these failures are not expected, you can try to debug them by setting error_score='raise'.

Below are more details about the failures:
--------------------------------------------------------------------------------
10 fits failed with the following error:
Traceback (most recent call last):
  File "/home/ggx/software/anaconda3/lib/python3.10/site-packages/sklearn/model_selection/_validation.py", line 888, in _fit_and_score
    estimator.fit(X_train, y_train, **fit_params)
  File "/home/ggx/software/anaconda3/lib/python3.10/site-packages/sklearn/base.py", line 1466, in wrapper
    estimator._validate_params()
  File "/home/ggx/software/anaconda3/lib/python3.10/site-packages/sklearn/base.py", line 666, in _validate_params
    validate_parameter_constraints(
  File "/home/ggx/software/anaconda3/lib/python3.10/site-packages/sklearn/utils/_param_validation.py", line 95, in validate_parameter_constraints
    raise InvalidParameterError(
sklearn.utils._param_validation.InvalidParameterError: The 'min_samples_split' parameter of GradientBoostingRegressor must be an int in the range [2, inf) or a float in the range (0.0, 1.0]. Got 1 instead.

  warnings.warn(some_fits_failed_message, FitFailedWarning)
/home/ggx/software/anaconda3/lib/python3.10/site-packages/sklearn/model_selection/_search.py:1102: UserWarning: One or more of the test scores are non-finite: [-0.04767332         nan -1.85020594 -1.49737237  0.17571719         nan
  0.1445227   0.07907142 -0.13258907 -0.30773786  0.16594679 -1.25585969
  0.19053095  0.15312945 -1.15599539  0.08155815  0.17610425 -1.22137862
 -0.13258907 -1.31977624]
  warnings.warn(
/home/ggx/software/anaconda3/lib/python3.10/site-packages/sklearn/model_selection/_validation.py:540: FitFailedWarning: 
10 fits failed out of a total of 100.
The score on these train-test partitions for these parameters will be set to nan.
If these failures are not expected, you can try to debug them by setting error_score='raise'.

Below are more details about the failures:
--------------------------------------------------------------------------------
10 fits failed with the following error:
Traceback (most recent call last):
  File "/home/ggx/software/anaconda3/lib/python3.10/site-packages/sklearn/model_selection/_validation.py", line 888, in _fit_and_score
    estimator.fit(X_train, y_train, **fit_params)
  File "/home/ggx/software/anaconda3/lib/python3.10/site-packages/sklearn/base.py", line 1466, in wrapper
    estimator._validate_params()
  File "/home/ggx/software/anaconda3/lib/python3.10/site-packages/sklearn/base.py", line 666, in _validate_params
    validate_parameter_constraints(
  File "/home/ggx/software/anaconda3/lib/python3.10/site-packages/sklearn/utils/_param_validation.py", line 95, in validate_parameter_constraints
    raise InvalidParameterError(
sklearn.utils._param_validation.InvalidParameterError: The 'min_samples_split' parameter of GradientBoostingRegressor must be an int in the range [2, inf) or a float in the range (0.0, 1.0]. Got 1 instead.

  warnings.warn(some_fits_failed_message, FitFailedWarning)
/home/ggx/software/anaconda3/lib/python3.10/site-packages/sklearn/model_selection/_search.py:1102: UserWarning: One or more of the test scores are non-finite: [0.85509985        nan 0.93581659 0.40496063 0.56307854 0.85208043
 0.40496063 0.54510375        nan 0.40560335 0.81740949 0.90223523
 0.93971806 0.9008522  0.83548812 0.86180102 0.58290948 0.89738536
 0.89681189 0.93263797]
  warnings.warn(
/home/ggx/software/anaconda3/lib/python3.10/site-packages/sklearn/model_selection/_validation.py:540: FitFailedWarning: 
10 fits failed out of a total of 100.
The score on these train-test partitions for these parameters will be set to nan.
If these failures are not expected, you can try to debug them by setting error_score='raise'.

Below are more details about the failures:
--------------------------------------------------------------------------------
10 fits failed with the following error:
Traceback (most recent call last):
  File "/home/ggx/software/anaconda3/lib/python3.10/site-packages/sklearn/model_selection/_validation.py", line 888, in _fit_and_score
    estimator.fit(X_train, y_train, **fit_params)
  File "/home/ggx/software/anaconda3/lib/python3.10/site-packages/sklearn/base.py", line 1466, in wrapper
    estimator._validate_params()
  File "/home/ggx/software/anaconda3/lib/python3.10/site-packages/sklearn/base.py", line 666, in _validate_params
    validate_parameter_constraints(
  File "/home/ggx/software/anaconda3/lib/python3.10/site-packages/sklearn/utils/_param_validation.py", line 95, in validate_parameter_constraints
    raise InvalidParameterError(
sklearn.utils._param_validation.InvalidParameterError: The 'min_samples_split' parameter of GradientBoostingRegressor must be an int in the range [2, inf) or a float in the range (0.0, 1.0]. Got 1 instead.

  warnings.warn(some_fits_failed_message, FitFailedWarning)
/home/ggx/software/anaconda3/lib/python3.10/site-packages/sklearn/model_selection/_search.py:1102: UserWarning: One or more of the test scores are non-finite: [0.82335392 0.47904039 0.82939745        nan 0.88962316 0.66625808
 0.74327696 0.82024301 0.37217992 0.52139616 0.52139616 0.81381195
 0.72820613 0.50598975 0.51414202 0.56175529        nan 0.8832305
 0.89731742 0.56123407]
  warnings.warn(
/home/ggx/software/anaconda3/lib/python3.10/site-packages/sklearn/model_selection/_validation.py:540: FitFailedWarning: 
20 fits failed out of a total of 100.
The score on these train-test partitions for these parameters will be set to nan.
If these failures are not expected, you can try to debug them by setting error_score='raise'.

Below are more details about the failures:
--------------------------------------------------------------------------------
20 fits failed with the following error:
Traceback (most recent call last):
  File "/home/ggx/software/anaconda3/lib/python3.10/site-packages/sklearn/model_selection/_validation.py", line 888, in _fit_and_score
    estimator.fit(X_train, y_train, **fit_params)
  File "/home/ggx/software/anaconda3/lib/python3.10/site-packages/sklearn/base.py", line 1466, in wrapper
    estimator._validate_params()
  File "/home/ggx/software/anaconda3/lib/python3.10/site-packages/sklearn/base.py", line 666, in _validate_params
    validate_parameter_constraints(
  File "/home/ggx/software/anaconda3/lib/python3.10/site-packages/sklearn/utils/_param_validation.py", line 95, in validate_parameter_constraints
    raise InvalidParameterError(
sklearn.utils._param_validation.InvalidParameterError: The 'min_samples_split' parameter of GradientBoostingRegressor must be an int in the range [2, inf) or a float in the range (0.0, 1.0]. Got 1 instead.

  warnings.warn(some_fits_failed_message, FitFailedWarning)
/home/ggx/software/anaconda3/lib/python3.10/site-packages/sklearn/model_selection/_search.py:1102: UserWarning: One or more of the test scores are non-finite: [ 0.70604459  0.70793383 -2.14663034  0.78405452         nan  0.70656285
  0.73308799  0.70388794  0.87312979  0.77834251  0.80283643         nan
  0.67018339  0.43688343  0.89214061         nan  0.88458231  0.88925678
  0.70018608         nan]
  warnings.warn(
/home/ggx/software/anaconda3/lib/python3.10/site-packages/sklearn/model_selection/_validation.py:540: FitFailedWarning: 
15 fits failed out of a total of 100.
The score on these train-test partitions for these parameters will be set to nan.
If these failures are not expected, you can try to debug them by setting error_score='raise'.

Below are more details about the failures:
--------------------------------------------------------------------------------
15 fits failed with the following error:
Traceback (most recent call last):
  File "/home/ggx/software/anaconda3/lib/python3.10/site-packages/sklearn/model_selection/_validation.py", line 888, in _fit_and_score
    estimator.fit(X_train, y_train, **fit_params)
  File "/home/ggx/software/anaconda3/lib/python3.10/site-packages/sklearn/base.py", line 1466, in wrapper
    estimator._validate_params()
  File "/home/ggx/software/anaconda3/lib/python3.10/site-packages/sklearn/base.py", line 666, in _validate_params
    validate_parameter_constraints(
  File "/home/ggx/software/anaconda3/lib/python3.10/site-packages/sklearn/utils/_param_validation.py", line 95, in validate_parameter_constraints
    raise InvalidParameterError(
sklearn.utils._param_validation.InvalidParameterError: The 'min_samples_split' parameter of GradientBoostingRegressor must be an int in the range [2, inf) or a float in the range (0.0, 1.0]. Got 1 instead.

  warnings.warn(some_fits_failed_message, FitFailedWarning)
/home/ggx/software/anaconda3/lib/python3.10/site-packages/sklearn/model_selection/_search.py:1102: UserWarning: One or more of the test scores are non-finite: [        nan  0.21324598 -0.71661803  0.76463758  0.75106655  0.11815108
  0.70442133  0.66949749  0.74881824  0.76675191  0.74069287         nan
         nan  0.25877364  0.76470633  0.66949749  0.66204034  0.77899489
  0.74417265  0.55299707]
  warnings.warn(
/home/ggx/software/anaconda3/lib/python3.10/site-packages/sklearn/model_selection/_validation.py:540: FitFailedWarning: 
10 fits failed out of a total of 100.
The score on these train-test partitions for these parameters will be set to nan.
If these failures are not expected, you can try to debug them by setting error_score='raise'.

Below are more details about the failures:
--------------------------------------------------------------------------------
10 fits failed with the following error:
Traceback (most recent call last):
  File "/home/ggx/software/anaconda3/lib/python3.10/site-packages/sklearn/model_selection/_validation.py", line 888, in _fit_and_score
    estimator.fit(X_train, y_train, **fit_params)
  File "/home/ggx/software/anaconda3/lib/python3.10/site-packages/sklearn/base.py", line 1466, in wrapper
    estimator._validate_params()
  File "/home/ggx/software/anaconda3/lib/python3.10/site-packages/sklearn/base.py", line 666, in _validate_params
    validate_parameter_constraints(
  File "/home/ggx/software/anaconda3/lib/python3.10/site-packages/sklearn/utils/_param_validation.py", line 95, in validate_parameter_constraints
    raise InvalidParameterError(
sklearn.utils._param_validation.InvalidParameterError: The 'min_samples_split' parameter of GradientBoostingRegressor must be an int in the range [2, inf) or a float in the range (0.0, 1.0]. Got 1 instead.

  warnings.warn(some_fits_failed_message, FitFailedWarning)
/home/ggx/software/anaconda3/lib/python3.10/site-packages/sklearn/model_selection/_search.py:1102: UserWarning: One or more of the test scores are non-finite: [ 0.60996132  0.64986493 -0.46503023  0.55370405         nan  0.65790679
  0.53721995  0.67847419 -0.47106185  0.42248031         nan  0.5378552
 -0.75257061  0.67102645 -0.82801278  0.53683747  0.72344819 -0.77638396
  0.53736793 -0.46503023]
  warnings.warn(
/home/ggx/software/anaconda3/lib/python3.10/site-packages/sklearn/model_selection/_validation.py:540: FitFailedWarning: 
20 fits failed out of a total of 100.
The score on these train-test partitions for these parameters will be set to nan.
If these failures are not expected, you can try to debug them by setting error_score='raise'.

Below are more details about the failures:
--------------------------------------------------------------------------------
20 fits failed with the following error:
Traceback (most recent call last):
  File "/home/ggx/software/anaconda3/lib/python3.10/site-packages/sklearn/model_selection/_validation.py", line 888, in _fit_and_score
    estimator.fit(X_train, y_train, **fit_params)
  File "/home/ggx/software/anaconda3/lib/python3.10/site-packages/sklearn/base.py", line 1466, in wrapper
    estimator._validate_params()
  File "/home/ggx/software/anaconda3/lib/python3.10/site-packages/sklearn/base.py", line 666, in _validate_params
    validate_parameter_constraints(
  File "/home/ggx/software/anaconda3/lib/python3.10/site-packages/sklearn/utils/_param_validation.py", line 95, in validate_parameter_constraints
    raise InvalidParameterError(
sklearn.utils._param_validation.InvalidParameterError: The 'min_samples_split' parameter of GradientBoostingRegressor must be an int in the range [2, inf) or a float in the range (0.0, 1.0]. Got 1 instead.

  warnings.warn(some_fits_failed_message, FitFailedWarning)
/home/ggx/software/anaconda3/lib/python3.10/site-packages/sklearn/model_selection/_search.py:1102: UserWarning: One or more of the test scores are non-finite: [ 0.75625892 -0.27543842         nan -0.21401622  0.70761509  0.77784774
  0.79832991  0.6537382  -0.3056876   0.72538409  0.73010737         nan
 -0.29473349 -0.22143148         nan -0.27543842         nan  0.4662437
  0.78779366  0.78210261]
  warnings.warn(
/home/ggx/software/anaconda3/lib/python3.10/site-packages/sklearn/model_selection/_validation.py:540: FitFailedWarning: 
15 fits failed out of a total of 100.
The score on these train-test partitions for these parameters will be set to nan.
If these failures are not expected, you can try to debug them by setting error_score='raise'.

Below are more details about the failures:
--------------------------------------------------------------------------------
15 fits failed with the following error:
Traceback (most recent call last):
  File "/home/ggx/software/anaconda3/lib/python3.10/site-packages/sklearn/model_selection/_validation.py", line 888, in _fit_and_score
    estimator.fit(X_train, y_train, **fit_params)
  File "/home/ggx/software/anaconda3/lib/python3.10/site-packages/sklearn/base.py", line 1466, in wrapper
    estimator._validate_params()
  File "/home/ggx/software/anaconda3/lib/python3.10/site-packages/sklearn/base.py", line 666, in _validate_params
    validate_parameter_constraints(
  File "/home/ggx/software/anaconda3/lib/python3.10/site-packages/sklearn/utils/_param_validation.py", line 95, in validate_parameter_constraints
    raise InvalidParameterError(
sklearn.utils._param_validation.InvalidParameterError: The 'min_samples_split' parameter of GradientBoostingRegressor must be an int in the range [2, inf) or a float in the range (0.0, 1.0]. Got 1 instead.

  warnings.warn(some_fits_failed_message, FitFailedWarning)
/home/ggx/software/anaconda3/lib/python3.10/site-packages/sklearn/model_selection/_search.py:1102: UserWarning: One or more of the test scores are non-finite: [        nan         nan  0.50980367  0.65459364  0.62522583 -0.51380808
  0.63609168  0.69059886 -1.17970592  0.34685558         nan  0.70848535
  0.59961181  0.39246282  0.62505471  0.59495071  0.51453346  0.60348297
  0.65534545  0.56889948]
  warnings.warn(
/home/ggx/software/anaconda3/lib/python3.10/site-packages/sklearn/model_selection/_validation.py:540: FitFailedWarning: 
20 fits failed out of a total of 100.
The score on these train-test partitions for these parameters will be set to nan.
If these failures are not expected, you can try to debug them by setting error_score='raise'.

Below are more details about the failures:
--------------------------------------------------------------------------------
20 fits failed with the following error:
Traceback (most recent call last):
  File "/home/ggx/software/anaconda3/lib/python3.10/site-packages/sklearn/model_selection/_validation.py", line 888, in _fit_and_score
    estimator.fit(X_train, y_train, **fit_params)
  File "/home/ggx/software/anaconda3/lib/python3.10/site-packages/sklearn/base.py", line 1466, in wrapper
    estimator._validate_params()
  File "/home/ggx/software/anaconda3/lib/python3.10/site-packages/sklearn/base.py", line 666, in _validate_params
    validate_parameter_constraints(
  File "/home/ggx/software/anaconda3/lib/python3.10/site-packages/sklearn/utils/_param_validation.py", line 95, in validate_parameter_constraints
    raise InvalidParameterError(
sklearn.utils._param_validation.InvalidParameterError: The 'min_samples_split' parameter of GradientBoostingRegressor must be an int in the range [2, inf) or a float in the range (0.0, 1.0]. Got 1 instead.

  warnings.warn(some_fits_failed_message, FitFailedWarning)
/home/ggx/software/anaconda3/lib/python3.10/site-packages/sklearn/model_selection/_search.py:1102: UserWarning: One or more of the test scores are non-finite: [ 0.69548985  0.70280256  0.09971128 -0.05961347  0.54724811         nan
  0.66319121         nan  0.64715573  0.71044562 -0.84812781  0.66559087
  0.69151428  0.00323563  0.64103793 -0.02511693  0.66357664         nan
         nan  0.6834846 ]
  warnings.warn(
/home/ggx/software/anaconda3/lib/python3.10/site-packages/sklearn/model_selection/_validation.py:540: FitFailedWarning: 
10 fits failed out of a total of 100.
The score on these train-test partitions for these parameters will be set to nan.
If these failures are not expected, you can try to debug them by setting error_score='raise'.

Below are more details about the failures:
--------------------------------------------------------------------------------
10 fits failed with the following error:
Traceback (most recent call last):
  File "/home/ggx/software/anaconda3/lib/python3.10/site-packages/sklearn/model_selection/_validation.py", line 888, in _fit_and_score
    estimator.fit(X_train, y_train, **fit_params)
  File "/home/ggx/software/anaconda3/lib/python3.10/site-packages/sklearn/base.py", line 1466, in wrapper
    estimator._validate_params()
  File "/home/ggx/software/anaconda3/lib/python3.10/site-packages/sklearn/base.py", line 666, in _validate_params
    validate_parameter_constraints(
  File "/home/ggx/software/anaconda3/lib/python3.10/site-packages/sklearn/utils/_param_validation.py", line 95, in validate_parameter_constraints
    raise InvalidParameterError(
sklearn.utils._param_validation.InvalidParameterError: The 'min_samples_split' parameter of GradientBoostingRegressor must be an int in the range [2, inf) or a float in the range (0.0, 1.0]. Got 1 instead.

  warnings.warn(some_fits_failed_message, FitFailedWarning)
/home/ggx/software/anaconda3/lib/python3.10/site-packages/sklearn/model_selection/_search.py:1102: UserWarning: One or more of the test scores are non-finite: [ 0.45656718  0.41043595  0.59778975  0.40990495  0.45656718  0.54137567
  0.54111272         nan -0.60844231  0.59991362  0.61145434  0.61186719
  0.32343453 -0.89636762  0.54469422 -0.82885528  0.59424334  0.4094279
  0.5895518          nan]
  warnings.warn(
/home/ggx/software/anaconda3/lib/python3.10/site-packages/sklearn/model_selection/_validation.py:540: FitFailedWarning: 
20 fits failed out of a total of 100.
The score on these train-test partitions for these parameters will be set to nan.
If these failures are not expected, you can try to debug them by setting error_score='raise'.

Below are more details about the failures:
--------------------------------------------------------------------------------
20 fits failed with the following error:
Traceback (most recent call last):
  File "/home/ggx/software/anaconda3/lib/python3.10/site-packages/sklearn/model_selection/_validation.py", line 888, in _fit_and_score
    estimator.fit(X_train, y_train, **fit_params)
  File "/home/ggx/software/anaconda3/lib/python3.10/site-packages/sklearn/base.py", line 1466, in wrapper
    estimator._validate_params()
  File "/home/ggx/software/anaconda3/lib/python3.10/site-packages/sklearn/base.py", line 666, in _validate_params
    validate_parameter_constraints(
  File "/home/ggx/software/anaconda3/lib/python3.10/site-packages/sklearn/utils/_param_validation.py", line 95, in validate_parameter_constraints
    raise InvalidParameterError(
sklearn.utils._param_validation.InvalidParameterError: The 'min_samples_split' parameter of GradientBoostingRegressor must be an int in the range [2, inf) or a float in the range (0.0, 1.0]. Got 1 instead.

  warnings.warn(some_fits_failed_message, FitFailedWarning)
/home/ggx/software/anaconda3/lib/python3.10/site-packages/sklearn/model_selection/_search.py:1102: UserWarning: One or more of the test scores are non-finite: [-0.03451736         nan  0.73817452 -0.11698337  0.68490162  0.78798183
         nan  0.78798183 -0.03374906 -0.2295406  -0.22073909  0.84423497
 -0.21051891  0.82120445  0.79317968  0.85736966         nan -0.23126153
  0.84757994         nan]
  warnings.warn(
/home/ggx/software/anaconda3/lib/python3.10/site-packages/sklearn/model_selection/_validation.py:540: FitFailedWarning: 
30 fits failed out of a total of 100.
The score on these train-test partitions for these parameters will be set to nan.
If these failures are not expected, you can try to debug them by setting error_score='raise'.

Below are more details about the failures:
--------------------------------------------------------------------------------
30 fits failed with the following error:
Traceback (most recent call last):
  File "/home/ggx/software/anaconda3/lib/python3.10/site-packages/sklearn/model_selection/_validation.py", line 888, in _fit_and_score
    estimator.fit(X_train, y_train, **fit_params)
  File "/home/ggx/software/anaconda3/lib/python3.10/site-packages/sklearn/base.py", line 1466, in wrapper
    estimator._validate_params()
  File "/home/ggx/software/anaconda3/lib/python3.10/site-packages/sklearn/base.py", line 666, in _validate_params
    validate_parameter_constraints(
  File "/home/ggx/software/anaconda3/lib/python3.10/site-packages/sklearn/utils/_param_validation.py", line 95, in validate_parameter_constraints
    raise InvalidParameterError(
sklearn.utils._param_validation.InvalidParameterError: The 'min_samples_split' parameter of GradientBoostingRegressor must be an int in the range [2, inf) or a float in the range (0.0, 1.0]. Got 1 instead.

  warnings.warn(some_fits_failed_message, FitFailedWarning)
/home/ggx/software/anaconda3/lib/python3.10/site-packages/sklearn/model_selection/_search.py:1102: UserWarning: One or more of the test scores are non-finite: [ 0.31311287  0.65095285  0.89794418  0.86093505         nan         nan
  0.33130894         nan  0.87998383         nan  0.84250131         nan
  0.65850741 -0.1037577          nan  0.70432681  0.84609552  0.63031634
  0.84801331  0.87764472]
  warnings.warn(
/home/ggx/software/anaconda3/lib/python3.10/site-packages/sklearn/model_selection/_validation.py:540: FitFailedWarning: 
20 fits failed out of a total of 100.
The score on these train-test partitions for these parameters will be set to nan.
If these failures are not expected, you can try to debug them by setting error_score='raise'.

Below are more details about the failures:
--------------------------------------------------------------------------------
20 fits failed with the following error:
Traceback (most recent call last):
  File "/home/ggx/software/anaconda3/lib/python3.10/site-packages/sklearn/model_selection/_validation.py", line 888, in _fit_and_score
    estimator.fit(X_train, y_train, **fit_params)
  File "/home/ggx/software/anaconda3/lib/python3.10/site-packages/sklearn/base.py", line 1466, in wrapper
    estimator._validate_params()
  File "/home/ggx/software/anaconda3/lib/python3.10/site-packages/sklearn/base.py", line 666, in _validate_params
    validate_parameter_constraints(
  File "/home/ggx/software/anaconda3/lib/python3.10/site-packages/sklearn/utils/_param_validation.py", line 95, in validate_parameter_constraints
    raise InvalidParameterError(
sklearn.utils._param_validation.InvalidParameterError: The 'min_samples_split' parameter of GradientBoostingRegressor must be an int in the range [2, inf) or a float in the range (0.0, 1.0]. Got 1 instead.

  warnings.warn(some_fits_failed_message, FitFailedWarning)
/home/ggx/software/anaconda3/lib/python3.10/site-packages/sklearn/model_selection/_search.py:1102: UserWarning: One or more of the test scores are non-finite: [0.91184943 0.76959646 0.90804704 0.77762817 0.90183518 0.84879017
 0.85179489 0.49146205        nan 0.9128851  0.51953604 0.79341089
 0.75669742 0.49225795 0.37570846        nan 0.504912   0.90878997
        nan        nan]
  warnings.warn(
/home/ggx/software/anaconda3/lib/python3.10/site-packages/sklearn/model_selection/_validation.py:540: FitFailedWarning: 
15 fits failed out of a total of 100.
The score on these train-test partitions for these parameters will be set to nan.
If these failures are not expected, you can try to debug them by setting error_score='raise'.

Below are more details about the failures:
--------------------------------------------------------------------------------
15 fits failed with the following error:
Traceback (most recent call last):
  File "/home/ggx/software/anaconda3/lib/python3.10/site-packages/sklearn/model_selection/_validation.py", line 888, in _fit_and_score
    estimator.fit(X_train, y_train, **fit_params)
  File "/home/ggx/software/anaconda3/lib/python3.10/site-packages/sklearn/base.py", line 1466, in wrapper
    estimator._validate_params()
  File "/home/ggx/software/anaconda3/lib/python3.10/site-packages/sklearn/base.py", line 666, in _validate_params
    validate_parameter_constraints(
  File "/home/ggx/software/anaconda3/lib/python3.10/site-packages/sklearn/utils/_param_validation.py", line 95, in validate_parameter_constraints
    raise InvalidParameterError(
sklearn.utils._param_validation.InvalidParameterError: The 'min_samples_split' parameter of GradientBoostingRegressor must be an int in the range [2, inf) or a float in the range (0.0, 1.0]. Got 1 instead.

  warnings.warn(some_fits_failed_message, FitFailedWarning)
/home/ggx/software/anaconda3/lib/python3.10/site-packages/sklearn/model_selection/_search.py:1102: UserWarning: One or more of the test scores are non-finite: [        nan  0.80973312  0.85787994  0.84465446  0.3464722  -0.39590923
  0.77537123  0.80936719         nan         nan -0.2866156   0.7568245
  0.78152845 -0.38765968 -0.53258944  0.51436526  0.65169019  0.82205297
  0.82106534  0.83369994]
  warnings.warn(
{'n_estimators': 250, 'min_weight_fraction_leaf': 0.02, 'min_samples_split': 2, 'min_samples_leaf': 5, 'min_impurity_decrease': 0.008, 'max_features': 3, 'max_depth': 8, 'learning_rate': 0.8, 'alpha': 0.2}
Train R²: 0.9444, Test R²: 0.8375

Using random_state=81 for training

Best parameter combination:
{'n_estimators': 100, 'min_weight_fraction_leaf': 0.08, 'min_samples_split': 12, 'min_samples_leaf': 2, 'min_impurity_decrease': 0.008, 'max_features': 8, 'max_depth': 2, 'learning_rate': 0.06, 'alpha': 0.7}
Train R²: 0.9825, Test R²: 0.9218

Using random_state=82 for training

Best parameter combination:
{'n_estimators': 400, 'min_weight_fraction_leaf': 0.04, 'min_samples_split': 6, 'min_samples_leaf': 1, 'min_impurity_decrease': 0.01, 'max_features': 2, 'max_depth': 6, 'learning_rate': 0.01, 'alpha': 0.92}
Train R²: 0.9829, Test R²: 0.9259

Using random_state=83 for training

Best parameter combination:
{'n_estimators': 300, 'min_weight_fraction_leaf': 0.02, 'min_samples_split': 10, 'min_samples_leaf': 1, 'min_impurity_decrease': 0.008, 'max_features': 12, 'max_depth': 6, 'learning_rate': 0.5, 'alpha': 0.8}
Train R²: 0.9938, Test R²: 0.9137

Using random_state=84 for training

Best parameter combination:
{'n_estimators': 250, 'min_weight_fraction_leaf': 0.02, 'min_samples_split': 10, 'min_samples_leaf': 1, 'min_impurity_decrease': 0.008, 'max_features': 6, 'max_depth': 2, 'learning_rate': 0.06, 'alpha': 0.6}
Train R²: 0.9882, Test R²: 0.9497

Using random_state=85 for training

Best parameter combination:
{'n_estimators': 250, 'min_weight_fraction_leaf': 0, 'min_samples_split': 2, 'min_samples_leaf': 2, 'min_impurity_decrease': 0.008, 'max_features': 8, 'max_depth': 3, 'learning_rate': 0.02, 'alpha': 0.8}
Train R²: 0.9829, Test R²: 0.8990

Using random_state=86 for training

Best parameter combination:
{'n_estimators': 250, 'min_weight_fraction_leaf': 0.08, 'min_samples_split': 2, 'min_samples_leaf': 2, 'min_impurity_decrease': 0.008, 'max_features': 8, 'max_depth': 8, 'learning_rate': 0.02, 'alpha': 0.2}
Train R²: 0.9918, Test R²: 0.8542

Using random_state=87 for training

Best parameter combination:
{'n_estimators': 100, 'min_weight_fraction_leaf': 0, 'min_samples_split': 6, 'min_samples_leaf': 2, 'min_impurity_decrease': 0.01, 'max_features': 8, 'max_depth': 4, 'learning_rate': 0.8, 'alpha': 0.92}
Train R²: 0.9894, Test R²: 0.9245

Using random_state=88 for training

Best parameter combination:
{'n_estimators': 350, 'min_weight_fraction_leaf': 0.02, 'min_samples_split': 4, 'min_samples_leaf': 1, 'min_impurity_decrease': 0.01, 'max_features': 1, 'max_depth': 7, 'learning_rate': 0.02, 'alpha': 0.2}
Train R²: 0.9928, Test R²: 0.9329

Using random_state=89 for training

Best parameter combination:
{'n_estimators': 400, 'min_weight_fraction_leaf': 0.02, 'min_samples_split': 10, 'min_samples_leaf': 1, 'min_impurity_decrease': 0.008, 'max_features': 6, 'max_depth': 7, 'learning_rate': 0.06, 'alpha': 0.92}
Train R²: 0.9879, Test R²: 0.9543

Using random_state=90 for training

Best parameter combination:
{'n_estimators': 250, 'min_weight_fraction_leaf': 0.08, 'min_samples_split': 12, 'min_samples_leaf': 1, 'min_impurity_decrease': 0.01, 'max_features': 1, 'max_depth': 6, 'learning_rate': 0.01, 'alpha': 0.7}
Train R²: 0.9745, Test R²: 0.9257

Using random_state=91 for training

Best parameter combination:
{'n_estimators': 450, 'min_weight_fraction_leaf': 0.06, 'min_samples_split': 8, 'min_samples_leaf': 2, 'min_impurity_decrease': 0.01, 'max_features': 1, 'max_depth': 2, 'learning_rate': 0.02, 'alpha': 0.6}
Train R²: 0.9792, Test R²: 0.9477

Using random_state=92 for training

Best parameter combination:
{'n_estimators': 50, 'min_weight_fraction_leaf': 0.06, 'min_samples_split': 6, 'min_samples_leaf': 1, 'min_impurity_decrease': 0.01, 'max_features': 1, 'max_depth': 9, 'learning_rate': 0.06, 'alpha': 0.7}
Train R²: 0.9828, Test R²: 0.8466

Using random_state=93 for training

Best parameter combination:
{'n_estimators': 400, 'min_weight_fraction_leaf': 0.08, 'min_samples_split': 8, 'min_samples_leaf': 1, 'min_impurity_decrease': 0.008, 'max_features': 8, 'max_depth': 6, 'learning_rate': 0.8, 'alpha': 0.92}
Train R²: 0.9903, Test R²: 0.8430

Using random_state=94 for training

Best parameter combination:
{'n_estimators': 450, 'min_weight_fraction_leaf': 0.04, 'min_samples_split': 12, 'min_samples_leaf': 1, 'min_impurity_decrease': 0.01, 'max_features': 8, 'max_depth': 2, 'learning_rate': 0.5, 'alpha': 0.5}
Train R²: 0.9860, Test R²: 0.9563

Using random_state=95 for training

Best parameter combination:
{'n_estimators': 200, 'min_weight_fraction_leaf': 0.06, 'min_samples_split': 6, 'min_samples_leaf': 1, 'min_impurity_decrease': 0.01, 'max_features': 1, 'max_depth': 9, 'learning_rate': 0.01, 'alpha': 0.5}
Train R²: 0.9535, Test R²: 0.9546

Using random_state=96 for training

Best parameter combination:
{'n_estimators': 200, 'min_weight_fraction_leaf': 0.04, 'min_samples_split': 6, 'min_samples_leaf': 1, 'min_impurity_decrease': 0.008, 'max_features': 8, 'max_depth': 9, 'learning_rate': 0.06, 'alpha': 0.92}
Train R²: 0.9933, Test R²: 0.9075

Using random_state=97 for training

Best parameter combination:
{'n_estimators': 450, 'min_weight_fraction_leaf': 0.02, 'min_samples_split': 2, 'min_samples_leaf': 1, 'min_impurity_decrease': 0.008, 'max_features': 1, 'max_depth': 7, 'learning_rate': 0.06, 'alpha': 0.2}
Train R²: 0.9915, Test R²: 0.9202

Using random_state=98 for training

Best parameter combination:
{'n_estimators': 450, 'min_weight_fraction_leaf': 0.02, 'min_samples_split': 2, 'min_samples_leaf': 2, 'min_impurity_decrease': 0.008, 'max_features': 3, 'max_depth': 2, 'learning_rate': 0.5, 'alpha': 0.92}
Train R²: 0.9833, Test R²: 0.9185

Using random_state=99 for training

Best parameter combination:
{'n_estimators': 150, 'min_weight_fraction_leaf': 0, 'min_samples_split': 6, 'min_samples_leaf': 1, 'min_impurity_decrease': 0.008, 'max_features': 3, 'max_depth': 8, 'learning_rate': 0.8, 'alpha': 0.9}
Train R²: 0.9950, Test R²: 0.9259

================================================================================
🎯 BEST GRADIENT BOOSTING MODEL PARAMETERS AND PERFORMANCE SUMMARY
================================================================================

📊 Best Random State: 45
📈 Dataset Size: 37 samples, 2 features

🔧 OPTIMAL HYPERPARAMETERS:
--------------------------------------------------
  n_estimators             : 300
  min_weight_fraction_leaf : 0.06
  min_samples_split        : 12
  min_samples_leaf         : 1
  min_impurity_decrease    : 0.008
  max_features             : 4
  max_depth                : 8
  learning_rate            : 0.06
  alpha                    : 0.5

📊 MODEL PERFORMANCE:
--------------------------------------------------
Metric          | Training     | Testing      | Description
--------------- | ------------ | ------------ | ------------------------------
R² Score        |       0.9773 |       0.9727 | Closer to 1 is better
MAE             |       0.0578 |       0.0615 | Lower is better
RMSE            |       0.0707 |       0.0756 | Lower is better
MSE             |       0.0050 |       0.0057 | Lower is better

📈 PERFORMANCE ANALYSIS:
--------------------------------------------------
Overfitting Gap (Train R² - Test R²): 0.0046
✅ Status: Well-balanced model with good generalization
🎉 Excellent: Model explains over 90% of variance in test data

💾 Model saved as: /home/ggx/wls/DAC-code/CR-X/HCOOH-C/GBR/ST/best_model.pkl
🔧 Scaler saved as: /home/ggx/wls/DAC-code/CR-X/HCOOH-C/GBR/ST/best_scaler.pkl

📄 Detailed summary saved to: /home/ggx/wls/DAC-code/CR-X/HCOOH-C/GBR/ST/best_gbr_model_summary.txt

⏱️  Total execution time: 3.03 minutes

📊 Generating visualizations...
✅ Scatter plot saved as: /home/ggx/wls/DAC-code/CR-X/HCOOH-C/GBR/ST/best_gbr_model_scatter_plot.png
✅ R² comparison plot saved as: /home/ggx/wls/DAC-code/CR-X/HCOOH-C/GBR/ST/gbr_train_vs_test_r2_comparison.png
🔍 Performing SHAP analysis...
✅ SHAP analysis plot saved as: /home/ggx/wls/DAC-code/CR-X/HCOOH-C/GBR/ST/best_gbr_model_shap_analysis.png

================================================================================
🎉 ALL GRADIENT BOOSTING ANALYSES COMPLETED SUCCESSFULLY!
================================================================================
